,n_components,absorption_ratio
2002-02-05,105.0,0.7442482861453655
2002-02-06,105.0,0.7442482861453655
2002-02-07,105.0,0.7442482861453655
2002-02-08,105.0,0.7442482861453655
2002-02-11,105.0,0.7442482861453655
2002-02-12,105.0,0.7442482861453655
2002-02-13,105.0,0.7442482861453655
2002-02-14,105.0,0.7442482861453655
2002-02-15,105.0,0.7442482861453655
2002-02-19,105.0,0.7442482861453655
2002-02-20,105.0,0.7442482861453655
2002-02-21,105.0,0.7442482861453655
2002-02-22,105.0,0.7442482861453655
2002-02-25,105.0,0.7442482861453655
2002-02-26,105.0,0.7442482861453655
2002-02-27,105.0,0.7442482861453655
2002-02-28,105.0,0.7442482861453655
2002-03-01,105.0,0.7442482861453655
2002-03-04,105.0,0.7442482861453655
2002-03-05,105.0,0.7442482861453655
2002-03-06,105.0,0.7442482861453655
2002-03-07,104.0,0.7477324156398848
2002-03-08,104.0,0.7477324156398848
2002-03-11,104.0,0.7477324156398848
2002-03-12,104.0,0.7477324156398848
2002-03-13,104.0,0.7477324156398848
2002-03-14,104.0,0.7477324156398848
2002-03-15,104.0,0.7477324156398848
2002-03-18,104.0,0.7477324156398848
2002-03-19,104.0,0.7477324156398848
2002-03-20,104.0,0.7477324156398848
2002-03-21,104.0,0.7477324156398848
2002-03-22,104.0,0.7477324156398848
2002-03-25,104.0,0.7477324156398848
2002-03-26,104.0,0.7477324156398848
2002-03-27,104.0,0.7477324156398848
2002-03-28,104.0,0.7477324156398848
2002-04-01,104.0,0.7477324156398848
2002-04-02,104.0,0.7477324156398848
2002-04-03,104.0,0.7477324156398848
2002-04-04,104.0,0.7477324156398848
2002-04-05,104.0,0.7477324156398848
2002-04-08,105.0,0.7457975286684542
2002-04-09,105.0,0.7457975286684542
2002-04-10,105.0,0.7457975286684542
2002-04-11,105.0,0.7457975286684542
2002-04-12,105.0,0.7457975286684542
2002-04-15,105.0,0.7457975286684542
2002-04-16,105.0,0.7457975286684542
2002-04-17,105.0,0.7457975286684542
2002-04-18,105.0,0.7457975286684542
2002-04-19,105.0,0.7457975286684542
2002-04-22,105.0,0.7457975286684542
2002-04-23,105.0,0.7457975286684542
2002-04-24,105.0,0.7457975286684542
2002-04-25,105.0,0.7457975286684542
2002-04-26,105.0,0.7457975286684542
2002-04-29,105.0,0.7457975286684542
2002-04-30,105.0,0.7457975286684542
2002-05-01,105.0,0.7457975286684542
2002-05-02,105.0,0.7457975286684542
2002-05-03,105.0,0.7457975286684542
2002-05-06,105.0,0.7457975286684542
2002-05-07,105.0,0.7436577225839207
2002-05-08,105.0,0.7436577225839207
2002-05-09,105.0,0.7436577225839207
2002-05-10,105.0,0.7436577225839207
2002-05-13,105.0,0.7436577225839207
2002-05-14,105.0,0.7436577225839207
2002-05-15,105.0,0.7436577225839207
2002-05-16,105.0,0.7436577225839207
2002-05-17,105.0,0.7436577225839207
2002-05-20,105.0,0.7436577225839207
2002-05-21,105.0,0.7436577225839207
2002-05-22,105.0,0.7436577225839207
2002-05-23,105.0,0.7436577225839207
2002-05-24,105.0,0.7436577225839207
2002-05-28,105.0,0.7436577225839207
2002-05-29,105.0,0.7436577225839207
2002-05-30,105.0,0.7436577225839207
2002-05-31,105.0,0.7436577225839207
2002-06-03,105.0,0.7436577225839207
2002-06-04,105.0,0.7436577225839207
2002-06-05,105.0,0.7436577225839207
2002-06-06,104.0,0.7474792351067503
2002-06-07,104.0,0.7474792351067503
2002-06-10,104.0,0.7474792351067503
2002-06-11,104.0,0.7474792351067503
2002-06-12,104.0,0.7474792351067503
2002-06-13,104.0,0.7474792351067503
2002-06-14,104.0,0.7474792351067503
2002-06-17,104.0,0.7474792351067503
2002-06-18,104.0,0.7474792351067503
2002-06-19,104.0,0.7474792351067503
2002-06-20,104.0,0.7474792351067503
2002-06-21,104.0,0.7474792351067503
2002-06-24,104.0,0.7474792351067503
2002-06-25,104.0,0.7474792351067503
2002-06-26,104.0,0.7474792351067503
2002-06-27,104.0,0.7474792351067503
2002-06-28,104.0,0.7474792351067503
2002-07-01,104.0,0.7474792351067503
2002-07-02,104.0,0.7474792351067503
2002-07-03,104.0,0.7474792351067503
2002-07-05,104.0,0.7474792351067503
2002-07-08,103.0,0.7502716453876535
2002-07-09,103.0,0.7502716453876535
2002-07-10,103.0,0.7502716453876535
2002-07-11,103.0,0.7502716453876535
2002-07-12,103.0,0.7502716453876535
2002-07-15,103.0,0.7502716453876535
2002-07-16,103.0,0.7502716453876535
2002-07-17,103.0,0.7502716453876535
2002-07-18,103.0,0.7502716453876535
2002-07-19,103.0,0.7502716453876535
2002-07-22,103.0,0.7502716453876535
2002-07-23,103.0,0.7502716453876535
2002-07-24,103.0,0.7502716453876535
2002-07-25,103.0,0.7502716453876535
2002-07-26,103.0,0.7502716453876535
2002-07-29,103.0,0.7502716453876535
2002-07-30,103.0,0.7502716453876535
2002-07-31,103.0,0.7502716453876535
2002-08-01,103.0,0.7502716453876535
2002-08-02,103.0,0.7502716453876535
2002-08-05,103.0,0.7502716453876535
2002-08-06,99.0,0.7608274500230385
2002-08-07,99.0,0.7608274500230385
2002-08-08,99.0,0.7608274500230385
2002-08-09,99.0,0.7608274500230385
2002-08-12,99.0,0.7608274500230385
2002-08-13,99.0,0.7608274500230385
2002-08-14,99.0,0.7608274500230385
2002-08-15,99.0,0.7608274500230385
2002-08-16,99.0,0.7608274500230385
2002-08-19,99.0,0.7608274500230385
2002-08-20,99.0,0.7608274500230385
2002-08-21,99.0,0.7608274500230385
2002-08-22,99.0,0.7608274500230385
2002-08-23,99.0,0.7608274500230385
2002-08-26,99.0,0.7608274500230385
2002-08-27,99.0,0.7608274500230385
2002-08-28,99.0,0.7608274500230385
2002-08-29,99.0,0.7608274500230385
2002-08-30,99.0,0.7608274500230385
2002-09-03,99.0,0.7608274500230385
2002-09-04,99.0,0.7608274500230385
2002-09-05,97.0,0.7669311377609981
2002-09-06,97.0,0.7669311377609981
2002-09-09,97.0,0.7669311377609981
2002-09-10,97.0,0.7669311377609981
2002-09-11,97.0,0.7669311377609981
2002-09-12,97.0,0.7669311377609981
2002-09-13,97.0,0.7669311377609981
2002-09-16,97.0,0.7669311377609981
2002-09-17,97.0,0.7669311377609981
2002-09-18,97.0,0.7669311377609981
2002-09-19,97.0,0.7669311377609981
2002-09-20,97.0,0.7669311377609981
2002-09-23,97.0,0.7669311377609981
2002-09-24,97.0,0.7669311377609981
2002-09-25,97.0,0.7669311377609981
2002-09-26,97.0,0.7669311377609981
2002-09-27,97.0,0.7669311377609981
2002-09-30,97.0,0.7669311377609981
2002-10-01,97.0,0.7669311377609981
2002-10-02,97.0,0.7669311377609981
2002-10-03,97.0,0.7669311377609981
2002-10-04,95.0,0.7714980464232789
2002-10-07,95.0,0.7714980464232789
2002-10-08,95.0,0.7714980464232789
2002-10-09,95.0,0.7714980464232789
2002-10-10,95.0,0.7714980464232789
2002-10-11,95.0,0.7714980464232789
2002-10-14,95.0,0.7714980464232789
2002-10-15,95.0,0.7714980464232789
2002-10-16,95.0,0.7714980464232789
2002-10-17,95.0,0.7714980464232789
2002-10-18,95.0,0.7714980464232789
2002-10-21,95.0,0.7714980464232789
2002-10-22,95.0,0.7714980464232789
2002-10-23,95.0,0.7714980464232789
2002-10-24,95.0,0.7714980464232789
2002-10-25,95.0,0.7714980464232789
2002-10-28,95.0,0.7714980464232789
2002-10-29,95.0,0.7714980464232789
2002-10-30,95.0,0.7714980464232789
2002-10-31,95.0,0.7714980464232789
2002-11-01,95.0,0.7714980464232789
2002-11-04,93.0,0.7767455540541959
2002-11-05,93.0,0.7767455540541959
2002-11-06,93.0,0.7767455540541959
2002-11-07,93.0,0.7767455540541959
2002-11-08,93.0,0.7767455540541959
2002-11-11,93.0,0.7767455540541959
2002-11-12,93.0,0.7767455540541959
2002-11-13,93.0,0.7767455540541959
2002-11-14,93.0,0.7767455540541959
2002-11-15,93.0,0.7767455540541959
2002-11-18,93.0,0.7767455540541959
2002-11-19,93.0,0.7767455540541959
2002-11-20,93.0,0.7767455540541959
2002-11-21,93.0,0.7767455540541959
2002-11-22,93.0,0.7767455540541959
2002-11-25,93.0,0.7767455540541959
2002-11-26,93.0,0.7767455540541959
2002-11-27,93.0,0.7767455540541959
2002-11-29,93.0,0.7767455540541959
2002-12-02,93.0,0.7767455540541959
2002-12-03,93.0,0.7767455540541959
2002-12-04,92.0,0.7799600119146016
2002-12-05,92.0,0.7799600119146016
2002-12-06,92.0,0.7799600119146016
2002-12-09,92.0,0.7799600119146016
2002-12-10,92.0,0.7799600119146016
2002-12-11,92.0,0.7799600119146016
2002-12-12,92.0,0.7799600119146016
2002-12-13,92.0,0.7799600119146016
2002-12-16,92.0,0.7799600119146016
2002-12-17,92.0,0.7799600119146016
2002-12-18,92.0,0.7799600119146016
2002-12-19,92.0,0.7799600119146016
2002-12-20,92.0,0.7799600119146016
2002-12-23,92.0,0.7799600119146016
2002-12-24,92.0,0.7799600119146016
2002-12-26,92.0,0.7799600119146016
2002-12-27,92.0,0.7799600119146016
2002-12-30,92.0,0.7799600119146016
2002-12-31,92.0,0.7799600119146016
2003-01-02,92.0,0.7799600119146016
2003-01-03,92.0,0.7799600119146016
2003-01-06,90.0,0.7835630364134855
2003-01-07,90.0,0.7835630364134855
2003-01-08,90.0,0.7835630364134855
2003-01-09,90.0,0.7835630364134855
2003-01-10,90.0,0.7835630364134855
2003-01-13,90.0,0.7835630364134855
2003-01-14,90.0,0.7835630364134855
2003-01-15,90.0,0.7835630364134855
2003-01-16,90.0,0.7835630364134855
2003-01-17,90.0,0.7835630364134855
2003-01-21,90.0,0.7835630364134855
2003-01-22,90.0,0.7835630364134855
2003-01-23,90.0,0.7835630364134855
2003-01-24,90.0,0.7835630364134855
2003-01-27,90.0,0.7835630364134855
2003-01-28,90.0,0.7835630364134855
2003-01-29,90.0,0.7835630364134855
2003-01-30,90.0,0.7835630364134855
2003-01-31,90.0,0.7835630364134855
2003-02-03,90.0,0.7835630364134855
2003-02-04,90.0,0.7835630364134855
2003-02-05,91.0,0.7833454048452241
2003-02-06,91.0,0.7833454048452241
2003-02-07,91.0,0.7833454048452241
2003-02-10,91.0,0.7833454048452241
2003-02-11,91.0,0.7833454048452241
2003-02-12,91.0,0.7833454048452241
2003-02-13,91.0,0.7833454048452241
2003-02-14,91.0,0.7833454048452241
2003-02-18,91.0,0.7833454048452241
2003-02-19,91.0,0.7833454048452241
2003-02-20,91.0,0.7833454048452241
2003-02-21,91.0,0.7833454048452241
2003-02-24,91.0,0.7833454048452241
2003-02-25,91.0,0.7833454048452241
2003-02-26,91.0,0.7833454048452241
2003-02-27,91.0,0.7833454048452241
2003-02-28,91.0,0.7833454048452241
2003-03-03,91.0,0.7833454048452241
2003-03-04,91.0,0.7833454048452241
2003-03-05,91.0,0.7833454048452241
2003-03-06,91.0,0.7833454048452241
2003-03-07,89.0,0.7866886883106433
2003-03-10,89.0,0.7866886883106433
2003-03-11,89.0,0.7866886883106433
2003-03-12,89.0,0.7866886883106433
2003-03-13,89.0,0.7866886883106433
2003-03-14,89.0,0.7866886883106433
2003-03-17,89.0,0.7866886883106433
2003-03-18,89.0,0.7866886883106433
2003-03-19,89.0,0.7866886883106433
2003-03-20,89.0,0.7866886883106433
2003-03-21,89.0,0.7866886883106433
2003-03-24,89.0,0.7866886883106433
2003-03-25,89.0,0.7866886883106433
2003-03-26,89.0,0.7866886883106433
2003-03-27,89.0,0.7866886883106433
2003-03-28,89.0,0.7866886883106433
2003-03-31,89.0,0.7866886883106433
2003-04-01,89.0,0.7866886883106433
2003-04-02,89.0,0.7866886883106433
2003-04-03,89.0,0.7866886883106433
2003-04-04,89.0,0.7866886883106433
2003-04-07,88.0,0.789175993614024
2003-04-08,88.0,0.789175993614024
2003-04-09,88.0,0.789175993614024
2003-04-10,88.0,0.789175993614024
2003-04-11,88.0,0.789175993614024
2003-04-14,88.0,0.789175993614024
2003-04-15,88.0,0.789175993614024
2003-04-16,88.0,0.789175993614024
2003-04-17,88.0,0.789175993614024
2003-04-21,88.0,0.789175993614024
2003-04-22,88.0,0.789175993614024
2003-04-23,88.0,0.789175993614024
2003-04-24,88.0,0.789175993614024
2003-04-25,88.0,0.789175993614024
2003-04-28,88.0,0.789175993614024
2003-04-29,88.0,0.789175993614024
2003-04-30,88.0,0.789175993614024
2003-05-01,88.0,0.789175993614024
2003-05-02,88.0,0.789175993614024
2003-05-05,88.0,0.789175993614024
2003-05-06,88.0,0.789175993614024
2003-05-07,89.0,0.7873679986828352
2003-05-08,89.0,0.7873679986828352
2003-05-09,89.0,0.7873679986828352
2003-05-12,89.0,0.7873679986828352
2003-05-13,89.0,0.7873679986828352
2003-05-14,89.0,0.7873679986828352
2003-05-15,89.0,0.7873679986828352
2003-05-16,89.0,0.7873679986828352
2003-05-19,89.0,0.7873679986828352
2003-05-20,89.0,0.7873679986828352
2003-05-21,89.0,0.7873679986828352
2003-05-22,89.0,0.7873679986828352
2003-05-23,89.0,0.7873679986828352
2003-05-27,89.0,0.7873679986828352
2003-05-28,89.0,0.7873679986828352
2003-05-29,89.0,0.7873679986828352
2003-05-30,89.0,0.7873679986828352
2003-06-02,89.0,0.7873679986828352
2003-06-03,89.0,0.7873679986828352
2003-06-04,89.0,0.7873679986828352
2003-06-05,89.0,0.7873679986828352
2003-06-06,88.0,0.7895806034654079
2003-06-09,88.0,0.7895806034654079
2003-06-10,88.0,0.7895806034654079
2003-06-11,88.0,0.7895806034654079
2003-06-12,88.0,0.7895806034654079
2003-06-13,88.0,0.7895806034654079
2003-06-16,88.0,0.7895806034654079
2003-06-17,88.0,0.7895806034654079
2003-06-18,88.0,0.7895806034654079
2003-06-19,88.0,0.7895806034654079
2003-06-20,88.0,0.7895806034654079
2003-06-23,88.0,0.7895806034654079
2003-06-24,88.0,0.7895806034654079
2003-06-25,88.0,0.7895806034654079
2003-06-26,88.0,0.7895806034654079
2003-06-27,88.0,0.7895806034654079
2003-06-30,88.0,0.7895806034654079
2003-07-01,88.0,0.7895806034654079
2003-07-02,88.0,0.7895806034654079
2003-07-03,88.0,0.7895806034654079
2003-07-07,88.0,0.7895806034654079
2003-07-08,87.0,0.7920489764971479
2003-07-09,87.0,0.7920489764971479
2003-07-10,87.0,0.7920489764971479
2003-07-11,87.0,0.7920489764971479
2003-07-14,87.0,0.7920489764971479
2003-07-15,87.0,0.7920489764971479
2003-07-16,87.0,0.7920489764971479
2003-07-17,87.0,0.7920489764971479
2003-07-18,87.0,0.7920489764971479
2003-07-21,87.0,0.7920489764971479
2003-07-22,87.0,0.7920489764971479
2003-07-23,87.0,0.7920489764971479
2003-07-24,87.0,0.7920489764971479
2003-07-25,87.0,0.7920489764971479
2003-07-28,87.0,0.7920489764971479
2003-07-29,87.0,0.7920489764971479
2003-07-30,87.0,0.7920489764971479
2003-07-31,87.0,0.7920489764971479
2003-08-01,87.0,0.7920489764971479
2003-08-04,87.0,0.7920489764971479
2003-08-05,87.0,0.7920489764971479
2003-08-06,86.0,0.7932495165255705
2003-08-07,86.0,0.7932495165255705
2003-08-08,86.0,0.7932495165255705
2003-08-11,86.0,0.7932495165255705
2003-08-12,86.0,0.7932495165255705
2003-08-13,86.0,0.7932495165255705
2003-08-14,86.0,0.7932495165255705
2003-08-15,86.0,0.7932495165255705
2003-08-18,86.0,0.7932495165255705
2003-08-19,86.0,0.7932495165255705
2003-08-20,86.0,0.7932495165255705
2003-08-21,86.0,0.7932495165255705
2003-08-22,86.0,0.7932495165255705
2003-08-25,86.0,0.7932495165255705
2003-08-26,86.0,0.7932495165255705
2003-08-27,86.0,0.7932495165255705
2003-08-28,86.0,0.7932495165255705
2003-08-29,86.0,0.7932495165255705
2003-09-02,86.0,0.7932495165255705
2003-09-03,86.0,0.7932495165255705
2003-09-04,86.0,0.7932495165255705
2003-09-05,85.0,0.7954194079347511
2003-09-08,85.0,0.7954194079347511
2003-09-09,85.0,0.7954194079347511
2003-09-10,85.0,0.7954194079347511
2003-09-11,85.0,0.7954194079347511
2003-09-12,85.0,0.7954194079347511
2003-09-15,85.0,0.7954194079347511
2003-09-16,85.0,0.7954194079347511
2003-09-17,85.0,0.7954194079347511
2003-09-18,85.0,0.7954194079347511
2003-09-19,85.0,0.7954194079347511
2003-09-22,85.0,0.7954194079347511
2003-09-23,85.0,0.7954194079347511
2003-09-24,85.0,0.7954194079347511
2003-09-25,85.0,0.7954194079347511
2003-09-26,85.0,0.7954194079347511
2003-09-29,85.0,0.7954194079347511
2003-09-30,85.0,0.7954194079347511
2003-10-01,85.0,0.7954194079347511
2003-10-02,85.0,0.7954194079347511
2003-10-03,85.0,0.7954194079347511
2003-10-06,87.0,0.7914329351630222
2003-10-07,87.0,0.7914329351630222
2003-10-08,87.0,0.7914329351630222
2003-10-09,87.0,0.7914329351630222
2003-10-10,87.0,0.7914329351630222
2003-10-13,87.0,0.7914329351630222
2003-10-14,87.0,0.7914329351630222
2003-10-15,87.0,0.7914329351630222
2003-10-16,87.0,0.7914329351630222
2003-10-17,87.0,0.7914329351630222
2003-10-20,87.0,0.7914329351630222
2003-10-21,87.0,0.7914329351630222
2003-10-22,87.0,0.7914329351630222
2003-10-23,87.0,0.7914329351630222
2003-10-24,87.0,0.7914329351630222
2003-10-27,87.0,0.7914329351630222
2003-10-28,87.0,0.7914329351630222
2003-10-29,87.0,0.7914329351630222
2003-10-30,87.0,0.7914329351630222
2003-10-31,87.0,0.7914329351630222
2003-11-03,87.0,0.7914329351630222
2003-11-04,87.0,0.7925835921781874
2003-11-05,87.0,0.7925835921781874
2003-11-06,87.0,0.7925835921781874
2003-11-07,87.0,0.7925835921781874
2003-11-10,87.0,0.7925835921781874
2003-11-11,87.0,0.7925835921781874
2003-11-12,87.0,0.7925835921781874
2003-11-13,87.0,0.7925835921781874
2003-11-14,87.0,0.7925835921781874
2003-11-17,87.0,0.7925835921781874
2003-11-18,87.0,0.7925835921781874
2003-11-19,87.0,0.7925835921781874
2003-11-20,87.0,0.7925835921781874
2003-11-21,87.0,0.7925835921781874
2003-11-24,87.0,0.7925835921781874
2003-11-25,87.0,0.7925835921781874
2003-11-26,87.0,0.7925835921781874
2003-11-28,87.0,0.7925835921781874
2003-12-01,87.0,0.7925835921781874
2003-12-02,87.0,0.7925835921781874
2003-12-03,87.0,0.7925835921781874
2003-12-04,86.0,0.7944157716621552
2003-12-05,86.0,0.7944157716621552
2003-12-08,86.0,0.7944157716621552
2003-12-09,86.0,0.7944157716621552
2003-12-10,86.0,0.7944157716621552
2003-12-11,86.0,0.7944157716621552
2003-12-12,86.0,0.7944157716621552
2003-12-15,86.0,0.7944157716621552
2003-12-16,86.0,0.7944157716621552
2003-12-17,86.0,0.7944157716621552
2003-12-18,86.0,0.7944157716621552
2003-12-19,86.0,0.7944157716621552
2003-12-22,86.0,0.7944157716621552
2003-12-23,86.0,0.7944157716621552
2003-12-24,86.0,0.7944157716621552
2003-12-26,86.0,0.7944157716621552
2003-12-29,86.0,0.7944157716621552
2003-12-30,86.0,0.7944157716621552
2003-12-31,86.0,0.7944157716621552
2004-01-02,86.0,0.7944157716621552
2004-01-05,86.0,0.7944157716621552
2004-01-06,85.0,0.796273300593059
2004-01-07,85.0,0.796273300593059
2004-01-08,85.0,0.796273300593059
2004-01-09,85.0,0.796273300593059
2004-01-12,85.0,0.796273300593059
2004-01-13,85.0,0.796273300593059
2004-01-14,85.0,0.796273300593059
2004-01-15,85.0,0.796273300593059
2004-01-16,85.0,0.796273300593059
2004-01-20,85.0,0.796273300593059
2004-01-21,85.0,0.796273300593059
2004-01-22,85.0,0.796273300593059
2004-01-23,85.0,0.796273300593059
2004-01-26,85.0,0.796273300593059
2004-01-27,85.0,0.796273300593059
2004-01-28,85.0,0.796273300593059
2004-01-29,85.0,0.796273300593059
2004-01-30,85.0,0.796273300593059
2004-02-02,85.0,0.796273300593059
2004-02-03,85.0,0.796273300593059
2004-02-04,85.0,0.796273300593059
2004-02-05,85.0,0.79594401004799
2004-02-06,85.0,0.79594401004799
2004-02-09,85.0,0.79594401004799
2004-02-10,85.0,0.79594401004799
2004-02-11,85.0,0.79594401004799
2004-02-12,85.0,0.79594401004799
2004-02-13,85.0,0.79594401004799
2004-02-17,85.0,0.79594401004799
2004-02-18,85.0,0.79594401004799
2004-02-19,85.0,0.79594401004799
2004-02-20,85.0,0.79594401004799
2004-02-23,85.0,0.79594401004799
2004-02-24,85.0,0.79594401004799
2004-02-25,85.0,0.79594401004799
2004-02-26,85.0,0.79594401004799
2004-02-27,85.0,0.79594401004799
2004-03-01,85.0,0.79594401004799
2004-03-02,85.0,0.79594401004799
2004-03-03,85.0,0.79594401004799
2004-03-04,85.0,0.79594401004799
2004-03-05,85.0,0.79594401004799
2004-03-08,85.0,0.7970074664111713
2004-03-09,85.0,0.7970074664111713
2004-03-10,85.0,0.7970074664111713
2004-03-11,85.0,0.7970074664111713
2004-03-12,85.0,0.7970074664111713
2004-03-15,85.0,0.7970074664111713
2004-03-16,85.0,0.7970074664111713
2004-03-17,85.0,0.7970074664111713
2004-03-18,85.0,0.7970074664111713
2004-03-19,85.0,0.7970074664111713
2004-03-22,85.0,0.7970074664111713
2004-03-23,85.0,0.7970074664111713
2004-03-24,85.0,0.7970074664111713
2004-03-25,85.0,0.7970074664111713
2004-03-26,85.0,0.7970074664111713
2004-03-29,85.0,0.7970074664111713
2004-03-30,85.0,0.7970074664111713
2004-03-31,85.0,0.7970074664111713
2004-04-01,85.0,0.7970074664111713
2004-04-02,85.0,0.7970074664111713
2004-04-05,85.0,0.7970074664111713
2004-04-06,84.0,0.79923710115563
2004-04-07,84.0,0.79923710115563
2004-04-08,84.0,0.79923710115563
2004-04-12,84.0,0.79923710115563
2004-04-13,84.0,0.79923710115563
2004-04-14,84.0,0.79923710115563
2004-04-15,84.0,0.79923710115563
2004-04-16,84.0,0.79923710115563
2004-04-19,84.0,0.79923710115563
2004-04-20,84.0,0.79923710115563
2004-04-21,84.0,0.79923710115563
2004-04-22,84.0,0.79923710115563
2004-04-23,84.0,0.79923710115563
2004-04-26,84.0,0.79923710115563
2004-04-27,84.0,0.79923710115563
2004-04-28,84.0,0.79923710115563
2004-04-29,84.0,0.79923710115563
2004-04-30,84.0,0.79923710115563
2004-05-03,84.0,0.79923710115563
2004-05-04,84.0,0.79923710115563
2004-05-05,84.0,0.79923710115563
2004-05-06,83.0,0.8009048481579765
2004-05-07,83.0,0.8009048481579765
2004-05-10,83.0,0.8009048481579765
2004-05-11,83.0,0.8009048481579765
2004-05-12,83.0,0.8009048481579765
2004-05-13,83.0,0.8009048481579765
2004-05-14,83.0,0.8009048481579765
2004-05-17,83.0,0.8009048481579765
2004-05-18,83.0,0.8009048481579765
2004-05-19,83.0,0.8009048481579765
2004-05-20,83.0,0.8009048481579765
2004-05-21,83.0,0.8009048481579765
2004-05-24,83.0,0.8009048481579765
2004-05-25,83.0,0.8009048481579765
2004-05-26,83.0,0.8009048481579765
2004-05-27,83.0,0.8009048481579765
2004-05-28,83.0,0.8009048481579765
2004-06-01,83.0,0.8009048481579765
2004-06-02,83.0,0.8009048481579765
2004-06-03,83.0,0.8009048481579765
2004-06-04,83.0,0.8009048481579765
2004-06-07,83.0,0.8016479884846494
2004-06-08,83.0,0.8016479884846494
2004-06-09,83.0,0.8016479884846494
2004-06-10,83.0,0.8016479884846494
2004-06-14,83.0,0.8016479884846494
2004-06-15,83.0,0.8016479884846494
2004-06-16,83.0,0.8016479884846494
2004-06-17,83.0,0.8016479884846494
2004-06-18,83.0,0.8016479884846494
2004-06-21,83.0,0.8016479884846494
2004-06-22,83.0,0.8016479884846494
2004-06-23,83.0,0.8016479884846494
2004-06-24,83.0,0.8016479884846494
2004-06-25,83.0,0.8016479884846494
2004-06-28,83.0,0.8016479884846494
2004-06-29,83.0,0.8016479884846494
2004-06-30,83.0,0.8016479884846494
2004-07-01,83.0,0.8016479884846494
2004-07-02,83.0,0.8016479884846494
2004-07-06,83.0,0.8016479884846494
2004-07-07,83.0,0.8016479884846494
2004-07-08,83.0,0.8014099802866993
2004-07-09,83.0,0.8014099802866993
2004-07-12,83.0,0.8014099802866993
2004-07-13,83.0,0.8014099802866993
2004-07-14,83.0,0.8014099802866993
2004-07-15,83.0,0.8014099802866993
2004-07-16,83.0,0.8014099802866993
2004-07-19,83.0,0.8014099802866993
2004-07-20,83.0,0.8014099802866993
2004-07-21,83.0,0.8014099802866993
2004-07-22,83.0,0.8014099802866993
2004-07-23,83.0,0.8014099802866993
2004-07-26,83.0,0.8014099802866993
2004-07-27,83.0,0.8014099802866993
2004-07-28,83.0,0.8014099802866993
2004-07-29,83.0,0.8014099802866993
2004-07-30,83.0,0.8014099802866993
2004-08-02,83.0,0.8014099802866993
2004-08-03,83.0,0.8014099802866993
2004-08-04,83.0,0.8014099802866993
2004-08-05,83.0,0.8014099802866993
2004-08-06,90.0,0.7844647791281372
2004-08-09,90.0,0.7844647791281372
2004-08-10,90.0,0.7844647791281372
2004-08-11,90.0,0.7844647791281372
2004-08-12,90.0,0.7844647791281372
2004-08-13,90.0,0.7844647791281372
2004-08-16,90.0,0.7844647791281372
2004-08-17,90.0,0.7844647791281372
2004-08-18,90.0,0.7844647791281372
2004-08-19,90.0,0.7844647791281372
2004-08-20,90.0,0.7844647791281372
2004-08-23,90.0,0.7844647791281372
2004-08-24,90.0,0.7844647791281372
2004-08-25,90.0,0.7844647791281372
2004-08-26,90.0,0.7844647791281372
2004-08-27,90.0,0.7844647791281372
2004-08-30,90.0,0.7844647791281372
2004-08-31,90.0,0.7844647791281372
2004-09-01,90.0,0.7844647791281372
2004-09-02,90.0,0.7844647791281372
2004-09-03,90.0,0.7844647791281372
2004-09-07,92.0,0.7803817808640248
2004-09-08,92.0,0.7803817808640248
2004-09-09,92.0,0.7803817808640248
2004-09-10,92.0,0.7803817808640248
2004-09-13,92.0,0.7803817808640248
2004-09-14,92.0,0.7803817808640248
2004-09-15,92.0,0.7803817808640248
2004-09-16,92.0,0.7803817808640248
2004-09-17,92.0,0.7803817808640248
2004-09-20,92.0,0.7803817808640248
2004-09-21,92.0,0.7803817808640248
2004-09-22,92.0,0.7803817808640248
2004-09-23,92.0,0.7803817808640248
2004-09-24,92.0,0.7803817808640248
2004-09-27,92.0,0.7803817808640248
2004-09-28,92.0,0.7803817808640248
2004-09-29,92.0,0.7803817808640248
2004-09-30,92.0,0.7803817808640248
2004-10-01,92.0,0.7803817808640248
2004-10-04,92.0,0.7803817808640248
2004-10-05,92.0,0.7803817808640248
2004-10-06,94.0,0.7754467729061879
2004-10-07,94.0,0.7754467729061879
2004-10-08,94.0,0.7754467729061879
2004-10-11,94.0,0.7754467729061879
2004-10-12,94.0,0.7754467729061879
2004-10-13,94.0,0.7754467729061879
2004-10-14,94.0,0.7754467729061879
2004-10-15,94.0,0.7754467729061879
2004-10-18,94.0,0.7754467729061879
2004-10-19,94.0,0.7754467729061879
2004-10-20,94.0,0.7754467729061879
2004-10-21,94.0,0.7754467729061879
2004-10-22,94.0,0.7754467729061879
2004-10-25,94.0,0.7754467729061879
2004-10-26,94.0,0.7754467729061879
2004-10-27,94.0,0.7754467729061879
2004-10-28,94.0,0.7754467729061879
2004-10-29,94.0,0.7754467729061879
2004-11-01,94.0,0.7754467729061879
2004-11-02,94.0,0.7754467729061879
2004-11-03,94.0,0.7754467729061879
2004-11-04,101.0,0.7572264015342649
2004-11-05,101.0,0.7572264015342649
2004-11-08,101.0,0.7572264015342649
2004-11-09,101.0,0.7572264015342649
2004-11-10,101.0,0.7572264015342649
2004-11-11,101.0,0.7572264015342649
2004-11-12,101.0,0.7572264015342649
2004-11-15,101.0,0.7572264015342649
2004-11-16,101.0,0.7572264015342649
2004-11-17,101.0,0.7572264015342649
2004-11-18,101.0,0.7572264015342649
2004-11-19,101.0,0.7572264015342649
2004-11-22,101.0,0.7572264015342649
2004-11-23,101.0,0.7572264015342649
2004-11-24,101.0,0.7572264015342649
2004-11-26,101.0,0.7572264015342649
2004-11-29,101.0,0.7572264015342649
2004-11-30,101.0,0.7572264015342649
2004-12-01,101.0,0.7572264015342649
2004-12-02,101.0,0.7572264015342649
2004-12-03,101.0,0.7572264015342649
2004-12-06,104.0,0.7500158545529217
2004-12-07,104.0,0.7500158545529217
2004-12-08,104.0,0.7500158545529217
2004-12-09,104.0,0.7500158545529217
2004-12-10,104.0,0.7500158545529217
2004-12-13,104.0,0.7500158545529217
2004-12-14,104.0,0.7500158545529217
2004-12-15,104.0,0.7500158545529217
2004-12-16,104.0,0.7500158545529217
2004-12-17,104.0,0.7500158545529217
2004-12-20,104.0,0.7500158545529217
2004-12-21,104.0,0.7500158545529217
2004-12-22,104.0,0.7500158545529217
2004-12-23,104.0,0.7500158545529217
2004-12-27,104.0,0.7500158545529217
2004-12-28,104.0,0.7500158545529217
2004-12-29,104.0,0.7500158545529217
2004-12-30,104.0,0.7500158545529217
2005-01-03,104.0,0.7500158545529217
2005-01-04,104.0,0.7500158545529217
2005-01-05,104.0,0.7500158545529217
2005-01-06,105.0,0.748207573100333
2005-01-07,105.0,0.748207573100333
2005-01-10,105.0,0.748207573100333
2005-01-11,105.0,0.748207573100333
2005-01-12,105.0,0.748207573100333
2005-01-13,105.0,0.748207573100333
2005-01-14,105.0,0.748207573100333
2005-01-18,105.0,0.748207573100333
2005-01-19,105.0,0.748207573100333
2005-01-20,105.0,0.748207573100333
2005-01-21,105.0,0.748207573100333
2005-01-24,105.0,0.748207573100333
2005-01-25,105.0,0.748207573100333
2005-01-26,105.0,0.748207573100333
2005-01-27,105.0,0.748207573100333
2005-01-28,105.0,0.748207573100333
2005-01-31,105.0,0.748207573100333
2005-02-01,105.0,0.748207573100333
2005-02-02,105.0,0.748207573100333
2005-02-03,105.0,0.748207573100333
2005-02-04,105.0,0.748207573100333
2005-02-07,106.0,0.7437352772153556
2005-02-08,106.0,0.7437352772153556
2005-02-09,106.0,0.7437352772153556
2005-02-10,106.0,0.7437352772153556
2005-02-11,106.0,0.7437352772153556
2005-02-14,106.0,0.7437352772153556
2005-02-15,106.0,0.7437352772153556
2005-02-16,106.0,0.7437352772153556
2005-02-17,106.0,0.7437352772153556
2005-02-18,106.0,0.7437352772153556
2005-02-22,106.0,0.7437352772153556
2005-02-23,106.0,0.7437352772153556
2005-02-24,106.0,0.7437352772153556
2005-02-25,106.0,0.7437352772153556
2005-02-28,106.0,0.7437352772153556
2005-03-01,106.0,0.7437352772153556
2005-03-02,106.0,0.7437352772153556
2005-03-03,106.0,0.7437352772153556
2005-03-04,106.0,0.7437352772153556
2005-03-07,106.0,0.7437352772153556
2005-03-08,106.0,0.7437352772153556
2005-03-09,106.0,0.7436968861127112
2005-03-10,106.0,0.7436968861127112
2005-03-11,106.0,0.7436968861127112
2005-03-14,106.0,0.7436968861127112
2005-03-15,106.0,0.7436968861127112
2005-03-16,106.0,0.7436968861127112
2005-03-17,106.0,0.7436968861127112
2005-03-18,106.0,0.7436968861127112
2005-03-21,106.0,0.7436968861127112
2005-03-22,106.0,0.7436968861127112
2005-03-23,106.0,0.7436968861127112
2005-03-24,106.0,0.7436968861127112
2005-03-28,106.0,0.7436968861127112
2005-03-29,106.0,0.7436968861127112
2005-03-30,106.0,0.7436968861127112
2005-03-31,106.0,0.7436968861127112
2005-04-01,106.0,0.7436968861127112
2005-04-04,106.0,0.7436968861127112
2005-04-05,106.0,0.7436968861127112
2005-04-06,106.0,0.7436968861127112
2005-04-07,106.0,0.7436968861127112
2005-04-08,110.0,0.7329758819985499
2005-04-11,110.0,0.7329758819985499
2005-04-12,110.0,0.7329758819985499
2005-04-13,110.0,0.7329758819985499
2005-04-14,110.0,0.7329758819985499
2005-04-15,110.0,0.7329758819985499
2005-04-18,110.0,0.7329758819985499
2005-04-19,110.0,0.7329758819985499
2005-04-20,110.0,0.7329758819985499
2005-04-21,110.0,0.7329758819985499
2005-04-22,110.0,0.7329758819985499
2005-04-25,110.0,0.7329758819985499
2005-04-26,110.0,0.7329758819985499
2005-04-27,110.0,0.7329758819985499
2005-04-28,110.0,0.7329758819985499
2005-04-29,110.0,0.7329758819985499
2005-05-02,110.0,0.7329758819985499
2005-05-03,110.0,0.7329758819985499
2005-05-04,110.0,0.7329758819985499
2005-05-05,110.0,0.7329758819985499
2005-05-06,110.0,0.7329758819985499
2005-05-09,110.0,0.7332918726504241
2005-05-10,110.0,0.7332918726504241
2005-05-11,110.0,0.7332918726504241
2005-05-12,110.0,0.7332918726504241
2005-05-13,110.0,0.7332918726504241
2005-05-16,110.0,0.7332918726504241
2005-05-17,110.0,0.7332918726504241
2005-05-18,110.0,0.7332918726504241
2005-05-19,110.0,0.7332918726504241
2005-05-20,110.0,0.7332918726504241
2005-05-23,110.0,0.7332918726504241
2005-05-24,110.0,0.7332918726504241
2005-05-25,110.0,0.7332918726504241
2005-05-26,110.0,0.7332918726504241
2005-05-27,110.0,0.7332918726504241
2005-05-31,110.0,0.7332918726504241
2005-06-01,110.0,0.7332918726504241
2005-06-02,110.0,0.7332918726504241
2005-06-03,110.0,0.7332918726504241
2005-06-06,110.0,0.7332918726504241
2005-06-07,110.0,0.7332918726504241
2005-06-08,110.0,0.7325688353178381
2005-06-09,110.0,0.7325688353178381
2005-06-10,110.0,0.7325688353178381
2005-06-13,110.0,0.7325688353178381
2005-06-14,110.0,0.7325688353178381
2005-06-15,110.0,0.7325688353178381
2005-06-16,110.0,0.7325688353178381
2005-06-17,110.0,0.7325688353178381
2005-06-20,110.0,0.7325688353178381
2005-06-21,110.0,0.7325688353178381
2005-06-22,110.0,0.7325688353178381
2005-06-23,110.0,0.7325688353178381
2005-06-24,110.0,0.7325688353178381
2005-06-27,110.0,0.7325688353178381
2005-06-28,110.0,0.7325688353178381
2005-06-29,110.0,0.7325688353178381
2005-06-30,110.0,0.7325688353178381
2005-07-01,110.0,0.7325688353178381
2005-07-05,110.0,0.7325688353178381
2005-07-06,110.0,0.7325688353178381
2005-07-07,110.0,0.7325688353178381
2005-07-08,111.0,0.730929960181491
2005-07-11,111.0,0.730929960181491
2005-07-12,111.0,0.730929960181491
2005-07-13,111.0,0.730929960181491
2005-07-14,111.0,0.730929960181491
2005-07-15,111.0,0.730929960181491
2005-07-18,111.0,0.730929960181491
2005-07-19,111.0,0.730929960181491
2005-07-20,111.0,0.730929960181491
2005-07-21,111.0,0.730929960181491
2005-07-22,111.0,0.730929960181491
2005-07-25,111.0,0.730929960181491
2005-07-26,111.0,0.730929960181491
2005-07-27,111.0,0.730929960181491
2005-07-28,111.0,0.730929960181491
2005-07-29,111.0,0.730929960181491
2005-08-01,111.0,0.730929960181491
2005-08-02,111.0,0.730929960181491
2005-08-03,111.0,0.730929960181491
2005-08-04,111.0,0.730929960181491
2005-08-05,111.0,0.730929960181491
2005-08-08,111.0,0.7295074192179718
2005-08-09,111.0,0.7295074192179718
2005-08-10,111.0,0.7295074192179718
2005-08-11,111.0,0.7295074192179718
2005-08-12,111.0,0.7295074192179718
2005-08-15,111.0,0.7295074192179718
2005-08-16,111.0,0.7295074192179718
2005-08-17,111.0,0.7295074192179718
2005-08-18,111.0,0.7295074192179718
2005-08-19,111.0,0.7295074192179718
2005-08-22,111.0,0.7295074192179718
2005-08-23,111.0,0.7295074192179718
2005-08-24,111.0,0.7295074192179718
2005-08-25,111.0,0.7295074192179718
2005-08-26,111.0,0.7295074192179718
2005-08-29,111.0,0.7295074192179718
2005-08-30,111.0,0.7295074192179718
2005-08-31,111.0,0.7295074192179718
2005-09-01,111.0,0.7295074192179718
2005-09-02,111.0,0.7295074192179718
2005-09-06,111.0,0.7295074192179718
2005-09-07,111.0,0.7319200985111952
2005-09-08,111.0,0.7319200985111952
2005-09-09,111.0,0.7319200985111952
2005-09-12,111.0,0.7319200985111952
2005-09-13,111.0,0.7319200985111952
2005-09-14,111.0,0.7319200985111952
2005-09-15,111.0,0.7319200985111952
2005-09-16,111.0,0.7319200985111952
2005-09-19,111.0,0.7319200985111952
2005-09-20,111.0,0.7319200985111952
2005-09-21,111.0,0.7319200985111952
2005-09-22,111.0,0.7319200985111952
2005-09-23,111.0,0.7319200985111952
2005-09-26,111.0,0.7319200985111952
2005-09-27,111.0,0.7319200985111952
2005-09-28,111.0,0.7319200985111952
2005-09-29,111.0,0.7319200985111952
2005-09-30,111.0,0.7319200985111952
2005-10-03,111.0,0.7319200985111952
2005-10-04,111.0,0.7319200985111952
2005-10-05,111.0,0.7319200985111952
2005-10-06,111.0,0.7304160938333782
2005-10-07,111.0,0.7304160938333782
2005-10-10,111.0,0.7304160938333782
2005-10-11,111.0,0.7304160938333782
2005-10-12,111.0,0.7304160938333782
2005-10-13,111.0,0.7304160938333782
2005-10-14,111.0,0.7304160938333782
2005-10-17,111.0,0.7304160938333782
2005-10-18,111.0,0.7304160938333782
2005-10-19,111.0,0.7304160938333782
2005-10-20,111.0,0.7304160938333782
2005-10-21,111.0,0.7304160938333782
2005-10-24,111.0,0.7304160938333782
2005-10-25,111.0,0.7304160938333782
2005-10-26,111.0,0.7304160938333782
2005-10-27,111.0,0.7304160938333782
2005-10-28,111.0,0.7304160938333782
2005-10-31,111.0,0.7304160938333782
2005-11-01,111.0,0.7304160938333782
2005-11-02,111.0,0.7304160938333782
2005-11-03,111.0,0.7304160938333782
2005-11-04,110.0,0.7346094483904174
2005-11-07,110.0,0.7346094483904174
2005-11-08,110.0,0.7346094483904174
2005-11-09,110.0,0.7346094483904174
2005-11-10,110.0,0.7346094483904174
2005-11-11,110.0,0.7346094483904174
2005-11-14,110.0,0.7346094483904174
2005-11-15,110.0,0.7346094483904174
2005-11-16,110.0,0.7346094483904174
2005-11-17,110.0,0.7346094483904174
2005-11-18,110.0,0.7346094483904174
2005-11-21,110.0,0.7346094483904174
2005-11-22,110.0,0.7346094483904174
2005-11-23,110.0,0.7346094483904174
2005-11-25,110.0,0.7346094483904174
2005-11-28,110.0,0.7346094483904174
2005-11-29,110.0,0.7346094483904174
2005-11-30,110.0,0.7346094483904174
2005-12-01,110.0,0.7346094483904174
2005-12-02,110.0,0.7346094483904174
2005-12-05,110.0,0.7346094483904174
2005-12-06,109.0,0.7355894310629799
2005-12-07,109.0,0.7355894310629799
2005-12-08,109.0,0.7355894310629799
2005-12-09,109.0,0.7355894310629799
2005-12-12,109.0,0.7355894310629799
2005-12-13,109.0,0.7355894310629799
2005-12-14,109.0,0.7355894310629799
2005-12-15,109.0,0.7355894310629799
2005-12-16,109.0,0.7355894310629799
2005-12-19,109.0,0.7355894310629799
2005-12-20,109.0,0.7355894310629799
2005-12-21,109.0,0.7355894310629799
2005-12-22,109.0,0.7355894310629799
2005-12-23,109.0,0.7355894310629799
2005-12-27,109.0,0.7355894310629799
2005-12-28,109.0,0.7355894310629799
2005-12-29,109.0,0.7355894310629799
2005-12-30,109.0,0.7355894310629799
2006-01-03,109.0,0.7355894310629799
2006-01-04,109.0,0.7355894310629799
2006-01-05,109.0,0.7355894310629799
2006-01-06,109.0,0.7359146490644326
2006-01-09,109.0,0.7359146490644326
2006-01-10,109.0,0.7359146490644326
2006-01-11,109.0,0.7359146490644326
2006-01-12,109.0,0.7359146490644326
2006-01-13,109.0,0.7359146490644326
2006-01-17,109.0,0.7359146490644326
2006-01-18,109.0,0.7359146490644326
2006-01-19,109.0,0.7359146490644326
2006-01-20,109.0,0.7359146490644326
2006-01-23,109.0,0.7359146490644326
2006-01-24,109.0,0.7359146490644326
2006-01-25,109.0,0.7359146490644326
2006-01-26,109.0,0.7359146490644326
2006-01-27,109.0,0.7359146490644326
2006-01-30,109.0,0.7359146490644326
2006-01-31,109.0,0.7359146490644326
2006-02-01,109.0,0.7359146490644326
2006-02-02,109.0,0.7359146490644326
2006-02-03,109.0,0.7359146490644326
2006-02-06,109.0,0.7359146490644326
2006-02-07,109.0,0.7360838938783583
2006-02-08,109.0,0.7360838938783583
2006-02-09,109.0,0.7360838938783583
2006-02-10,109.0,0.7360838938783583
2006-02-13,109.0,0.7360838938783583
2006-02-14,109.0,0.7360838938783583
2006-02-15,109.0,0.7360838938783583
2006-02-16,109.0,0.7360838938783583
2006-02-17,109.0,0.7360838938783583
2006-02-21,109.0,0.7360838938783583
2006-02-22,109.0,0.7360838938783583
2006-02-23,109.0,0.7360838938783583
2006-02-24,109.0,0.7360838938783583
2006-02-27,109.0,0.7360838938783583
2006-02-28,109.0,0.7360838938783583
2006-03-01,109.0,0.7360838938783583
2006-03-02,109.0,0.7360838938783583
2006-03-03,109.0,0.7360838938783583
2006-03-06,109.0,0.7360838938783583
2006-03-07,109.0,0.7360838938783583
2006-03-08,109.0,0.7360838938783583
2006-03-09,109.0,0.737144152900154
2006-03-10,109.0,0.737144152900154
2006-03-13,109.0,0.737144152900154
2006-03-14,109.0,0.737144152900154
2006-03-15,109.0,0.737144152900154
2006-03-16,109.0,0.737144152900154
2006-03-17,109.0,0.737144152900154
2006-03-20,109.0,0.737144152900154
2006-03-21,109.0,0.737144152900154
2006-03-22,109.0,0.737144152900154
2006-03-23,109.0,0.737144152900154
2006-03-24,109.0,0.737144152900154
2006-03-27,109.0,0.737144152900154
2006-03-28,109.0,0.737144152900154
2006-03-29,109.0,0.737144152900154
2006-03-30,109.0,0.737144152900154
2006-03-31,109.0,0.737144152900154
2006-04-03,109.0,0.737144152900154
2006-04-04,109.0,0.737144152900154
2006-04-05,109.0,0.737144152900154
2006-04-06,109.0,0.737144152900154
2006-04-07,110.0,0.7339235256255019
2006-04-10,110.0,0.7339235256255019
2006-04-11,110.0,0.7339235256255019
2006-04-12,110.0,0.7339235256255019
2006-04-13,110.0,0.7339235256255019
2006-04-17,110.0,0.7339235256255019
2006-04-18,110.0,0.7339235256255019
2006-04-19,110.0,0.7339235256255019
2006-04-20,110.0,0.7339235256255019
2006-04-21,110.0,0.7339235256255019
2006-04-24,110.0,0.7339235256255019
2006-04-25,110.0,0.7339235256255019
2006-04-26,110.0,0.7339235256255019
2006-04-27,110.0,0.7339235256255019
2006-04-28,110.0,0.7339235256255019
2006-05-01,110.0,0.7339235256255019
2006-05-02,110.0,0.7339235256255019
2006-05-03,110.0,0.7339235256255019
2006-05-04,110.0,0.7339235256255019
2006-05-05,110.0,0.7339235256255019
2006-05-08,110.0,0.7339235256255019
2006-05-09,111.0,0.7317918224067564
2006-05-10,111.0,0.7317918224067564
2006-05-11,111.0,0.7317918224067564
2006-05-12,111.0,0.7317918224067564
2006-05-15,111.0,0.7317918224067564
2006-05-16,111.0,0.7317918224067564
2006-05-17,111.0,0.7317918224067564
2006-05-18,111.0,0.7317918224067564
2006-05-19,111.0,0.7317918224067564
2006-05-22,111.0,0.7317918224067564
2006-05-23,111.0,0.7317918224067564
2006-05-24,111.0,0.7317918224067564
2006-05-25,111.0,0.7317918224067564
2006-05-26,111.0,0.7317918224067564
2006-05-30,111.0,0.7317918224067564
2006-05-31,111.0,0.7317918224067564
2006-06-01,111.0,0.7317918224067564
2006-06-02,111.0,0.7317918224067564
2006-06-05,111.0,0.7317918224067564
2006-06-06,111.0,0.7317918224067564
2006-06-07,111.0,0.7317918224067564
2006-06-08,110.0,0.7330600782652438
2006-06-09,110.0,0.7330600782652438
2006-06-12,110.0,0.7330600782652438
2006-06-13,110.0,0.7330600782652438
2006-06-14,110.0,0.7330600782652438
2006-06-15,110.0,0.7330600782652438
2006-06-16,110.0,0.7330600782652438
2006-06-19,110.0,0.7330600782652438
2006-06-20,110.0,0.7330600782652438
2006-06-21,110.0,0.7330600782652438
2006-06-22,110.0,0.7330600782652438
2006-06-23,110.0,0.7330600782652438
2006-06-26,110.0,0.7330600782652438
2006-06-27,110.0,0.7330600782652438
2006-06-28,110.0,0.7330600782652438
2006-06-29,110.0,0.7330600782652438
2006-06-30,110.0,0.7330600782652438
2006-07-03,110.0,0.7330600782652438
2006-07-05,110.0,0.7330600782652438
2006-07-06,110.0,0.7330600782652438
2006-07-07,110.0,0.7330600782652438
2006-07-10,110.0,0.7348989951361896
2006-07-11,110.0,0.7348989951361896
2006-07-12,110.0,0.7348989951361896
2006-07-13,110.0,0.7348989951361896
2006-07-14,110.0,0.7348989951361896
2006-07-17,110.0,0.7348989951361896
2006-07-18,110.0,0.7348989951361896
2006-07-19,110.0,0.7348989951361896
2006-07-20,110.0,0.7348989951361896
2006-07-21,110.0,0.7348989951361896
2006-07-24,110.0,0.7348989951361896
2006-07-25,110.0,0.7348989951361896
2006-07-26,110.0,0.7348989951361896
2006-07-27,110.0,0.7348989951361896
2006-07-28,110.0,0.7348989951361896
2006-07-31,110.0,0.7348989951361896
2006-08-01,110.0,0.7348989951361896
2006-08-02,110.0,0.7348989951361896
2006-08-03,110.0,0.7348989951361896
2006-08-04,110.0,0.7348989951361896
2006-08-07,110.0,0.7348989951361896
2006-08-08,109.0,0.7366748637343679
2006-08-09,109.0,0.7366748637343679
2006-08-10,109.0,0.7366748637343679
2006-08-11,109.0,0.7366748637343679
2006-08-14,109.0,0.7366748637343679
2006-08-15,109.0,0.7366748637343679
2006-08-16,109.0,0.7366748637343679
2006-08-17,109.0,0.7366748637343679
2006-08-18,109.0,0.7366748637343679
2006-08-21,109.0,0.7366748637343679
2006-08-22,109.0,0.7366748637343679
2006-08-23,109.0,0.7366748637343679
2006-08-24,109.0,0.7366748637343679
2006-08-25,109.0,0.7366748637343679
2006-08-28,109.0,0.7366748637343679
2006-08-29,109.0,0.7366748637343679
2006-08-30,109.0,0.7366748637343679
2006-08-31,109.0,0.7366748637343679
2006-09-01,109.0,0.7366748637343679
2006-09-05,109.0,0.7366748637343679
2006-09-06,109.0,0.7366748637343679
2006-09-07,109.0,0.7349985714029194
2006-09-08,109.0,0.7349985714029194
2006-09-11,109.0,0.7349985714029194
2006-09-12,109.0,0.7349985714029194
2006-09-13,109.0,0.7349985714029194
2006-09-14,109.0,0.7349985714029194
2006-09-15,109.0,0.7349985714029194
2006-09-18,109.0,0.7349985714029194
2006-09-19,109.0,0.7349985714029194
2006-09-20,109.0,0.7349985714029194
2006-09-21,109.0,0.7349985714029194
2006-09-22,109.0,0.7349985714029194
2006-09-25,109.0,0.7349985714029194
2006-09-26,109.0,0.7349985714029194
2006-09-27,109.0,0.7349985714029194
2006-09-28,109.0,0.7349985714029194
2006-09-29,109.0,0.7349985714029194
2006-10-02,109.0,0.7349985714029194
2006-10-03,109.0,0.7349985714029194
2006-10-04,109.0,0.7349985714029194
2006-10-05,109.0,0.7349985714029194
2006-10-06,109.0,0.7356675287759966
2006-10-09,109.0,0.7356675287759966
2006-10-10,109.0,0.7356675287759966
2006-10-11,109.0,0.7356675287759966
2006-10-12,109.0,0.7356675287759966
2006-10-13,109.0,0.7356675287759966
2006-10-16,109.0,0.7356675287759966
2006-10-17,109.0,0.7356675287759966
2006-10-18,109.0,0.7356675287759966
2006-10-19,109.0,0.7356675287759966
2006-10-20,109.0,0.7356675287759966
2006-10-23,109.0,0.7356675287759966
2006-10-24,109.0,0.7356675287759966
2006-10-25,109.0,0.7356675287759966
2006-10-26,109.0,0.7356675287759966
2006-10-27,109.0,0.7356675287759966
2006-10-30,109.0,0.7356675287759966
2006-10-31,109.0,0.7356675287759966
2006-11-01,109.0,0.7356675287759966
2006-11-02,109.0,0.7356675287759966
2006-11-03,109.0,0.7356675287759966
2006-11-06,111.0,0.732290622187073
2006-11-07,111.0,0.732290622187073
2006-11-08,111.0,0.732290622187073
2006-11-09,111.0,0.732290622187073
2006-11-10,111.0,0.732290622187073
2006-11-13,111.0,0.732290622187073
2006-11-14,111.0,0.732290622187073
2006-11-15,111.0,0.732290622187073
2006-11-16,111.0,0.732290622187073
2006-11-17,111.0,0.732290622187073
2006-11-20,111.0,0.732290622187073
2006-11-21,111.0,0.732290622187073
2006-11-22,111.0,0.732290622187073
2006-11-24,111.0,0.732290622187073
2006-11-27,111.0,0.732290622187073
2006-11-28,111.0,0.732290622187073
2006-11-29,111.0,0.732290622187073
2006-11-30,111.0,0.732290622187073
2006-12-01,111.0,0.732290622187073
2006-12-04,111.0,0.732290622187073
2006-12-05,111.0,0.732290622187073
2006-12-06,111.0,0.7317972198063887
2006-12-07,111.0,0.7317972198063887
2006-12-08,111.0,0.7317972198063887
2006-12-11,111.0,0.7317972198063887
2006-12-12,111.0,0.7317972198063887
2006-12-13,111.0,0.7317972198063887
2006-12-14,111.0,0.7317972198063887
2006-12-15,111.0,0.7317972198063887
2006-12-18,111.0,0.7317972198063887
2006-12-19,111.0,0.7317972198063887
2006-12-20,111.0,0.7317972198063887
2006-12-21,111.0,0.7317972198063887
2006-12-22,111.0,0.7317972198063887
2006-12-26,111.0,0.7317972198063887
2006-12-27,111.0,0.7317972198063887
2006-12-28,111.0,0.7317972198063887
2006-12-29,111.0,0.7317972198063887
2007-01-04,111.0,0.7317972198063887
2007-01-05,111.0,0.7317972198063887
2007-01-08,111.0,0.7317972198063887
2007-01-09,111.0,0.7317972198063887
2007-01-10,111.0,0.7318474960051929
2007-01-11,111.0,0.7318474960051929
2007-01-12,111.0,0.7318474960051929
2007-01-16,111.0,0.7318474960051929
2007-01-17,111.0,0.7318474960051929
2007-01-18,111.0,0.7318474960051929
2007-01-19,111.0,0.7318474960051929
2007-01-22,111.0,0.7318474960051929
2007-01-23,111.0,0.7318474960051929
2007-01-24,111.0,0.7318474960051929
2007-01-25,111.0,0.7318474960051929
2007-01-26,111.0,0.7318474960051929
2007-01-29,111.0,0.7318474960051929
2007-01-30,111.0,0.7318474960051929
2007-01-31,111.0,0.7318474960051929
2007-02-01,111.0,0.7318474960051929
2007-02-02,111.0,0.7318474960051929
2007-02-05,111.0,0.7318474960051929
2007-02-06,111.0,0.7318474960051929
2007-02-07,111.0,0.7318474960051929
2007-02-08,111.0,0.7318474960051929
2007-02-09,111.0,0.7326958555856278
2007-02-12,111.0,0.7326958555856278
2007-02-13,111.0,0.7326958555856278
2007-02-14,111.0,0.7326958555856278
2007-02-15,111.0,0.7326958555856278
2007-02-16,111.0,0.7326958555856278
2007-02-20,111.0,0.7326958555856278
2007-02-21,111.0,0.7326958555856278
2007-02-22,111.0,0.7326958555856278
2007-02-23,111.0,0.7326958555856278
2007-02-26,111.0,0.7326958555856278
2007-02-27,111.0,0.7326958555856278
2007-02-28,111.0,0.7326958555856278
2007-03-01,111.0,0.7326958555856278
2007-03-02,111.0,0.7326958555856278
2007-03-05,111.0,0.7326958555856278
2007-03-06,111.0,0.7326958555856278
2007-03-07,111.0,0.7326958555856278
2007-03-08,111.0,0.7326958555856278
2007-03-09,111.0,0.7326958555856278
2007-03-12,111.0,0.7326958555856278
2007-03-13,109.0,0.7359108113796703
2007-03-14,109.0,0.7359108113796703
2007-03-15,109.0,0.7359108113796703
2007-03-16,109.0,0.7359108113796703
2007-03-19,109.0,0.7359108113796703
2007-03-20,109.0,0.7359108113796703
2007-03-21,109.0,0.7359108113796703
2007-03-22,109.0,0.7359108113796703
2007-03-23,109.0,0.7359108113796703
2007-03-26,109.0,0.7359108113796703
2007-03-27,109.0,0.7359108113796703
2007-03-28,109.0,0.7359108113796703
2007-03-29,109.0,0.7359108113796703
2007-03-30,109.0,0.7359108113796703
2007-04-02,109.0,0.7359108113796703
2007-04-03,109.0,0.7359108113796703
2007-04-04,109.0,0.7359108113796703
2007-04-05,109.0,0.7359108113796703
2007-04-09,109.0,0.7359108113796703
2007-04-10,109.0,0.7359108113796703
2007-04-11,109.0,0.7359108113796703
2007-04-12,109.0,0.7372029034198408
2007-04-13,109.0,0.7372029034198408
2007-04-16,109.0,0.7372029034198408
2007-04-17,109.0,0.7372029034198408
2007-04-18,109.0,0.7372029034198408
2007-04-19,109.0,0.7372029034198408
2007-04-20,109.0,0.7372029034198408
2007-04-23,109.0,0.7372029034198408
2007-04-24,109.0,0.7372029034198408
2007-04-25,109.0,0.7372029034198408
2007-04-26,109.0,0.7372029034198408
2007-04-27,109.0,0.7372029034198408
2007-04-30,109.0,0.7372029034198408
2007-05-01,109.0,0.7372029034198408
2007-05-02,109.0,0.7372029034198408
2007-05-03,109.0,0.7372029034198408
2007-05-04,109.0,0.7372029034198408
2007-05-07,109.0,0.7372029034198408
2007-05-08,109.0,0.7372029034198408
2007-05-09,109.0,0.7372029034198408
2007-05-10,109.0,0.7372029034198408
2007-05-11,111.0,0.7324462462897922
2007-05-14,111.0,0.7324462462897922
2007-05-15,111.0,0.7324462462897922
2007-05-16,111.0,0.7324462462897922
2007-05-17,111.0,0.7324462462897922
2007-05-18,111.0,0.7324462462897922
2007-05-21,111.0,0.7324462462897922
2007-05-22,111.0,0.7324462462897922
2007-05-23,111.0,0.7324462462897922
2007-05-24,111.0,0.7324462462897922
2007-05-25,111.0,0.7324462462897922
2007-05-29,111.0,0.7324462462897922
2007-05-30,111.0,0.7324462462897922
2007-05-31,111.0,0.7324462462897922
2007-06-01,111.0,0.7324462462897922
2007-06-04,111.0,0.7324462462897922
2007-06-05,111.0,0.7324462462897922
2007-06-06,111.0,0.7324462462897922
2007-06-07,111.0,0.7324462462897922
2007-06-08,111.0,0.7324462462897922
2007-06-11,111.0,0.7324462462897922
2007-06-12,111.0,0.7326178256424261
2007-06-13,111.0,0.7326178256424261
2007-06-14,111.0,0.7326178256424261
2007-06-15,111.0,0.7326178256424261
2007-06-18,111.0,0.7326178256424261
2007-06-19,111.0,0.7326178256424261
2007-06-20,111.0,0.7326178256424261
2007-06-21,111.0,0.7326178256424261
2007-06-22,111.0,0.7326178256424261
2007-06-25,111.0,0.7326178256424261
2007-06-26,111.0,0.7326178256424261
2007-06-27,111.0,0.7326178256424261
2007-06-28,111.0,0.7326178256424261
2007-06-29,111.0,0.7326178256424261
2007-07-02,111.0,0.7326178256424261
2007-07-03,111.0,0.7326178256424261
2007-07-05,111.0,0.7326178256424261
2007-07-06,111.0,0.7326178256424261
2007-07-09,111.0,0.7326178256424261
2007-07-10,111.0,0.7326178256424261
2007-07-11,111.0,0.7326178256424261
2007-07-12,110.0,0.7344609370763908
2007-07-13,110.0,0.7344609370763908
2007-07-16,110.0,0.7344609370763908
2007-07-17,110.0,0.7344609370763908
2007-07-18,110.0,0.7344609370763908
2007-07-19,110.0,0.7344609370763908
2007-07-20,110.0,0.7344609370763908
2007-07-23,110.0,0.7344609370763908
2007-07-24,110.0,0.7344609370763908
2007-07-25,110.0,0.7344609370763908
2007-07-26,110.0,0.7344609370763908
2007-07-27,110.0,0.7344609370763908
2007-07-30,110.0,0.7344609370763908
2007-07-31,110.0,0.7344609370763908
2007-08-01,110.0,0.7344609370763908
2007-08-02,110.0,0.7344609370763908
2007-08-03,110.0,0.7344609370763908
2007-08-06,110.0,0.7344609370763908
2007-08-07,110.0,0.7344609370763908
2007-08-08,110.0,0.7344609370763908
2007-08-09,110.0,0.7344609370763908
2007-08-10,106.0,0.7439577130495386
2007-08-13,106.0,0.7439577130495386
2007-08-14,106.0,0.7439577130495386
2007-08-15,106.0,0.7439577130495386
2007-08-16,106.0,0.7439577130495386
2007-08-17,106.0,0.7439577130495386
2007-08-20,106.0,0.7439577130495386
2007-08-21,106.0,0.7439577130495386
2007-08-22,106.0,0.7439577130495386
2007-08-23,106.0,0.7439577130495386
2007-08-24,106.0,0.7439577130495386
2007-08-27,106.0,0.7439577130495386
2007-08-28,106.0,0.7439577130495386
2007-08-29,106.0,0.7439577130495386
2007-08-30,106.0,0.7439577130495386
2007-08-31,106.0,0.7439577130495386
2007-09-04,106.0,0.7439577130495386
2007-09-05,106.0,0.7439577130495386
2007-09-06,106.0,0.7439577130495386
2007-09-07,106.0,0.7439577130495386
2007-09-10,106.0,0.7439577130495386
2007-09-11,104.0,0.7499566251743537
2007-09-12,104.0,0.7499566251743537
2007-09-13,104.0,0.7499566251743537
2007-09-14,104.0,0.7499566251743537
2007-09-17,104.0,0.7499566251743537
2007-09-18,104.0,0.7499566251743537
2007-09-19,104.0,0.7499566251743537
2007-09-20,104.0,0.7499566251743537
2007-09-21,104.0,0.7499566251743537
2007-09-24,104.0,0.7499566251743537
2007-09-25,104.0,0.7499566251743537
2007-09-26,104.0,0.7499566251743537
2007-09-27,104.0,0.7499566251743537
2007-09-28,104.0,0.7499566251743537
2007-10-01,104.0,0.7499566251743537
2007-10-02,104.0,0.7499566251743537
2007-10-03,104.0,0.7499566251743537
2007-10-04,104.0,0.7499566251743537
2007-10-05,104.0,0.7499566251743537
2007-10-08,104.0,0.7499566251743537
2007-10-09,104.0,0.7499566251743537
2007-10-10,104.0,0.750578529014127
2007-10-11,104.0,0.750578529014127
2007-10-12,104.0,0.750578529014127
2007-10-15,104.0,0.750578529014127
2007-10-16,104.0,0.750578529014127
2007-10-17,104.0,0.750578529014127
2007-10-18,104.0,0.750578529014127
2007-10-19,104.0,0.750578529014127
2007-10-22,104.0,0.750578529014127
2007-10-23,104.0,0.750578529014127
2007-10-24,104.0,0.750578529014127
2007-10-25,104.0,0.750578529014127
2007-10-26,104.0,0.750578529014127
2007-10-29,104.0,0.750578529014127
2007-10-30,104.0,0.750578529014127
2007-10-31,104.0,0.750578529014127
2007-11-01,104.0,0.750578529014127
2007-11-02,104.0,0.750578529014127
2007-11-05,104.0,0.750578529014127
2007-11-06,104.0,0.750578529014127
2007-11-07,104.0,0.750578529014127
2007-11-08,104.0,0.7511800766010439
2007-11-09,104.0,0.7511800766010439
2007-11-12,104.0,0.7511800766010439
2007-11-13,104.0,0.7511800766010439
2007-11-14,104.0,0.7511800766010439
2007-11-15,104.0,0.7511800766010439
2007-11-16,104.0,0.7511800766010439
2007-11-19,104.0,0.7511800766010439
2007-11-20,104.0,0.7511800766010439
2007-11-21,104.0,0.7511800766010439
2007-11-23,104.0,0.7511800766010439
2007-11-26,104.0,0.7511800766010439
2007-11-27,104.0,0.7511800766010439
2007-11-28,104.0,0.7511800766010439
2007-11-29,104.0,0.7511800766010439
2007-11-30,104.0,0.7511800766010439
2007-12-03,104.0,0.7511800766010439
2007-12-04,104.0,0.7511800766010439
2007-12-05,104.0,0.7511800766010439
2007-12-06,104.0,0.7511800766010439
2007-12-07,104.0,0.7511800766010439
2007-12-10,102.0,0.7563001560708151
2007-12-11,102.0,0.7563001560708151
2007-12-12,102.0,0.7563001560708151
2007-12-13,102.0,0.7563001560708151
2007-12-14,102.0,0.7563001560708151
2007-12-17,102.0,0.7563001560708151
2007-12-18,102.0,0.7563001560708151
2007-12-19,102.0,0.7563001560708151
2007-12-20,102.0,0.7563001560708151
2007-12-21,102.0,0.7563001560708151
2007-12-24,102.0,0.7563001560708151
2007-12-26,102.0,0.7563001560708151
2007-12-27,102.0,0.7563001560708151
2007-12-28,102.0,0.7563001560708151
2007-12-31,102.0,0.7563001560708151
2008-01-02,102.0,0.7563001560708151
2008-01-03,102.0,0.7563001560708151
2008-01-04,102.0,0.7563001560708151
2008-01-07,102.0,0.7563001560708151
2008-01-08,102.0,0.7563001560708151
2008-01-09,102.0,0.7563001560708151
2008-01-10,100.0,0.76094641239491
2008-01-11,100.0,0.76094641239491
2008-01-14,100.0,0.76094641239491
2008-01-15,100.0,0.76094641239491
2008-01-16,100.0,0.76094641239491
2008-01-17,100.0,0.76094641239491
2008-01-18,100.0,0.76094641239491
2008-01-22,100.0,0.76094641239491
2008-01-23,100.0,0.76094641239491
2008-01-24,100.0,0.76094641239491
2008-01-25,100.0,0.76094641239491
2008-01-28,100.0,0.76094641239491
2008-01-29,100.0,0.76094641239491
2008-01-30,100.0,0.76094641239491
2008-01-31,100.0,0.76094641239491
2008-02-01,100.0,0.76094641239491
2008-02-04,100.0,0.76094641239491
2008-02-05,100.0,0.76094641239491
2008-02-06,100.0,0.76094641239491
2008-02-07,100.0,0.76094641239491
2008-02-08,100.0,0.76094641239491
2008-02-11,96.0,0.7721941922354931
2008-02-12,96.0,0.7721941922354931
2008-02-13,96.0,0.7721941922354931
2008-02-14,96.0,0.7721941922354931
2008-02-15,96.0,0.7721941922354931
2008-02-19,96.0,0.7721941922354931
2008-02-20,96.0,0.7721941922354931
2008-02-21,96.0,0.7721941922354931
2008-02-22,96.0,0.7721941922354931
2008-02-25,96.0,0.7721941922354931
2008-02-26,96.0,0.7721941922354931
2008-02-27,96.0,0.7721941922354931
2008-02-28,96.0,0.7721941922354931
2008-02-29,96.0,0.7721941922354931
2008-03-03,96.0,0.7721941922354931
2008-03-04,96.0,0.7721941922354931
2008-03-05,96.0,0.7721941922354931
2008-03-06,96.0,0.7721941922354931
2008-03-07,96.0,0.7721941922354931
2008-03-10,96.0,0.7721941922354931
2008-03-11,96.0,0.7721941922354931
2008-03-12,93.0,0.7776023055848931
2008-03-13,93.0,0.7776023055848931
2008-03-14,93.0,0.7776023055848931
2008-03-17,93.0,0.7776023055848931
2008-03-18,93.0,0.7776023055848931
2008-03-19,93.0,0.7776023055848931
2008-03-20,93.0,0.7776023055848931
2008-03-24,93.0,0.7776023055848931
2008-03-25,93.0,0.7776023055848931
2008-03-26,93.0,0.7776023055848931
2008-03-27,93.0,0.7776023055848931
2008-03-28,93.0,0.7776023055848931
2008-03-31,93.0,0.7776023055848931
2008-04-01,93.0,0.7776023055848931
2008-04-02,93.0,0.7776023055848931
2008-04-03,93.0,0.7776023055848931
2008-04-04,93.0,0.7776023055848931
2008-04-07,93.0,0.7776023055848931
2008-04-08,93.0,0.7776023055848931
2008-04-09,93.0,0.7776023055848931
2008-04-10,93.0,0.7776023055848931
2008-04-11,91.0,0.7823471777454661
2008-04-14,91.0,0.7823471777454661
2008-04-15,91.0,0.7823471777454661
2008-04-16,91.0,0.7823471777454661
2008-04-17,91.0,0.7823471777454661
2008-04-18,91.0,0.7823471777454661
2008-04-21,91.0,0.7823471777454661
2008-04-22,91.0,0.7823471777454661
2008-04-23,91.0,0.7823471777454661
2008-04-24,91.0,0.7823471777454661
2008-04-25,91.0,0.7823471777454661
2008-04-28,91.0,0.7823471777454661
2008-04-29,91.0,0.7823471777454661
2008-04-30,91.0,0.7823471777454661
2008-05-01,91.0,0.7823471777454661
2008-05-02,91.0,0.7823471777454661
2008-05-05,91.0,0.7823471777454661
2008-05-06,91.0,0.7823471777454661
2008-05-07,91.0,0.7823471777454661
2008-05-08,91.0,0.7823471777454661
2008-05-09,91.0,0.7823471777454661
2008-05-12,91.0,0.7836385171884654
2008-05-13,91.0,0.7836385171884654
2008-05-14,91.0,0.7836385171884654
2008-05-15,91.0,0.7836385171884654
2008-05-16,91.0,0.7836385171884654
2008-05-19,91.0,0.7836385171884654
2008-05-20,91.0,0.7836385171884654
2008-05-21,91.0,0.7836385171884654
2008-05-22,91.0,0.7836385171884654
2008-05-23,91.0,0.7836385171884654
2008-05-27,91.0,0.7836385171884654
2008-05-28,91.0,0.7836385171884654
2008-05-29,91.0,0.7836385171884654
2008-05-30,91.0,0.7836385171884654
2008-06-02,91.0,0.7836385171884654
2008-06-03,91.0,0.7836385171884654
2008-06-04,91.0,0.7836385171884654
2008-06-05,91.0,0.7836385171884654
2008-06-06,91.0,0.7836385171884654
2008-06-09,91.0,0.7836385171884654
2008-06-10,91.0,0.7836385171884654
2008-06-11,91.0,0.7837209681133896
2008-06-12,91.0,0.7837209681133896
2008-06-13,91.0,0.7837209681133896
2008-06-16,91.0,0.7837209681133896
2008-06-17,91.0,0.7837209681133896
2008-06-18,91.0,0.7837209681133896
2008-06-19,91.0,0.7837209681133896
2008-06-20,91.0,0.7837209681133896
2008-06-23,91.0,0.7837209681133896
2008-06-24,91.0,0.7837209681133896
2008-06-25,91.0,0.7837209681133896
2008-06-26,91.0,0.7837209681133896
2008-06-27,91.0,0.7837209681133896
2008-06-30,91.0,0.7837209681133896
2008-07-01,91.0,0.7837209681133896
2008-07-02,91.0,0.7837209681133896
2008-07-03,91.0,0.7837209681133896
2008-07-07,91.0,0.7837209681133896
2008-07-08,91.0,0.7837209681133896
2008-07-09,91.0,0.7837209681133896
2008-07-10,91.0,0.7837209681133896
2008-07-11,90.0,0.7850959974586963
2008-07-14,90.0,0.7850959974586963
2008-07-15,90.0,0.7850959974586963
2008-07-16,90.0,0.7850959974586963
2008-07-17,90.0,0.7850959974586963
2008-07-18,90.0,0.7850959974586963
2008-07-21,90.0,0.7850959974586963
2008-07-22,90.0,0.7850959974586963
2008-07-23,90.0,0.7850959974586963
2008-07-24,90.0,0.7850959974586963
2008-07-25,90.0,0.7850959974586963
2008-07-28,90.0,0.7850959974586963
2008-07-29,90.0,0.7850959974586963
2008-07-30,90.0,0.7850959974586963
2008-07-31,90.0,0.7850959974586963
2008-08-01,90.0,0.7850959974586963
2008-08-04,90.0,0.7850959974586963
2008-08-05,90.0,0.7850959974586963
2008-08-06,90.0,0.7850959974586963
2008-08-07,90.0,0.7850959974586963
2008-08-08,90.0,0.7850959974586963
2008-08-11,86.0,0.794182200010447
2008-08-12,86.0,0.794182200010447
2008-08-13,86.0,0.794182200010447
2008-08-14,86.0,0.794182200010447
2008-08-15,86.0,0.794182200010447
2008-08-18,86.0,0.794182200010447
2008-08-19,86.0,0.794182200010447
2008-08-20,86.0,0.794182200010447
2008-08-21,86.0,0.794182200010447
2008-08-22,86.0,0.794182200010447
2008-08-25,86.0,0.794182200010447
2008-08-26,86.0,0.794182200010447
2008-08-27,86.0,0.794182200010447
2008-08-28,86.0,0.794182200010447
2008-08-29,86.0,0.794182200010447
2008-09-02,86.0,0.794182200010447
2008-09-03,86.0,0.794182200010447
2008-09-04,86.0,0.794182200010447
2008-09-05,86.0,0.794182200010447
2008-09-08,86.0,0.794182200010447
2008-09-09,86.0,0.794182200010447
2008-09-10,84.0,0.7982187107547061
2008-09-11,84.0,0.7982187107547061
2008-09-12,84.0,0.7982187107547061
2008-09-15,84.0,0.7982187107547061
2008-09-16,84.0,0.7982187107547061
2008-09-17,84.0,0.7982187107547061
2008-09-18,84.0,0.7982187107547061
2008-09-19,84.0,0.7982187107547061
2008-09-22,84.0,0.7982187107547061
2008-09-23,84.0,0.7982187107547061
2008-09-24,84.0,0.7982187107547061
2008-09-25,84.0,0.7982187107547061
2008-09-26,84.0,0.7982187107547061
2008-09-29,84.0,0.7982187107547061
2008-09-30,84.0,0.7982187107547061
2008-10-01,84.0,0.7982187107547061
2008-10-02,84.0,0.7982187107547061
2008-10-03,84.0,0.7982187107547061
2008-10-06,84.0,0.7982187107547061
2008-10-07,84.0,0.7982187107547061
2008-10-08,84.0,0.7982187107547061
2008-10-09,73.0,0.8210277728342855
2008-10-10,73.0,0.8210277728342855
2008-10-13,73.0,0.8210277728342855
2008-10-14,73.0,0.8210277728342855
2008-10-15,73.0,0.8210277728342855
2008-10-16,73.0,0.8210277728342855
2008-10-17,73.0,0.8210277728342855
2008-10-20,73.0,0.8210277728342855
2008-10-21,73.0,0.8210277728342855
2008-10-22,73.0,0.8210277728342855
2008-10-23,73.0,0.8210277728342855
2008-10-24,73.0,0.8210277728342855
2008-10-27,73.0,0.8210277728342855
2008-10-28,73.0,0.8210277728342855
2008-10-29,73.0,0.8210277728342855
2008-10-30,73.0,0.8210277728342855
2008-10-31,73.0,0.8210277728342855
2008-11-03,73.0,0.8210277728342855
2008-11-04,73.0,0.8210277728342855
2008-11-05,73.0,0.8210277728342855
2008-11-06,73.0,0.8210277728342855
2008-11-07,52.0,0.861527521621546
2008-11-10,52.0,0.861527521621546
2008-11-11,52.0,0.861527521621546
2008-11-12,52.0,0.861527521621546
2008-11-13,52.0,0.861527521621546
2008-11-14,52.0,0.861527521621546
2008-11-17,52.0,0.861527521621546
2008-11-18,52.0,0.861527521621546
2008-11-19,52.0,0.861527521621546
2008-11-20,52.0,0.861527521621546
2008-11-21,52.0,0.861527521621546
2008-11-24,52.0,0.861527521621546
2008-11-25,52.0,0.861527521621546
2008-11-26,52.0,0.861527521621546
2008-11-28,52.0,0.861527521621546
2008-12-01,52.0,0.861527521621546
2008-12-02,52.0,0.861527521621546
2008-12-03,52.0,0.861527521621546
2008-12-04,52.0,0.861527521621546
2008-12-05,52.0,0.861527521621546
2008-12-08,52.0,0.861527521621546
2008-12-09,43.0,0.8765712146104825
2008-12-10,43.0,0.8765712146104825
2008-12-11,43.0,0.8765712146104825
2008-12-12,43.0,0.8765712146104825
2008-12-15,43.0,0.8765712146104825
2008-12-16,43.0,0.8765712146104825
2008-12-17,43.0,0.8765712146104825
2008-12-18,43.0,0.8765712146104825
2008-12-19,43.0,0.8765712146104825
2008-12-22,43.0,0.8765712146104825
2008-12-23,43.0,0.8765712146104825
2008-12-24,43.0,0.8765712146104825
2008-12-26,43.0,0.8765712146104825
2008-12-29,43.0,0.8765712146104825
2008-12-30,43.0,0.8765712146104825
2008-12-31,43.0,0.8765712146104825
2009-01-02,43.0,0.8765712146104825
2009-01-05,43.0,0.8765712146104825
2009-01-06,43.0,0.8765712146104825
2009-01-07,43.0,0.8765712146104825
2009-01-08,43.0,0.8765712146104825
2009-01-09,44.0,0.8746342296080717
2009-01-12,44.0,0.8746342296080717
2009-01-13,44.0,0.8746342296080717
2009-01-14,44.0,0.8746342296080717
2009-01-15,44.0,0.8746342296080717
2009-01-16,44.0,0.8746342296080717
2009-01-20,44.0,0.8746342296080717
2009-01-21,44.0,0.8746342296080717
2009-01-22,44.0,0.8746342296080717
2009-01-23,44.0,0.8746342296080717
2009-01-26,44.0,0.8746342296080717
2009-01-27,44.0,0.8746342296080717
2009-01-28,44.0,0.8746342296080717
2009-01-29,44.0,0.8746342296080717
2009-01-30,44.0,0.8746342296080717
2009-02-02,44.0,0.8746342296080717
2009-02-03,44.0,0.8746342296080717
2009-02-04,44.0,0.8746342296080717
2009-02-05,44.0,0.8746342296080717
2009-02-06,44.0,0.8746342296080717
2009-02-09,44.0,0.8746342296080717
2009-02-10,45.0,0.8734612743949624
2009-02-11,45.0,0.8734612743949624
2009-02-12,45.0,0.8734612743949624
2009-02-13,45.0,0.8734612743949624
2009-02-17,45.0,0.8734612743949624
2009-02-18,45.0,0.8734612743949624
2009-02-19,45.0,0.8734612743949624
2009-02-20,45.0,0.8734612743949624
2009-02-23,45.0,0.8734612743949624
2009-02-24,45.0,0.8734612743949624
2009-02-25,45.0,0.8734612743949624
2009-02-26,45.0,0.8734612743949624
2009-02-27,45.0,0.8734612743949624
2009-03-02,45.0,0.8734612743949624
2009-03-03,45.0,0.8734612743949624
2009-03-04,45.0,0.8734612743949624
2009-03-05,45.0,0.8734612743949624
2009-03-06,45.0,0.8734612743949624
2009-03-09,45.0,0.8734612743949624
2009-03-10,45.0,0.8734612743949624
2009-03-11,45.0,0.8734612743949624
2009-03-12,45.0,0.874373767707152
2009-03-13,45.0,0.874373767707152
2009-03-16,45.0,0.874373767707152
2009-03-17,45.0,0.874373767707152
2009-03-18,45.0,0.874373767707152
2009-03-19,45.0,0.874373767707152
2009-03-20,45.0,0.874373767707152
2009-03-23,45.0,0.874373767707152
2009-03-24,45.0,0.874373767707152
2009-03-25,45.0,0.874373767707152
2009-03-26,45.0,0.874373767707152
2009-03-27,45.0,0.874373767707152
2009-03-30,45.0,0.874373767707152
2009-03-31,45.0,0.874373767707152
2009-04-01,45.0,0.874373767707152
2009-04-02,45.0,0.874373767707152
2009-04-03,45.0,0.874373767707152
2009-04-06,45.0,0.874373767707152
2009-04-07,45.0,0.874373767707152
2009-04-08,45.0,0.874373767707152
2009-04-09,45.0,0.874373767707152
2009-04-13,44.0,0.8745941702774219
2009-04-14,44.0,0.8745941702774219
2009-04-15,44.0,0.8745941702774219
2009-04-16,44.0,0.8745941702774219
2009-04-17,44.0,0.8745941702774219
2009-04-20,44.0,0.8745941702774219
2009-04-21,44.0,0.8745941702774219
2009-04-22,44.0,0.8745941702774219
2009-04-23,44.0,0.8745941702774219
2009-04-24,44.0,0.8745941702774219
2009-04-27,44.0,0.8745941702774219
2009-04-28,44.0,0.8745941702774219
2009-04-29,44.0,0.8745941702774219
2009-04-30,44.0,0.8745941702774219
2009-05-01,44.0,0.8745941702774219
2009-05-04,44.0,0.8745941702774219
2009-05-05,44.0,0.8745941702774219
2009-05-06,44.0,0.8745941702774219
2009-05-07,44.0,0.8745941702774219
2009-05-08,44.0,0.8745941702774219
2009-05-11,44.0,0.8745941702774219
2009-05-12,45.0,0.8732342438348806
2009-05-13,45.0,0.8732342438348806
2009-05-14,45.0,0.8732342438348806
2009-05-15,45.0,0.8732342438348806
2009-05-18,45.0,0.8732342438348806
2009-05-19,45.0,0.8732342438348806
2009-05-20,45.0,0.8732342438348806
2009-05-21,45.0,0.8732342438348806
2009-05-22,45.0,0.8732342438348806
2009-05-26,45.0,0.8732342438348806
2009-05-27,45.0,0.8732342438348806
2009-05-28,45.0,0.8732342438348806
2009-05-29,45.0,0.8732342438348806
2009-06-01,45.0,0.8732342438348806
2009-06-02,45.0,0.8732342438348806
2009-06-03,45.0,0.8732342438348806
2009-06-04,45.0,0.8732342438348806
2009-06-05,45.0,0.8732342438348806
2009-06-08,45.0,0.8732342438348806
2009-06-09,45.0,0.8732342438348806
2009-06-10,45.0,0.8732342438348806
2009-06-11,45.0,0.8722612290832664
2009-06-12,45.0,0.8722612290832664
2009-06-15,45.0,0.8722612290832664
2009-06-16,45.0,0.8722612290832664
2009-06-17,45.0,0.8722612290832664
2009-06-18,45.0,0.8722612290832664
2009-06-19,45.0,0.8722612290832664
2009-06-22,45.0,0.8722612290832664
2009-06-23,45.0,0.8722612290832664
2009-06-24,45.0,0.8722612290832664
2009-06-25,45.0,0.8722612290832664
2009-06-26,45.0,0.8722612290832664
2009-06-29,45.0,0.8722612290832664
2009-06-30,45.0,0.8722612290832664
2009-07-01,45.0,0.8722612290832664
2009-07-02,45.0,0.8722612290832664
2009-07-06,45.0,0.8722612290832664
2009-07-07,45.0,0.8722612290832664
2009-07-08,45.0,0.8722612290832664
2009-07-09,45.0,0.8722612290832664
2009-07-10,45.0,0.8722612290832664
2009-07-13,45.0,0.8717711728801175
2009-07-14,45.0,0.8717711728801175
2009-07-15,45.0,0.8717711728801175
2009-07-16,45.0,0.8717711728801175
2009-07-17,45.0,0.8717711728801175
2009-07-20,45.0,0.8717711728801175
2009-07-21,45.0,0.8717711728801175
2009-07-22,45.0,0.8717711728801175
2009-07-23,45.0,0.8717711728801175
2009-07-24,45.0,0.8717711728801175
2009-07-27,45.0,0.8717711728801175
2009-07-28,45.0,0.8717711728801175
2009-07-29,45.0,0.8717711728801175
2009-07-30,45.0,0.8717711728801175
2009-07-31,45.0,0.8717711728801175
2009-08-03,45.0,0.8717711728801175
2009-08-04,45.0,0.8717711728801175
2009-08-05,45.0,0.8717711728801175
2009-08-06,45.0,0.8717711728801175
2009-08-07,45.0,0.8717711728801175
2009-08-10,45.0,0.8717711728801175
2009-08-11,46.0,0.87107733912542
2009-08-12,46.0,0.87107733912542
2009-08-13,46.0,0.87107733912542
2009-08-14,46.0,0.87107733912542
2009-08-17,46.0,0.87107733912542
2009-08-18,46.0,0.87107733912542
2009-08-19,46.0,0.87107733912542
2009-08-20,46.0,0.87107733912542
2009-08-21,46.0,0.87107733912542
2009-08-24,46.0,0.87107733912542
2009-08-25,46.0,0.87107733912542
2009-08-26,46.0,0.87107733912542
2009-08-27,46.0,0.87107733912542
2009-08-28,46.0,0.87107733912542
2009-08-31,46.0,0.87107733912542
2009-09-01,46.0,0.87107733912542
2009-09-02,46.0,0.87107733912542
2009-09-03,46.0,0.87107733912542
2009-09-04,46.0,0.87107733912542
2009-09-08,46.0,0.87107733912542
2009-09-09,46.0,0.87107733912542
2009-09-10,45.0,0.8717998482054312
2009-09-11,45.0,0.8717998482054312
2009-09-14,45.0,0.8717998482054312
2009-09-15,45.0,0.8717998482054312
2009-09-16,45.0,0.8717998482054312
2009-09-17,45.0,0.8717998482054312
2009-09-18,45.0,0.8717998482054312
2009-09-21,45.0,0.8717998482054312
2009-09-22,45.0,0.8717998482054312
2009-09-23,45.0,0.8717998482054312
2009-09-24,45.0,0.8717998482054312
2009-09-25,45.0,0.8717998482054312
2009-09-28,45.0,0.8717998482054312
2009-09-29,45.0,0.8717998482054312
2009-09-30,45.0,0.8717998482054312
2009-10-01,45.0,0.8717998482054312
2009-10-02,45.0,0.8717998482054312
2009-10-05,45.0,0.8717998482054312
2009-10-06,45.0,0.8717998482054312
2009-10-07,45.0,0.8717998482054312
2009-10-08,45.0,0.8717998482054312
2009-10-09,45.0,0.8716440732050834
2009-10-12,45.0,0.8716440732050834
2009-10-13,45.0,0.8716440732050834
2009-10-14,45.0,0.8716440732050834
2009-10-15,45.0,0.8716440732050834
2009-10-16,45.0,0.8716440732050834
2009-10-19,45.0,0.8716440732050834
2009-10-20,45.0,0.8716440732050834
2009-10-21,45.0,0.8716440732050834
2009-10-22,45.0,0.8716440732050834
2009-10-23,45.0,0.8716440732050834
2009-10-26,45.0,0.8716440732050834
2009-10-27,45.0,0.8716440732050834
2009-10-28,45.0,0.8716440732050834
2009-10-29,45.0,0.8716440732050834
2009-10-30,45.0,0.8716440732050834
2009-11-02,45.0,0.8716440732050834
2009-11-03,45.0,0.8716440732050834
2009-11-04,45.0,0.8716440732050834
2009-11-05,45.0,0.8716440732050834
2009-11-06,45.0,0.8716440732050834
2009-11-09,45.0,0.8727484414619145
2009-11-10,45.0,0.8727484414619145
2009-11-11,45.0,0.8727484414619145
2009-11-12,45.0,0.8727484414619145
2009-11-13,45.0,0.8727484414619145
2009-11-16,45.0,0.8727484414619145
2009-11-17,45.0,0.8727484414619145
2009-11-18,45.0,0.8727484414619145
2009-11-19,45.0,0.8727484414619145
2009-11-20,45.0,0.8727484414619145
2009-11-23,45.0,0.8727484414619145
2009-11-24,45.0,0.8727484414619145
2009-11-25,45.0,0.8727484414619145
2009-11-27,45.0,0.8727484414619145
2009-11-30,45.0,0.8727484414619145
2009-12-01,45.0,0.8727484414619145
2009-12-02,45.0,0.8727484414619145
2009-12-03,45.0,0.8727484414619145
2009-12-04,45.0,0.8727484414619145
2009-12-07,45.0,0.8727484414619145
2009-12-08,45.0,0.8727484414619145
2009-12-09,44.0,0.8742411092678729
2009-12-10,44.0,0.8742411092678729
2009-12-11,44.0,0.8742411092678729
2009-12-14,44.0,0.8742411092678729
2009-12-15,44.0,0.8742411092678729
2009-12-16,44.0,0.8742411092678729
2009-12-17,44.0,0.8742411092678729
2009-12-18,44.0,0.8742411092678729
2009-12-21,44.0,0.8742411092678729
2009-12-22,44.0,0.8742411092678729
2009-12-23,44.0,0.8742411092678729
2009-12-24,44.0,0.8742411092678729
2009-12-28,44.0,0.8742411092678729
2009-12-29,44.0,0.8742411092678729
2009-12-30,44.0,0.8742411092678729
2009-12-31,44.0,0.8742411092678729
2010-01-04,44.0,0.8742411092678729
2010-01-05,44.0,0.8742411092678729
2010-01-06,44.0,0.8742411092678729
2010-01-07,44.0,0.8742411092678729
2010-01-08,44.0,0.8742411092678729
2010-01-11,44.0,0.8752078103883617
2010-01-12,44.0,0.8752078103883617
2010-01-13,44.0,0.8752078103883617
2010-01-14,44.0,0.8752078103883617
2010-01-15,44.0,0.8752078103883617
2010-01-19,44.0,0.8752078103883617
2010-01-20,44.0,0.8752078103883617
2010-01-21,44.0,0.8752078103883617
2010-01-22,44.0,0.8752078103883617
2010-01-25,44.0,0.8752078103883617
2010-01-26,44.0,0.8752078103883617
2010-01-27,44.0,0.8752078103883617
2010-01-28,44.0,0.8752078103883617
2010-01-29,44.0,0.8752078103883617
2010-02-01,44.0,0.8752078103883617
2010-02-02,44.0,0.8752078103883617
2010-02-03,44.0,0.8752078103883617
2010-02-04,44.0,0.8752078103883617
2010-02-05,44.0,0.8752078103883617
2010-02-08,44.0,0.8752078103883617
2010-02-09,44.0,0.8752078103883617
2010-02-10,43.0,0.8773772489393327
2010-02-11,43.0,0.8773772489393327
2010-02-12,43.0,0.8773772489393327
2010-02-16,43.0,0.8773772489393327
2010-02-17,43.0,0.8773772489393327
2010-02-18,43.0,0.8773772489393327
2010-02-19,43.0,0.8773772489393327
2010-02-22,43.0,0.8773772489393327
2010-02-23,43.0,0.8773772489393327
2010-02-24,43.0,0.8773772489393327
2010-02-25,43.0,0.8773772489393327
2010-02-26,43.0,0.8773772489393327
2010-03-01,43.0,0.8773772489393327
2010-03-02,43.0,0.8773772489393327
2010-03-03,43.0,0.8773772489393327
2010-03-04,43.0,0.8773772489393327
2010-03-05,43.0,0.8773772489393327
2010-03-08,43.0,0.8773772489393327
2010-03-09,43.0,0.8773772489393327
2010-03-10,43.0,0.8773772489393327
2010-03-11,43.0,0.8773772489393327
2010-03-12,43.0,0.8779481072605025
2010-03-15,43.0,0.8779481072605025
2010-03-16,43.0,0.8779481072605025
2010-03-17,43.0,0.8779481072605025
2010-03-18,43.0,0.8779481072605025
2010-03-19,43.0,0.8779481072605025
2010-03-22,43.0,0.8779481072605025
2010-03-23,43.0,0.8779481072605025
2010-03-24,43.0,0.8779481072605025
2010-03-25,43.0,0.8779481072605025
2010-03-26,43.0,0.8779481072605025
2010-03-29,43.0,0.8779481072605025
2010-03-30,43.0,0.8779481072605025
2010-03-31,43.0,0.8779481072605025
2010-04-01,43.0,0.8779481072605025
2010-04-05,43.0,0.8779481072605025
2010-04-06,43.0,0.8779481072605025
2010-04-07,43.0,0.8779481072605025
2010-04-08,43.0,0.8779481072605025
2010-04-09,43.0,0.8779481072605025
2010-04-12,43.0,0.8779481072605025
2010-04-13,42.0,0.8791366913153547
2010-04-14,42.0,0.8791366913153547
2010-04-15,42.0,0.8791366913153547
2010-04-16,42.0,0.8791366913153547
2010-04-19,42.0,0.8791366913153547
2010-04-20,42.0,0.8791366913153547
2010-04-21,42.0,0.8791366913153547
2010-04-22,42.0,0.8791366913153547
2010-04-23,42.0,0.8791366913153547
2010-04-26,42.0,0.8791366913153547
2010-04-27,42.0,0.8791366913153547
2010-04-28,42.0,0.8791366913153547
2010-04-29,42.0,0.8791366913153547
2010-04-30,42.0,0.8791366913153547
2010-05-03,42.0,0.8791366913153547
2010-05-04,42.0,0.8791366913153547
2010-05-05,42.0,0.8791366913153547
2010-05-06,42.0,0.8791366913153547
2010-05-07,42.0,0.8791366913153547
2010-05-10,42.0,0.8791366913153547
2010-05-11,42.0,0.8791366913153547
2010-05-12,41.0,0.8812179623617885
2010-05-13,41.0,0.8812179623617885
2010-05-14,41.0,0.8812179623617885
2010-05-17,41.0,0.8812179623617885
2010-05-18,41.0,0.8812179623617885
2010-05-19,41.0,0.8812179623617885
2010-05-20,41.0,0.8812179623617885
2010-05-21,41.0,0.8812179623617885
2010-05-24,41.0,0.8812179623617885
2010-05-25,41.0,0.8812179623617885
2010-05-26,41.0,0.8812179623617885
2010-05-27,41.0,0.8812179623617885
2010-05-28,41.0,0.8812179623617885
2010-06-01,41.0,0.8812179623617885
2010-06-02,41.0,0.8812179623617885
2010-06-03,41.0,0.8812179623617885
2010-06-04,41.0,0.8812179623617885
2010-06-07,41.0,0.8812179623617885
2010-06-08,41.0,0.8812179623617885
2010-06-09,41.0,0.8812179623617885
2010-06-10,41.0,0.8812179623617885
2010-06-11,40.0,0.8831521317639837
2010-06-14,40.0,0.8831521317639837
2010-06-15,40.0,0.8831521317639837
2010-06-16,40.0,0.8831521317639837
2010-06-17,40.0,0.8831521317639837
2010-06-18,40.0,0.8831521317639837
2010-06-21,40.0,0.8831521317639837
2010-06-22,40.0,0.8831521317639837
2010-06-23,40.0,0.8831521317639837
2010-06-24,40.0,0.8831521317639837
2010-06-25,40.0,0.8831521317639837
2010-06-28,40.0,0.8831521317639837
2010-06-29,40.0,0.8831521317639837
2010-06-30,40.0,0.8831521317639837
2010-07-01,40.0,0.8831521317639837
2010-07-02,40.0,0.8831521317639837
2010-07-06,40.0,0.8831521317639837
2010-07-07,40.0,0.8831521317639837
2010-07-08,40.0,0.8831521317639837
2010-07-09,40.0,0.8831521317639837
2010-07-12,40.0,0.8831521317639837
2010-07-13,39.0,0.8852248868185016
2010-07-14,39.0,0.8852248868185016
2010-07-15,39.0,0.8852248868185016
2010-07-16,39.0,0.8852248868185016
2010-07-19,39.0,0.8852248868185016
2010-07-20,39.0,0.8852248868185016
2010-07-21,39.0,0.8852248868185016
2010-07-22,39.0,0.8852248868185016
2010-07-23,39.0,0.8852248868185016
2010-07-26,39.0,0.8852248868185016
2010-07-27,39.0,0.8852248868185016
2010-07-28,39.0,0.8852248868185016
2010-07-29,39.0,0.8852248868185016
2010-07-30,39.0,0.8852248868185016
2010-08-02,39.0,0.8852248868185016
2010-08-03,39.0,0.8852248868185016
2010-08-04,39.0,0.8852248868185016
2010-08-05,39.0,0.8852248868185016
2010-08-06,39.0,0.8852248868185016
2010-08-09,39.0,0.8852248868185016
2010-08-10,39.0,0.8852248868185016
2010-08-11,38.0,0.8871256138454346
2010-08-12,38.0,0.8871256138454346
2010-08-13,38.0,0.8871256138454346
2010-08-16,38.0,0.8871256138454346
2010-08-17,38.0,0.8871256138454346
2010-08-18,38.0,0.8871256138454346
2010-08-19,38.0,0.8871256138454346
2010-08-20,38.0,0.8871256138454346
2010-08-23,38.0,0.8871256138454346
2010-08-24,38.0,0.8871256138454346
2010-08-25,38.0,0.8871256138454346
2010-08-26,38.0,0.8871256138454346
2010-08-27,38.0,0.8871256138454346
2010-08-30,38.0,0.8871256138454346
2010-08-31,38.0,0.8871256138454346
2010-09-01,38.0,0.8871256138454346
2010-09-02,38.0,0.8871256138454346
2010-09-03,38.0,0.8871256138454346
2010-09-07,38.0,0.8871256138454346
2010-09-08,38.0,0.8871256138454346
2010-09-09,38.0,0.8871256138454346
2010-09-10,38.0,0.888609493304516
2010-09-13,38.0,0.888609493304516
2010-09-14,38.0,0.888609493304516
2010-09-15,38.0,0.888609493304516
2010-09-16,38.0,0.888609493304516
2010-09-17,38.0,0.888609493304516
2010-09-20,38.0,0.888609493304516
2010-09-21,38.0,0.888609493304516
2010-09-22,38.0,0.888609493304516
2010-09-23,38.0,0.888609493304516
2010-09-24,38.0,0.888609493304516
2010-09-27,38.0,0.888609493304516
2010-09-28,38.0,0.888609493304516
2010-09-29,38.0,0.888609493304516
2010-09-30,38.0,0.888609493304516
2010-10-01,38.0,0.888609493304516
2010-10-04,38.0,0.888609493304516
2010-10-05,38.0,0.888609493304516
2010-10-06,38.0,0.888609493304516
2010-10-07,38.0,0.888609493304516
2010-10-08,38.0,0.888609493304516
2010-10-11,38.0,0.8887516771277398
2010-10-12,38.0,0.8887516771277398
2010-10-13,38.0,0.8887516771277398
2010-10-14,38.0,0.8887516771277398
2010-10-15,38.0,0.8887516771277398
2010-10-18,38.0,0.8887516771277398
2010-10-19,38.0,0.8887516771277398
2010-10-20,38.0,0.8887516771277398
2010-10-21,38.0,0.8887516771277398
2010-10-22,38.0,0.8887516771277398
2010-10-25,38.0,0.8887516771277398
2010-10-26,38.0,0.8887516771277398
2010-10-27,38.0,0.8887516771277398
2010-10-28,38.0,0.8887516771277398
2010-10-29,38.0,0.8887516771277398
2010-11-01,38.0,0.8887516771277398
2010-11-02,38.0,0.8887516771277398
2010-11-03,38.0,0.8887516771277398
2010-11-04,38.0,0.8887516771277398
2010-11-05,38.0,0.8887516771277398
2010-11-08,38.0,0.8887516771277398
2010-11-09,45.0,0.8755389113412415
2010-11-10,45.0,0.8755389113412415
2010-11-11,45.0,0.8755389113412415
2010-11-12,45.0,0.8755389113412415
2010-11-15,45.0,0.8755389113412415
2010-11-16,45.0,0.8755389113412415
2010-11-17,45.0,0.8755389113412415
2010-11-18,45.0,0.8755389113412415
2010-11-19,45.0,0.8755389113412415
2010-11-22,45.0,0.8755389113412415
2010-11-23,45.0,0.8755389113412415
2010-11-24,45.0,0.8755389113412415
2010-11-26,45.0,0.8755389113412415
2010-11-29,45.0,0.8755389113412415
2010-11-30,45.0,0.8755389113412415
2010-12-01,45.0,0.8755389113412415
2010-12-02,45.0,0.8755389113412415
2010-12-03,45.0,0.8755389113412415
2010-12-06,45.0,0.8755389113412415
2010-12-07,45.0,0.8755389113412415
2010-12-08,45.0,0.8755389113412415
2010-12-09,53.0,0.8610872683862498
2010-12-10,53.0,0.8610872683862498
2010-12-13,53.0,0.8610872683862498
2010-12-14,53.0,0.8610872683862498
2010-12-15,53.0,0.8610872683862498
2010-12-16,53.0,0.8610872683862498
2010-12-17,53.0,0.8610872683862498
2010-12-20,53.0,0.8610872683862498
2010-12-21,53.0,0.8610872683862498
2010-12-22,53.0,0.8610872683862498
2010-12-23,53.0,0.8610872683862498
2010-12-27,53.0,0.8610872683862498
2010-12-28,53.0,0.8610872683862498
2010-12-29,53.0,0.8610872683862498
2010-12-30,53.0,0.8610872683862498
2011-01-03,53.0,0.8610872683862498
2011-01-04,53.0,0.8610872683862498
2011-01-05,53.0,0.8610872683862498
2011-01-06,53.0,0.8610872683862498
2011-01-07,53.0,0.8610872683862498
2011-01-10,53.0,0.8610872683862498
2011-01-11,53.0,0.8606437593154358
2011-01-12,53.0,0.8606437593154358
2011-01-13,53.0,0.8606437593154358
2011-01-14,53.0,0.8606437593154358
2011-01-18,53.0,0.8606437593154358
2011-01-19,53.0,0.8606437593154358
2011-01-20,53.0,0.8606437593154358
2011-01-21,53.0,0.8606437593154358
2011-01-24,53.0,0.8606437593154358
2011-01-25,53.0,0.8606437593154358
2011-01-26,53.0,0.8606437593154358
2011-01-27,53.0,0.8606437593154358
2011-01-28,53.0,0.8606437593154358
2011-01-31,53.0,0.8606437593154358
2011-02-01,53.0,0.8606437593154358
2011-02-02,53.0,0.8606437593154358
2011-02-03,53.0,0.8606437593154358
2011-02-04,53.0,0.8606437593154358
2011-02-07,53.0,0.8606437593154358
2011-02-08,53.0,0.8606437593154358
2011-02-09,53.0,0.8606437593154358
2011-02-10,56.0,0.8555368346227642
2011-02-11,56.0,0.8555368346227642
2011-02-14,56.0,0.8555368346227642
2011-02-15,56.0,0.8555368346227642
2011-02-16,56.0,0.8555368346227642
2011-02-17,56.0,0.8555368346227642
2011-02-18,56.0,0.8555368346227642
2011-02-22,56.0,0.8555368346227642
2011-02-23,56.0,0.8555368346227642
2011-02-24,56.0,0.8555368346227642
2011-02-25,56.0,0.8555368346227642
2011-02-28,56.0,0.8555368346227642
2011-03-01,56.0,0.8555368346227642
2011-03-02,56.0,0.8555368346227642
2011-03-03,56.0,0.8555368346227642
2011-03-04,56.0,0.8555368346227642
2011-03-07,56.0,0.8555368346227642
2011-03-08,56.0,0.8555368346227642
2011-03-09,56.0,0.8555368346227642
2011-03-10,56.0,0.8555368346227642
2011-03-11,56.0,0.8555368346227642
2011-03-14,62.0,0.8428542147097778
2011-03-15,62.0,0.8428542147097778
2011-03-16,62.0,0.8428542147097778
2011-03-17,62.0,0.8428542147097778
2011-03-18,62.0,0.8428542147097778
2011-03-21,62.0,0.8428542147097778
2011-03-22,62.0,0.8428542147097778
2011-03-23,62.0,0.8428542147097778
2011-03-24,62.0,0.8428542147097778
2011-03-25,62.0,0.8428542147097778
2011-03-28,62.0,0.8428542147097778
2011-03-29,62.0,0.8428542147097778
2011-03-30,62.0,0.8428542147097778
2011-03-31,62.0,0.8428542147097778
2011-04-01,62.0,0.8428542147097778
2011-04-04,62.0,0.8428542147097778
2011-04-05,62.0,0.8428542147097778
2011-04-06,62.0,0.8428542147097778
2011-04-07,62.0,0.8428542147097778
2011-04-08,62.0,0.8428542147097778
2011-04-11,62.0,0.8428542147097778
2011-04-12,71.0,0.8262845782369672
2011-04-13,71.0,0.8262845782369672
2011-04-14,71.0,0.8262845782369672
2011-04-15,71.0,0.8262845782369672
2011-04-18,71.0,0.8262845782369672
2011-04-19,71.0,0.8262845782369672
2011-04-20,71.0,0.8262845782369672
2011-04-21,71.0,0.8262845782369672
2011-04-25,71.0,0.8262845782369672
2011-04-26,71.0,0.8262845782369672
2011-04-27,71.0,0.8262845782369672
2011-04-28,71.0,0.8262845782369672
2011-04-29,71.0,0.8262845782369672
2011-05-02,71.0,0.8262845782369672
2011-05-03,71.0,0.8262845782369672
2011-05-04,71.0,0.8262845782369672
2011-05-05,71.0,0.8262845782369672
2011-05-06,71.0,0.8262845782369672
2011-05-09,71.0,0.8262845782369672
2011-05-10,71.0,0.8262845782369672
2011-05-11,71.0,0.8262845782369672
2011-05-12,78.0,0.8119177380517082
2011-05-13,78.0,0.8119177380517082
2011-05-16,78.0,0.8119177380517082
2011-05-17,78.0,0.8119177380517082
2011-05-18,78.0,0.8119177380517082
2011-05-19,78.0,0.8119177380517082
2011-05-20,78.0,0.8119177380517082
2011-05-23,78.0,0.8119177380517082
2011-05-24,78.0,0.8119177380517082
2011-05-25,78.0,0.8119177380517082
2011-05-26,78.0,0.8119177380517082
2011-05-27,78.0,0.8119177380517082
2011-05-31,78.0,0.8119177380517082
2011-06-01,78.0,0.8119177380517082
2011-06-02,78.0,0.8119177380517082
2011-06-03,78.0,0.8119177380517082
2011-06-06,78.0,0.8119177380517082
2011-06-07,78.0,0.8119177380517082
2011-06-08,78.0,0.8119177380517082
2011-06-09,78.0,0.8119177380517082
2011-06-10,78.0,0.8119177380517082
2011-06-13,79.0,0.8089052125818391
2011-06-14,79.0,0.8089052125818391
2011-06-15,79.0,0.8089052125818391
2011-06-16,79.0,0.8089052125818391
2011-06-17,79.0,0.8089052125818391
2011-06-20,79.0,0.8089052125818391
2011-06-21,79.0,0.8089052125818391
2011-06-22,79.0,0.8089052125818391
2011-06-23,79.0,0.8089052125818391
2011-06-24,79.0,0.8089052125818391
2011-06-27,79.0,0.8089052125818391
2011-06-28,79.0,0.8089052125818391
2011-06-29,79.0,0.8089052125818391
2011-06-30,79.0,0.8089052125818391
2011-07-01,79.0,0.8089052125818391
2011-07-05,79.0,0.8089052125818391
2011-07-06,79.0,0.8089052125818391
2011-07-07,79.0,0.8089052125818391
2011-07-08,79.0,0.8089052125818391
2011-07-11,79.0,0.8089052125818391
2011-07-12,79.0,0.8089052125818391
2011-07-13,80.0,0.8078358785432246
2011-07-14,80.0,0.8078358785432246
2011-07-15,80.0,0.8078358785432246
2011-07-18,80.0,0.8078358785432246
2011-07-19,80.0,0.8078358785432246
2011-07-20,80.0,0.8078358785432246
2011-07-21,80.0,0.8078358785432246
2011-07-22,80.0,0.8078358785432246
2011-07-25,80.0,0.8078358785432246
2011-07-26,80.0,0.8078358785432246
2011-07-27,80.0,0.8078358785432246
2011-07-28,80.0,0.8078358785432246
2011-07-29,80.0,0.8078358785432246
2011-08-01,80.0,0.8078358785432246
2011-08-02,80.0,0.8078358785432246
2011-08-03,80.0,0.8078358785432246
2011-08-04,80.0,0.8078358785432246
2011-08-05,80.0,0.8078358785432246
2011-08-08,80.0,0.8078358785432246
2011-08-09,80.0,0.8078358785432246
2011-08-10,80.0,0.8078358785432246
2011-08-11,73.0,0.8204464489646746
2011-08-12,73.0,0.8204464489646746
2011-08-15,73.0,0.8204464489646746
2011-08-16,73.0,0.8204464489646746
2011-08-17,73.0,0.8204464489646746
2011-08-18,73.0,0.8204464489646746
2011-08-19,73.0,0.8204464489646746
2011-08-22,73.0,0.8204464489646746
2011-08-23,73.0,0.8204464489646746
2011-08-24,73.0,0.8204464489646746
2011-08-25,73.0,0.8204464489646746
2011-08-26,73.0,0.8204464489646746
2011-08-29,73.0,0.8204464489646746
2011-08-30,73.0,0.8204464489646746
2011-08-31,73.0,0.8204464489646746
2011-09-01,73.0,0.8204464489646746
2011-09-02,73.0,0.8204464489646746
2011-09-06,73.0,0.8204464489646746
2011-09-07,73.0,0.8204464489646746
2011-09-08,73.0,0.8204464489646746
2011-09-09,73.0,0.8204464489646746
2011-09-12,68.0,0.8307281107158876
2011-09-13,68.0,0.8307281107158876
2011-09-14,68.0,0.8307281107158876
2011-09-15,68.0,0.8307281107158876
2011-09-16,68.0,0.8307281107158876
2011-09-19,68.0,0.8307281107158876
2011-09-20,68.0,0.8307281107158876
2011-09-21,68.0,0.8307281107158876
2011-09-22,68.0,0.8307281107158876
2011-09-23,68.0,0.8307281107158876
2011-09-26,68.0,0.8307281107158876
2011-09-27,68.0,0.8307281107158876
2011-09-28,68.0,0.8307281107158876
2011-09-29,68.0,0.8307281107158876
2011-09-30,68.0,0.8307281107158876
2011-10-03,68.0,0.8307281107158876
2011-10-04,68.0,0.8307281107158876
2011-10-05,68.0,0.8307281107158876
2011-10-06,68.0,0.8307281107158876
2011-10-07,68.0,0.8307281107158876
2011-10-10,68.0,0.8307281107158876
2011-10-11,64.0,0.8385381698601281
2011-10-12,64.0,0.8385381698601281
2011-10-13,64.0,0.8385381698601281
2011-10-14,64.0,0.8385381698601281
2011-10-17,64.0,0.8385381698601281
2011-10-18,64.0,0.8385381698601281
2011-10-19,64.0,0.8385381698601281
2011-10-20,64.0,0.8385381698601281
2011-10-21,64.0,0.8385381698601281
2011-10-24,64.0,0.8385381698601281
2011-10-25,64.0,0.8385381698601281
2011-10-26,64.0,0.8385381698601281
2011-10-27,64.0,0.8385381698601281
2011-10-28,64.0,0.8385381698601281
2011-10-31,64.0,0.8385381698601281
2011-11-01,64.0,0.8385381698601281
2011-11-02,64.0,0.8385381698601281
2011-11-03,64.0,0.8385381698601281
2011-11-04,64.0,0.8385381698601281
2011-11-07,64.0,0.8385381698601281
2011-11-08,64.0,0.8385381698601281
2011-11-09,61.0,0.842011952832342
2011-11-10,61.0,0.842011952832342
2011-11-11,61.0,0.842011952832342
2011-11-14,61.0,0.842011952832342
2011-11-15,61.0,0.842011952832342
2011-11-16,61.0,0.842011952832342
2011-11-17,61.0,0.842011952832342
2011-11-18,61.0,0.842011952832342
2011-11-21,61.0,0.842011952832342
2011-11-22,61.0,0.842011952832342
2011-11-23,61.0,0.842011952832342
2011-11-25,61.0,0.842011952832342
2011-11-28,61.0,0.842011952832342
2011-11-29,61.0,0.842011952832342
2011-11-30,61.0,0.842011952832342
2011-12-01,61.0,0.842011952832342
2011-12-02,61.0,0.842011952832342
2011-12-05,61.0,0.842011952832342
2011-12-06,61.0,0.842011952832342
2011-12-07,61.0,0.842011952832342
2011-12-08,61.0,0.842011952832342
2011-12-09,59.0,0.8471162742071705
2011-12-12,59.0,0.8471162742071705
2011-12-13,59.0,0.8471162742071705
2011-12-14,59.0,0.8471162742071705
2011-12-15,59.0,0.8471162742071705
2011-12-16,59.0,0.8471162742071705
2011-12-19,59.0,0.8471162742071705
2011-12-20,59.0,0.8471162742071705
2011-12-21,59.0,0.8471162742071705
2011-12-22,59.0,0.8471162742071705
2011-12-23,59.0,0.8471162742071705
2011-12-27,59.0,0.8471162742071705
2011-12-28,59.0,0.8471162742071705
2011-12-29,59.0,0.8471162742071705
2011-12-30,59.0,0.8471162742071705
2012-01-03,59.0,0.8471162742071705
2012-01-04,59.0,0.8471162742071705
2012-01-05,59.0,0.8471162742071705
2012-01-06,59.0,0.8471162742071705
2012-01-09,59.0,0.8471162742071705
2012-01-10,59.0,0.8471162742071705
2012-01-11,57.0,0.8492996567220669
2012-01-12,57.0,0.8492996567220669
2012-01-13,57.0,0.8492996567220669
2012-01-17,57.0,0.8492996567220669
2012-01-18,57.0,0.8492996567220669
2012-01-19,57.0,0.8492996567220669
2012-01-20,57.0,0.8492996567220669
2012-01-23,57.0,0.8492996567220669
2012-01-24,57.0,0.8492996567220669
2012-01-25,57.0,0.8492996567220669
2012-01-26,57.0,0.8492996567220669
2012-01-27,57.0,0.8492996567220669
2012-01-30,57.0,0.8492996567220669
2012-01-31,57.0,0.8492996567220669
2012-02-01,57.0,0.8492996567220669
2012-02-02,57.0,0.8492996567220669
2012-02-03,57.0,0.8492996567220669
2012-02-06,57.0,0.8492996567220669
2012-02-07,57.0,0.8492996567220669
2012-02-08,57.0,0.8492996567220669
2012-02-09,57.0,0.8492996567220669
2012-02-10,58.0,0.8474873969697301
2012-02-13,58.0,0.8474873969697301
2012-02-14,58.0,0.8474873969697301
2012-02-15,58.0,0.8474873969697301
2012-02-16,58.0,0.8474873969697301
2012-02-17,58.0,0.8474873969697301
2012-02-21,58.0,0.8474873969697301
2012-02-22,58.0,0.8474873969697301
2012-02-23,58.0,0.8474873969697301
2012-02-24,58.0,0.8474873969697301
2012-02-27,58.0,0.8474873969697301
2012-02-28,58.0,0.8474873969697301
2012-02-29,58.0,0.8474873969697301
2012-03-01,58.0,0.8474873969697301
2012-03-02,58.0,0.8474873969697301
2012-03-05,58.0,0.8474873969697301
2012-03-06,58.0,0.8474873969697301
2012-03-07,58.0,0.8474873969697301
2012-03-08,58.0,0.8474873969697301
2012-03-09,58.0,0.8474873969697301
2012-03-12,58.0,0.8474873969697301
2012-03-13,58.0,0.84759853926804
2012-03-14,58.0,0.84759853926804
2012-03-15,58.0,0.84759853926804
2012-03-16,58.0,0.84759853926804
2012-03-19,58.0,0.84759853926804
2012-03-20,58.0,0.84759853926804
2012-03-21,58.0,0.84759853926804
2012-03-22,58.0,0.84759853926804
2012-03-23,58.0,0.84759853926804
2012-03-26,58.0,0.84759853926804
2012-03-27,58.0,0.84759853926804
2012-03-28,58.0,0.84759853926804
2012-03-29,58.0,0.84759853926804
2012-03-30,58.0,0.84759853926804
2012-04-02,58.0,0.84759853926804
2012-04-03,58.0,0.84759853926804
2012-04-04,58.0,0.84759853926804
2012-04-05,58.0,0.84759853926804
2012-04-09,58.0,0.84759853926804
2012-04-10,58.0,0.84759853926804
2012-04-11,58.0,0.84759853926804
2012-04-12,57.0,0.8491263939443744
2012-04-13,57.0,0.8491263939443744
2012-04-16,57.0,0.8491263939443744
2012-04-17,57.0,0.8491263939443744
2012-04-18,57.0,0.8491263939443744
2012-04-19,57.0,0.8491263939443744
2012-04-20,57.0,0.8491263939443744
2012-04-23,57.0,0.8491263939443744
2012-04-24,57.0,0.8491263939443744
2012-04-25,57.0,0.8491263939443744
2012-04-26,57.0,0.8491263939443744
2012-04-27,57.0,0.8491263939443744
2012-04-30,57.0,0.8491263939443744
2012-05-01,57.0,0.8491263939443744
2012-05-02,57.0,0.8491263939443744
2012-05-03,57.0,0.8491263939443744
2012-05-04,57.0,0.8491263939443744
2012-05-07,57.0,0.8491263939443744
2012-05-08,57.0,0.8491263939443744
2012-05-09,57.0,0.8491263939443744
2012-05-10,57.0,0.8491263939443744
2012-05-11,60.0,0.8452367718969714
2012-05-14,60.0,0.8452367718969714
2012-05-15,60.0,0.8452367718969714
2012-05-16,60.0,0.8452367718969714
2012-05-17,60.0,0.8452367718969714
2012-05-18,60.0,0.8452367718969714
2012-05-21,60.0,0.8452367718969714
2012-05-22,60.0,0.8452367718969714
2012-05-23,60.0,0.8452367718969714
2012-05-24,60.0,0.8452367718969714
2012-05-25,60.0,0.8452367718969714
2012-05-29,60.0,0.8452367718969714
2012-05-30,60.0,0.8452367718969714
2012-05-31,60.0,0.8452367718969714
2012-06-01,60.0,0.8452367718969714
2012-06-04,60.0,0.8452367718969714
2012-06-05,60.0,0.8452367718969714
2012-06-06,60.0,0.8452367718969714
2012-06-07,60.0,0.8452367718969714
2012-06-08,60.0,0.8452367718969714
2012-06-11,60.0,0.8452367718969714
2012-06-12,62.0,0.8407887913227788
2012-06-13,62.0,0.8407887913227788
2012-06-14,62.0,0.8407887913227788
2012-06-15,62.0,0.8407887913227788
2012-06-18,62.0,0.8407887913227788
2012-06-19,62.0,0.8407887913227788
2012-06-20,62.0,0.8407887913227788
2012-06-21,62.0,0.8407887913227788
2012-06-22,62.0,0.8407887913227788
2012-06-25,62.0,0.8407887913227788
2012-06-26,62.0,0.8407887913227788
2012-06-27,62.0,0.8407887913227788
2012-06-28,62.0,0.8407887913227788
2012-06-29,62.0,0.8407887913227788
2012-07-02,62.0,0.8407887913227788
2012-07-03,62.0,0.8407887913227788
2012-07-05,62.0,0.8407887913227788
2012-07-06,62.0,0.8407887913227788
2012-07-09,62.0,0.8407887913227788
2012-07-10,62.0,0.8407887913227788
2012-07-11,62.0,0.8407887913227788
2012-07-12,63.0,0.8399670710310495
2012-07-13,63.0,0.8399670710310495
2012-07-16,63.0,0.8399670710310495
2012-07-17,63.0,0.8399670710310495
2012-07-18,63.0,0.8399670710310495
2012-07-19,63.0,0.8399670710310495
2012-07-20,63.0,0.8399670710310495
2012-07-23,63.0,0.8399670710310495
2012-07-24,63.0,0.8399670710310495
2012-07-25,63.0,0.8399670710310495
2012-07-26,63.0,0.8399670710310495
2012-07-27,63.0,0.8399670710310495
2012-07-30,63.0,0.8399670710310495
2012-07-31,63.0,0.8399670710310495
2012-08-01,63.0,0.8399670710310495
2012-08-02,63.0,0.8399670710310495
2012-08-03,63.0,0.8399670710310495
2012-08-06,63.0,0.8399670710310495
2012-08-07,63.0,0.8399670710310495
2012-08-08,63.0,0.8399670710310495
2012-08-09,63.0,0.8399670710310495
2012-08-10,63.0,0.8399991997829247
2012-08-13,63.0,0.8399991997829247
2012-08-14,63.0,0.8399991997829247
2012-08-15,63.0,0.8399991997829247
2012-08-16,63.0,0.8399991997829247
2012-08-17,63.0,0.8399991997829247
2012-08-20,63.0,0.8399991997829247
2012-08-21,63.0,0.8399991997829247
2012-08-22,63.0,0.8399991997829247
2012-08-23,63.0,0.8399991997829247
2012-08-24,63.0,0.8399991997829247
2012-08-27,63.0,0.8399991997829247
2012-08-28,63.0,0.8399991997829247
2012-08-29,63.0,0.8399991997829247
2012-08-30,63.0,0.8399991997829247
2012-08-31,63.0,0.8399991997829247
2012-09-04,63.0,0.8399991997829247
2012-09-05,63.0,0.8399991997829247
2012-09-06,63.0,0.8399991997829247
2012-09-07,63.0,0.8399991997829247
2012-09-10,63.0,0.8399991997829247
2012-09-11,65.0,0.8375503064397076
2012-09-12,65.0,0.8375503064397076
2012-09-13,65.0,0.8375503064397076
2012-09-14,65.0,0.8375503064397076
2012-09-17,65.0,0.8375503064397076
2012-09-18,65.0,0.8375503064397076
2012-09-19,65.0,0.8375503064397076
2012-09-20,65.0,0.8375503064397076
2012-09-21,65.0,0.8375503064397076
2012-09-24,65.0,0.8375503064397076
2012-09-25,65.0,0.8375503064397076
2012-09-26,65.0,0.8375503064397076
2012-09-27,65.0,0.8375503064397076
2012-09-28,65.0,0.8375503064397076
2012-10-01,65.0,0.8375503064397076
2012-10-02,65.0,0.8375503064397076
2012-10-03,65.0,0.8375503064397076
2012-10-04,65.0,0.8375503064397076
2012-10-05,65.0,0.8375503064397076
2012-10-08,65.0,0.8375503064397076
2012-10-09,65.0,0.8375503064397076
2012-10-10,65.0,0.837873631018877
2012-10-11,65.0,0.837873631018877
2012-10-12,65.0,0.837873631018877
2012-10-15,65.0,0.837873631018877
2012-10-16,65.0,0.837873631018877
2012-10-17,65.0,0.837873631018877
2012-10-18,65.0,0.837873631018877
2012-10-19,65.0,0.837873631018877
2012-10-22,65.0,0.837873631018877
2012-10-23,65.0,0.837873631018877
2012-10-24,65.0,0.837873631018877
2012-10-25,65.0,0.837873631018877
2012-10-26,65.0,0.837873631018877
2012-11-01,65.0,0.837873631018877
2012-11-02,65.0,0.837873631018877
2012-11-05,65.0,0.837873631018877
2012-11-06,65.0,0.837873631018877
2012-11-07,65.0,0.837873631018877
2012-11-08,65.0,0.837873631018877
2012-11-09,65.0,0.837873631018877
2012-11-12,65.0,0.837873631018877
2012-11-13,64.0,0.8389403357872739
2012-11-14,64.0,0.8389403357872739
2012-11-15,64.0,0.8389403357872739
2012-11-16,64.0,0.8389403357872739
2012-11-19,64.0,0.8389403357872739
2012-11-20,64.0,0.8389403357872739
2012-11-21,64.0,0.8389403357872739
2012-11-23,64.0,0.8389403357872739
2012-11-26,64.0,0.8389403357872739
2012-11-27,64.0,0.8389403357872739
2012-11-28,64.0,0.8389403357872739
2012-11-29,64.0,0.8389403357872739
2012-11-30,64.0,0.8389403357872739
2012-12-03,64.0,0.8389403357872739
2012-12-04,64.0,0.8389403357872739
2012-12-05,64.0,0.8389403357872739
2012-12-06,64.0,0.8389403357872739
2012-12-07,64.0,0.8389403357872739
2012-12-10,64.0,0.8389403357872739
2012-12-11,64.0,0.8389403357872739
2012-12-12,64.0,0.8389403357872739
2012-12-13,65.0,0.8374695951571597
2012-12-14,65.0,0.8374695951571597
2012-12-17,65.0,0.8374695951571597
2012-12-18,65.0,0.8374695951571597
2012-12-19,65.0,0.8374695951571597
2012-12-20,65.0,0.8374695951571597
2012-12-21,65.0,0.8374695951571597
2012-12-24,65.0,0.8374695951571597
2012-12-26,65.0,0.8374695951571597
2012-12-27,65.0,0.8374695951571597
2012-12-28,65.0,0.8374695951571597
2012-12-31,65.0,0.8374695951571597
2013-01-02,65.0,0.8374695951571597
2013-01-03,65.0,0.8374695951571597
2013-01-04,65.0,0.8374695951571597
2013-01-07,65.0,0.8374695951571597
2013-01-08,65.0,0.8374695951571597
2013-01-09,65.0,0.8374695951571597
2013-01-10,65.0,0.8374695951571597
2013-01-11,65.0,0.8374695951571597
2013-01-14,65.0,0.8374695951571597
2013-01-15,64.0,0.839688812584718
2013-01-16,64.0,0.839688812584718
2013-01-17,64.0,0.839688812584718
2013-01-18,64.0,0.839688812584718
2013-01-22,64.0,0.839688812584718
2013-01-23,64.0,0.839688812584718
2013-01-24,64.0,0.839688812584718
2013-01-25,64.0,0.839688812584718
2013-01-28,64.0,0.839688812584718
2013-01-29,64.0,0.839688812584718
2013-01-30,64.0,0.839688812584718
2013-01-31,64.0,0.839688812584718
2013-02-01,64.0,0.839688812584718
2013-02-04,64.0,0.839688812584718
2013-02-05,64.0,0.839688812584718
2013-02-06,64.0,0.839688812584718
2013-02-07,64.0,0.839688812584718
2013-02-08,64.0,0.839688812584718
2013-02-11,64.0,0.839688812584718
2013-02-12,64.0,0.839688812584718
2013-02-13,64.0,0.839688812584718
2013-02-14,64.0,0.8403158316629644
2013-02-15,64.0,0.8403158316629644
2013-02-19,64.0,0.8403158316629644
2013-02-20,64.0,0.8403158316629644
2013-02-21,64.0,0.8403158316629644
2013-02-22,64.0,0.8403158316629644
2013-02-25,64.0,0.8403158316629644
2013-02-26,64.0,0.8403158316629644
2013-02-27,64.0,0.8403158316629644
2013-02-28,64.0,0.8403158316629644
2013-03-01,64.0,0.8403158316629644
2013-03-04,64.0,0.8403158316629644
2013-03-05,64.0,0.8403158316629644
2013-03-06,64.0,0.8403158316629644
2013-03-07,64.0,0.8403158316629644
2013-03-08,64.0,0.8403158316629644
2013-03-11,64.0,0.8403158316629644
2013-03-12,64.0,0.8403158316629644
2013-03-13,64.0,0.8403158316629644
2013-03-14,64.0,0.8403158316629644
2013-03-15,64.0,0.8403158316629644
2013-03-18,63.0,0.8412777701197816
2013-03-19,63.0,0.8412777701197816
2013-03-20,63.0,0.8412777701197816
2013-03-21,63.0,0.8412777701197816
2013-03-22,63.0,0.8412777701197816
2013-03-25,63.0,0.8412777701197816
2013-03-26,63.0,0.8412777701197816
2013-03-27,63.0,0.8412777701197816
2013-03-28,63.0,0.8412777701197816
2013-04-01,63.0,0.8412777701197816
2013-04-02,63.0,0.8412777701197816
2013-04-03,63.0,0.8412777701197816
2013-04-04,63.0,0.8412777701197816
2013-04-05,63.0,0.8412777701197816
2013-04-08,63.0,0.8412777701197816
2013-04-09,63.0,0.8412777701197816
2013-04-10,63.0,0.8412777701197816
2013-04-11,63.0,0.8412777701197816
2013-04-12,63.0,0.8412777701197816
2013-04-15,63.0,0.8412777701197816
2013-04-16,63.0,0.8412777701197816
2013-04-17,62.0,0.8425868368740662
2013-04-18,62.0,0.8425868368740662
2013-04-19,62.0,0.8425868368740662
2013-04-22,62.0,0.8425868368740662
2013-04-23,62.0,0.8425868368740662
2013-04-24,62.0,0.8425868368740662
2013-04-25,62.0,0.8425868368740662
2013-04-26,62.0,0.8425868368740662
2013-04-29,62.0,0.8425868368740662
2013-04-30,62.0,0.8425868368740662
2013-05-01,62.0,0.8425868368740662
2013-05-02,62.0,0.8425868368740662
2013-05-03,62.0,0.8425868368740662
2013-05-06,62.0,0.8425868368740662
2013-05-07,62.0,0.8425868368740662
2013-05-08,62.0,0.8425868368740662
2013-05-09,62.0,0.8425868368740662
2013-05-10,62.0,0.8425868368740662
2013-05-13,62.0,0.8425868368740662
2013-05-14,62.0,0.8425868368740662
2013-05-15,62.0,0.8425868368740662
2013-05-16,62.0,0.8431028907923869
2013-05-17,62.0,0.8431028907923869
2013-05-20,62.0,0.8431028907923869
2013-05-21,62.0,0.8431028907923869
2013-05-22,62.0,0.8431028907923869
2013-05-23,62.0,0.8431028907923869
2013-05-24,62.0,0.8431028907923869
2013-05-28,62.0,0.8431028907923869
2013-05-29,62.0,0.8431028907923869
2013-05-30,62.0,0.8431028907923869
2013-05-31,62.0,0.8431028907923869
2013-06-03,62.0,0.8431028907923869
2013-06-04,62.0,0.8431028907923869
2013-06-05,62.0,0.8431028907923869
2013-06-06,62.0,0.8431028907923869
2013-06-07,62.0,0.8431028907923869
2013-06-10,62.0,0.8431028907923869
2013-06-11,62.0,0.8431028907923869
2013-06-12,62.0,0.8431028907923869
2013-06-13,62.0,0.8431028907923869
2013-06-14,62.0,0.8431028907923869
2013-06-17,63.0,0.8424690708960423
2013-06-18,63.0,0.8424690708960423
2013-06-19,63.0,0.8424690708960423
2013-06-20,63.0,0.8424690708960423
2013-06-21,63.0,0.8424690708960423
2013-06-24,63.0,0.8424690708960423
2013-06-25,63.0,0.8424690708960423
2013-06-26,63.0,0.8424690708960423
2013-06-27,63.0,0.8424690708960423
2013-06-28,63.0,0.8424690708960423
2013-07-01,63.0,0.8424690708960423
2013-07-02,63.0,0.8424690708960423
2013-07-03,63.0,0.8424690708960423
2013-07-05,63.0,0.8424690708960423
2013-07-08,63.0,0.8424690708960423
2013-07-09,63.0,0.8424690708960423
2013-07-10,63.0,0.8424690708960423
2013-07-11,63.0,0.8424690708960423
2013-07-12,63.0,0.8424690708960423
2013-07-15,63.0,0.8424690708960423
2013-07-16,63.0,0.8424690708960423
2013-07-17,63.0,0.8422069723928641
2013-07-18,63.0,0.8422069723928641
2013-07-19,63.0,0.8422069723928641
2013-07-22,63.0,0.8422069723928641
2013-07-23,63.0,0.8422069723928641
2013-07-24,63.0,0.8422069723928641
2013-07-25,63.0,0.8422069723928641
2013-07-26,63.0,0.8422069723928641
2013-07-29,63.0,0.8422069723928641
2013-07-30,63.0,0.8422069723928641
2013-07-31,63.0,0.8422069723928641
2013-08-01,63.0,0.8422069723928641
2013-08-02,63.0,0.8422069723928641
2013-08-05,63.0,0.8422069723928641
2013-08-06,63.0,0.8422069723928641
2013-08-07,63.0,0.8422069723928641
2013-08-08,63.0,0.8422069723928641
2013-08-09,63.0,0.8422069723928641
2013-08-12,63.0,0.8422069723928641
2013-08-13,63.0,0.8422069723928641
2013-08-14,63.0,0.8422069723928641
2013-08-15,70.0,0.8284221100038367
2013-08-16,70.0,0.8284221100038367
2013-08-19,70.0,0.8284221100038367
2013-08-20,70.0,0.8284221100038367
2013-08-21,70.0,0.8284221100038367
2013-08-22,70.0,0.8284221100038367
2013-08-23,70.0,0.8284221100038367
2013-08-26,70.0,0.8284221100038367
2013-08-27,70.0,0.8284221100038367
2013-08-28,70.0,0.8284221100038367
2013-08-29,70.0,0.8284221100038367
2013-08-30,70.0,0.8284221100038367
2013-09-03,70.0,0.8284221100038367
2013-09-04,70.0,0.8284221100038367
2013-09-05,70.0,0.8284221100038367
2013-09-06,70.0,0.8284221100038367
2013-09-09,70.0,0.8284221100038367
2013-09-10,70.0,0.8284221100038367
2013-09-11,70.0,0.8284221100038367
2013-09-12,70.0,0.8284221100038367
2013-09-13,70.0,0.8284221100038367
2013-09-16,75.0,0.8178503497464488
2013-09-17,75.0,0.8178503497464488
2013-09-18,75.0,0.8178503497464488
2013-09-19,75.0,0.8178503497464488
2013-09-20,75.0,0.8178503497464488
2013-09-23,75.0,0.8178503497464488
2013-09-24,75.0,0.8178503497464488
2013-09-25,75.0,0.8178503497464488
2013-09-26,75.0,0.8178503497464488
2013-09-27,75.0,0.8178503497464488
2013-09-30,75.0,0.8178503497464488
2013-10-01,75.0,0.8178503497464488
2013-10-02,75.0,0.8178503497464488
2013-10-03,75.0,0.8178503497464488
2013-10-04,75.0,0.8178503497464488
2013-10-07,75.0,0.8178503497464488
2013-10-08,75.0,0.8178503497464488
2013-10-09,75.0,0.8178503497464488
2013-10-10,75.0,0.8178503497464488
2013-10-11,75.0,0.8178503497464488
2013-10-14,75.0,0.8178503497464488
2013-10-15,80.0,0.807916423946744
2013-10-16,80.0,0.807916423946744
2013-10-17,80.0,0.807916423946744
2013-10-18,80.0,0.807916423946744
2013-10-21,80.0,0.807916423946744
2013-10-22,80.0,0.807916423946744
2013-10-23,80.0,0.807916423946744
2013-10-24,80.0,0.807916423946744
2013-10-25,80.0,0.807916423946744
2013-10-28,80.0,0.807916423946744
2013-10-29,80.0,0.807916423946744
2013-10-30,80.0,0.807916423946744
2013-10-31,80.0,0.807916423946744
2013-11-01,80.0,0.807916423946744
2013-11-04,80.0,0.807916423946744
2013-11-05,80.0,0.807916423946744
2013-11-06,80.0,0.807916423946744
2013-11-07,80.0,0.807916423946744
2013-11-08,80.0,0.807916423946744
2013-11-11,80.0,0.807916423946744
2013-11-12,80.0,0.807916423946744
2013-11-13,84.0,0.7992487039343785
2013-11-14,84.0,0.7992487039343785
2013-11-15,84.0,0.7992487039343785
2013-11-18,84.0,0.7992487039343785
2013-11-19,84.0,0.7992487039343785
2013-11-20,84.0,0.7992487039343785
2013-11-21,84.0,0.7992487039343785
2013-11-22,84.0,0.7992487039343785
2013-11-25,84.0,0.7992487039343785
2013-11-26,84.0,0.7992487039343785
2013-11-27,84.0,0.7992487039343785
2013-11-29,84.0,0.7992487039343785
2013-12-02,84.0,0.7992487039343785
2013-12-03,84.0,0.7992487039343785
2013-12-04,84.0,0.7992487039343785
2013-12-05,84.0,0.7992487039343785
2013-12-06,84.0,0.7992487039343785
2013-12-09,84.0,0.7992487039343785
2013-12-10,84.0,0.7992487039343785
2013-12-11,84.0,0.7992487039343785
2013-12-12,84.0,0.7992487039343785
2013-12-13,89.0,0.7875628373145078
2013-12-16,89.0,0.7875628373145078
2013-12-17,89.0,0.7875628373145078
2013-12-18,89.0,0.7875628373145078
2013-12-19,89.0,0.7875628373145078
2013-12-20,89.0,0.7875628373145078
