,AR_1yr,AR_15d,AR_sigma_1yr,AR_delta
2003-02-04,0.7598926725101356,0.7835630364134855,0.01455941684630417,1.6257769217836815
2003-02-05,0.7600478198065637,0.783548527642268,0.014600298714676321,1.6096045906294558
2003-02-06,0.7602029671029916,0.7835340188710506,0.01463941573443623,1.593714680373303
2003-02-07,0.7603581143994196,0.7835195100998331,0.014676782016780299,1.5780976833976674
2003-02-10,0.7605132616958477,0.7835050013286157,0.014712410901176552,1.5627445282220445
2003-02-11,0.7606684089922756,0.7834904925573983,0.014746314980922463,1.5476465540474351
2003-02-12,0.7608235562887038,0.783475983786181,0.014778506126894034,1.5327954871063827
2003-02-13,0.7609787035851318,0.7834614750149634,0.014808995509596768,1.5181834186702285
2003-02-14,0.7611338508815597,0.7834469662437461,0.014837793619619344,1.5038027845786157
2003-02-18,0.7612889981779878,0.7834324574725287,0.014864910286581696,1.4896463461693001
2003-02-19,0.7614441454744156,0.7834179487013112,0.014890354696661015,1.4757071724975723
2003-02-20,0.7615992927708437,0.7834034399300938,0.014914135408771562,1.4619786237441708
2003-02-21,0.7617544400672717,0.7833889311588764,0.01493626036946729,1.4484543357204722
2003-02-24,0.7619095873636996,0.7833744223876589,0.014956736926629792,1.43512820538697
2003-02-25,0.7620647346601277,0.7833599136164415,0.014975571841998214,1.4219943773093597
2003-02-26,0.7622198819565558,0.7833454048452241,0.01499277130259229,1.4090472309822837
2003-02-27,0.7623750292529838,0.7833454048452241,0.015008340931074513,1.3972480828191636
2003-02-28,0.7625301765494118,0.7833454048452241,0.01502228579509273,1.3856232386826186
2003-03-03,0.7626853238458398,0.7833454048452241,0.01503461041563996,1.374168031510307
2003-03-04,0.7628404711422678,0.7833454048452241,0.015045318774464066,1.3628779828685726
2003-03-05,0.7629956184386958,0.7833454048452241,0.015054414320555907,1.3517487942883217
2003-03-06,0.7631507657351239,0.7833454048452241,0.01506189997574088,1.340776339148864
2003-03-07,0.7633053541187379,0.7835682904095854,0.015102881528042641,1.3416602820609977
2003-03-10,0.763459942502352,0.7837911759739467,0.015142167759782346,1.34268975183292
2003-03-11,0.7636145308859662,0.7840140615383079,0.015179771833763643,1.3438627981856734
2003-03-12,0.7637691192695804,0.7842369471026693,0.015215706221838278,1.3451776430667817
2003-03-13,0.7639237076531943,0.7844598326670305,0.015249982727133952,1.3466326737076695
2003-03-14,0.7640782960368085,0.7846827182313917,0.015282612504768667,1.3482264362950964
2003-03-17,0.7642328844204227,0.7849056037957531,0.01531360608114141,1.349957630214136
2003-03-18,0.7643874728040368,0.7851284893601143,0.015342973371881428,1.351825102824515
2003-03-19,0.7645420611876509,0.7853513749244756,0.015370723698531107,1.3538278447366363
2003-03-20,0.764696649571265,0.7855742604888369,0.015396865804031053,1.355964985556082
2003-03-21,0.7648512379548792,0.7857971460531982,0.015421407867069975,1.3582357900698363
2003-03-24,0.7650058263384932,0.7860200316175594,0.015444357515356425,1.360639654849456
2003-03-25,0.7651604147221074,0.7862429171819209,0.015465721837864441,1.3631761052495828
2003-03-26,0.7653150031057214,0.7864658027462821,0.015485507396100377,1.3658447927826334
2003-03-27,0.7654695914893357,0.7866886883106433,0.015503720234433855,1.3686454928527338
2003-03-28,0.7656241798729498,0.7866886883106433,0.015520365889531722,1.3572172581254158
2003-03-31,0.765778768256564,0.7866886883106433,0.015535449398930106,1.3459488372135116
2003-04-01,0.765933356640178,0.7866886883106433,0.01554897530877606,1.3348359784680268
2003-04-02,0.7660879450237921,0.7866886883106433,0.015560947680767044,1.3238745935964598
2003-04-03,0.7662425334074062,0.7866886883106433,0.015571370098313211,1.3130607502195293
2003-04-04,0.7663971217910204,0.7866886883106433,0.015580245671944588,1.3023906648764882
2003-04-07,0.7665692585566775,0.786854508664202,0.015591373724745249,1.3010559855498571
2003-04-08,0.7667413953223344,0.7870203290177608,0.015600587034304543,1.2998827320301758
2003-04-09,0.7669135320879915,0.7871861493713195,0.015607888991431592,1.2988699044731298
2003-04-10,0.7670856688536484,0.7873519697248781,0.015613282277807504,1.2980166828877453
2003-04-11,0.7672578056193056,0.787517790078437,0.015616768870923663,1.2973224247976705
2003-04-14,0.7674299423849625,0.7876836104319956,0.015618350047713387,1.2967866634541432
2003-04-15,0.7676020791506196,0.7878494307855543,0.01561802638689259,1.2964091065902665
2003-04-16,0.7677742159162765,0.788015251139113,0.015615797770019426,1.2961896357096145
2003-04-17,0.7679463526819336,0.7881810714926717,0.015611663381277476,1.2961283059052453
2003-04-21,0.7681184894475905,0.7883468918462305,0.015605621705981551,1.2962253462088313
2003-04-22,0.7682906262132477,0.7885127121997891,0.015597670527799687,1.2964811604719841
2003-04-23,0.7684627629789046,0.788678532553348,0.015587806924679475,1.296896328786101
2003-04-24,0.7686348997445617,0.7888443529069066,0.015576027263461176,1.2974716094490275
2003-04-25,0.7688070365102188,0.7890101732604652,0.015562327193154379,1.2982079414917758
2003-04-28,0.7689791732758757,0.789175993614024,0.015546701636849042,1.2991064477803744
2003-04-29,0.7691513100415327,0.789175993614024,0.015529144782225552,1.2894904293384721
2003-04-30,0.7693234468071898,0.789175993614024,0.015509650070622081,1.2800125545345695
2003-05-01,0.7694955835728469,0.789175993614024,0.015488210184610678,1.2706703877722365
2003-05-02,0.7696677203385038,0.789175993614024,0.015464817034026442,1.2614616281975488
2003-05-05,0.7698398571041608,0.789175993614024,0.015439461740386445,1.2523841073606776
2003-05-06,0.7700119938698178,0.789175993614024,0.015412134619627005,1.2434357872660493
2003-05-07,0.7701854473464008,0.7890554606186114,0.015360230750468459,1.228498033575121
2003-05-08,0.7703589008229839,0.7889349276231988,0.015306177574258784,1.2136293800390288
2003-05-09,0.7705323542995669,0.7888143946277864,0.015249952236476749,1.1988260713689434
2003-05-12,0.7707058077761499,0.7886938616323736,0.015191530618995438,1.184084363015502
2003-05-13,0.7708792612527329,0.7885733286369611,0.015130887281779073,1.1694005152979856
2003-05-14,0.7710527147293158,0.7884527956415485,0.015067995399949706,1.1547707873796365
2003-05-15,0.7712261682058988,0.788332262646136,0.015002826695822402,1.1401914310588153
2003-05-16,0.7713996216824819,0.7882117296507235,0.01493535136546279,1.1256586843426215
2003-05-19,0.7715730751590649,0.7880911966553107,0.0148655379992705,1.111168764766964
2003-05-20,0.7717465286356477,0.7879706636598982,0.014793353496035073,1.096717862423748
2003-05-21,0.7719199821122308,0.7878501306644856,0.014718762969846517,1.0823021326513653
2003-05-22,0.7720934355888138,0.7877295976690729,0.014641729649169563,1.0679176883412764
2003-05-23,0.7722668890653968,0.7876090646736603,0.014562214767307586,1.0535605918068867
2003-05-27,0.7724403425419797,0.7874885316782478,0.0144801774433874,1.0392268461558214
2003-05-28,0.7726137960185627,0.7873679986828352,0.01439557455288789,1.0249123860994271
2003-05-29,0.7727872494951458,0.7873679986828352,0.014308360586611436,1.019037023803616
2003-05-30,0.7729607029717288,0.7873679986828352,0.014218487496854641,1.0132790646187624
2003-06-02,0.7731341564483118,0.7873679986828352,0.014125904529370924,1.0076411181264922
2003-06-03,0.7733076099248948,0.7873679986828352,0.014030558039528088,1.0021261248717506
2003-06-04,0.7734810634014777,0.7873679986828352,0.013932391290844675,0.996737386387001
2003-06-05,0.7736545168780607,0.7873679986828352,0.01383134423383414,0.9914785991103215
2003-06-06,0.773821585800119,0.78751550566834,0.013768039660587105,0.9946165326224199
2003-06-09,0.773988654722177,0.787663012653845,0.013702397688732266,0.9979536605416592
2003-06-10,0.7741557236442352,0.7878105196393499,0.013634384558491973,1.0014970559569534
2003-06-11,0.7743227925662934,0.7879580266248546,0.013563964601159446,1.005254323459058
2003-06-12,0.7744898614883514,0.7881055336103594,0.013491100127793948,1.0092336424038093
2003-06-13,0.7746569304104097,0.7882530405958643,0.01341575130802634,1.013443814907358
2003-06-16,0.7748239993324679,0.7884005475813692,0.013337876037939931,1.0178943191766419
2003-06-17,0.7749910682545261,0.788548054566874,0.013257429795857383,1.0225953688688691
2003-06-18,0.7751581371765842,0.7886955615523789,0.013174365484709889,1.0275579792822747
2003-06-19,0.7753252060986424,0.7888430685378836,0.013088633259486516,1.0327940413063004
2003-06-20,0.7754922750207006,0.7889905755233886,0.013000180338054975,1.0383164042097832
2003-06-23,0.7756593439427586,0.7891380825088934,0.012908950793405283,1.0441389685225693
2003-06-24,0.7758264128648169,0.7892855894943982,0.012814885325088156,1.0502767904783186
2003-06-25,0.7759934817868751,0.7894330964799031,0.012717921007293364,1.0567461997382102
2003-06-26,0.7761605507089332,0.7895806034654079,0.012617991010630065,1.0635649324182406
2003-06-27,0.7763276196309914,0.7895806034654079,0.012515024294220191,1.0589658895458278
2003-06-30,0.7764946885530496,0.7895806034654079,0.012408945264183225,1.0545549709312596
2003-07-01,0.7766617574751078,0.7895806034654079,0.012299673393958968,1.0503405721850527
2003-07-02,0.7768288263971658,0.7895806034654079,0.0121871228011628,1.0463320404899408
2003-07-03,0.7769958953192241,0.7895806034654079,0.012071201774768552,1.042539788580838
2003-07-07,0.7771629642412822,0.7895806034654079,0.011951812245334254,1.0389754264231643
2003-07-08,0.7773287473012405,0.789745161667524,0.011866760997628522,1.0463187359014656
2003-07-09,0.7774945303611989,0.7899097198696399,0.011778753336402624,1.0540325579339074
2003-07-10,0.7776603134211572,0.7900742780717559,0.01168772247714058,1.0621371849715444
2003-07-11,0.7778260964811154,0.7902388362738719,0.011593597207224384,1.0706547390676688
2003-07-14,0.7779918795410737,0.790403394475988,0.011496301521007866,1.0796093780450977
2003-07-15,0.778157662601032,0.790567952678104,0.011395754212791587,1.0890275312485733
2003-07-16,0.7783234456609904,0.7907325108802199,0.011291868421685112,1.0989381700019518
2003-07-17,0.7784892287209487,0.7908970690823358,0.01118455112129246,1.1093731189413412
2003-07-18,0.778655011780907,0.7910616272844521,0.011073702545888714,1.120367415697941
2003-07-21,0.7788207948408653,0.791226185486568,0.01095921554321762,1.1319597280281668
2003-07-22,0.7789865779008236,0.7913907436886839,0.010840974842164609,1.144192839523606
2003-07-23,0.779152360960782,0.7915553018907998,0.01071885622126036,1.1571142175988096
2003-07-24,0.7793181440207403,0.791719860092916,0.010592725561134901,1.1707766807136033
2003-07-25,0.7794839270806986,0.791884418295032,0.010462437760524659,1.185239185949676
2003-07-28,0.7796497101406569,0.7920489764971479,0.010327835491042957,1.2005677634238616
2003-07-29,0.7798154932006152,0.7920489764971479,0.010188747760402333,1.2006856567867037
2003-07-30,0.7799812762605735,0.7920489764971479,0.010044988246783734,1.2013652918347966
2003-07-31,0.7801470593205319,0.7920489764971479,0.009896353358121664,1.20265685206647
2003-08-01,0.7803128423804901,0.7920489764971479,0.009742619958586668,1.2046178714293474
2003-08-04,0.7804786254404484,0.7920489764971479,0.009583542689629935,1.2073146049862529
2003-08-05,0.7806444085004067,0.7920489764971479,0.009418850793399916,1.2108237243478477
2003-08-06,0.7807730674944644,0.7921290124990428,0.009368381133761436,1.2121565980758644
2003-08-07,0.7809017264885221,0.7922090485009377,0.009315854319143054,1.2137718801785335
2003-08-08,0.7810303854825797,0.7922890845028323,0.009261235347002447,1.2156800468197395
2003-08-11,0.7811590444766375,0.7923691205047272,0.009204486973136031,1.2178925409756223
2003-08-12,0.7812877034706951,0.7924491565066222,0.009145569558736426,1.2204218626564332
2003-08-13,0.7814163624647528,0.792529192508517,0.009084440901769027,1.22328167070802
2003-08-14,0.7815450214588104,0.7926092285104117,0.009021056050750037,1.2264868979149466
2003-08-15,0.7816736804528681,0.7926892645123066,0.008955367098718275,1.230053881433299
2003-08-18,0.7818023394469257,0.7927693005142015,0.008887322954851468,1.2340005109512848
2003-08-19,0.7819309984409835,0.7928493365160963,0.008816869090774004,1.238346397423306
2003-08-20,0.7820596574350411,0.7929293725179911,0.008743947258124008,1.2431130657668277
2003-08-21,0.7821883164290988,0.793009408519886,0.008668495173376685,1.2483241755756773
2003-08-22,0.7823169754231564,0.7930894445217809,0.008590446165237724,1.2540057747194318
2003-08-25,0.782445634417214,0.7931694805236756,0.008509728779099385,1.260186591704341
2003-08-26,0.7825742934112717,0.7932495165255705,0.008426266332060077,1.2668983739194124
2003-08-27,0.7827029524053295,0.7932495165255705,0.008339976410804664,1.2645796103904638
2003-08-28,0.7828316113993871,0.7932495165255705,0.008250770303174088,1.2626584844054705
2003-08-29,0.7829602703934447,0.7932495165255705,0.008158552352451552,1.2611607657373165
2003-09-02,0.7830889293875024,0.7932495165255705,0.008063219221169558,1.2601154525716012
2003-09-03,0.7832175883815601,0.7932495165255705,0.007964659048482604,1.2595552531431564
2003-09-04,0.7833462473756178,0.7932495165255705,0.007862750481702032,1.2595171591670584
2003-09-05,0.7834592960667833,0.7933941759528492,0.007830530440043346,1.2687365130798087
2003-09-08,0.7835723447579491,0.7935388353801279,0.007796531726448312,1.2783236151491952
2003-09-09,0.7836853934491148,0.7936834948074067,0.007760730964587968,1.288293770768892
2003-09-10,0.7837984421402805,0.7938281542346853,0.007723103094096545,1.2986634999177264
2003-09-11,0.7839114908314461,0.793972813661964,0.007683621272128299,1.3094506449731702
2003-09-12,0.7840245395226119,0.7941174730892427,0.007642256764797368,1.3206744914829476
2003-09-15,0.7841375882137777,0.7942621325165214,0.00759897882736947,1.332355903700891
2003-09-16,0.7842506369049432,0.7944067919438002,0.007553754571910422,1.3445174769940031
2003-09-17,0.7843636855961089,0.794551451371079,0.007506548820905347,1.3571837095893724
2003-09-18,0.7844767342872746,0.7946961107983574,0.00745732394513897,1.370381196561041
2003-09-19,0.7845897829784404,0.7948407702256363,0.007406039683864812,1.3841388494756792
2003-09-22,0.784702831669606,0.794985429652915,0.007352652944981659,1.3984881457416107
2003-09-23,0.7848158803607718,0.7951300890801937,0.007297117582569454,1.4134634124656758
2003-09-24,0.7849289290519373,0.7952747485074724,0.007239384148701519,1.429102150545595
2003-09-25,0.785041977743103,0.7954194079347511,0.007179399615930785,1.445445405855522
2003-09-26,0.7851550264342687,0.7954194079347511,0.007117107066225232,1.4422126019703656
2003-09-29,0.7852680751254345,0.7954194079347511,0.007052445341378331,1.439406095040021
2003-09-30,0.7853811238166001,0.7954194079347511,0.006985348649013479,1.4370484026690171
2003-10-01,0.7854941725077658,0.7954194079347511,0.006915746117198759,1.4351648048939014
2003-10-02,0.7856072211989314,0.7954194079347511,0.006843561289340128,1.43378371595847
2003-10-03,0.7857202698900972,0.7954194079347511,0.006768711549363694,1.432937121624812
2003-10-06,0.7857993765914454,0.7951536430833026,0.006718134282170311,1.3923905207853782
2003-10-07,0.7858784832927934,0.7948878782318539,0.0066662309309047044,1.3514975752329352
2003-10-08,0.7859575899941417,0.7946221133804053,0.0066129702714533105,1.3102317159456236
2003-10-09,0.7860366966954899,0.7943563485289568,0.006558319235459342,1.2685646329145381
2003-10-10,0.7861158033968382,0.7940905836775082,0.006502242764874502,1.2264660931686884
2003-10-13,0.7861949100981863,0.7938248188260595,0.006444703650954454,1.1839037357044628
2003-10-14,0.7862740167995343,0.793559053974611,0.006385662355620174,1.1408428396883425
2003-10-15,0.7863531235008827,0.7932932891231623,0.006325076812769911,1.0972460616237703
2003-10-16,0.7864322302022309,0.7930275242717137,0.006262902206724182,1.0530731363491255
2003-10-17,0.786511336903579,0.7927617594202652,0.006199090724504501,1.0082805357209503
2003-10-20,0.7865904436049272,0.7924959945688166,0.006133591278067109,0.9628210775971964
2003-10-21,0.7866695503062754,0.792230229717368,0.006066349191912723,0.9166434761958258
2003-10-22,0.7867486570076236,0.7919644648659193,0.00599730585064289,0.8696918229935793
2003-10-23,0.7868277637089718,0.7916987000144708,0.005926398299995268,0.8219049849388207
2003-10-24,0.7869068704103199,0.7914329351630222,0.005853558793615575,0.7732159037402629
2003-10-27,0.7869859771116682,0.7914329351630222,0.005778714276250185,0.7695410845333599
2003-10-28,0.7870650838130164,0.7914329351630222,0.0057017857920880575,0.7660497095605847
2003-10-29,0.7871441905143645,0.7914329351630222,0.005622687804535555,0.7627570296892827
2003-10-30,0.7872232972157127,0.7914329351630222,0.00554132741062866,0.7596804222820432
2003-10-31,0.7873024039170609,0.7914329351630222,0.005457603429381092,0.7568397556562136
2003-11-03,0.7873815106184091,0.7914329351630222,0.005371405338372451,0.754257831869497
2003-11-04,0.787444359976044,0.7915096456306998,0.005339021760293802,0.761428935332171
2003-11-05,0.7875072093336788,0.7915863560983776,0.0053056931542201785,0.7688244770533339
2003-11-06,0.7875700586913138,0.7916630665660552,0.005271401595272406,0.7764553318062872
2003-11-07,0.7876329080489486,0.7917397770337329,0.0052361281642636995,0.7843331667879065
2003-11-10,0.7876957574065836,0.7918164875014106,0.005199852879515349,0.7924705160525857
2003-11-11,0.7877586067642185,0.7918931979690882,0.005162554622148425,0.8008808637358427
2003-11-12,0.7878214561218533,0.791969908436766,0.005124211054082526,0.809578737317533
2003-11-13,0.7878843054794882,0.7920466189044436,0.005084798527862289,0.8185798123854712
2003-11-14,0.787947154837123,0.7921233293721213,0.005044291987303363,0.827901030612395
2003-11-17,0.7880100041947581,0.7922000398397989,0.005002664857798172,0.8375607329580338
2003-11-18,0.7880728535523929,0.7922767503074767,0.004959888924943597,0.8475788104733856
2003-11-19,0.7881357029100278,0.7923534607751545,0.00491593419994216,0.8579768755196736
2003-11-20,0.7881985522676627,0.792430171242832,0.004870768769978437,0.8687784567502801
2003-11-21,0.7882614016252975,0.7925068817105098,0.004824358631474966,0.8800092218505575
2003-11-24,0.7883242509829325,0.7925835921781874,0.004776667503776062,0.8916972328276663
2003-11-25,0.7883871003405672,0.7925835921781874,0.004727656620380431,0.8876473429837372
2003-11-26,0.7884499496982023,0.7925835921781874,0.004677284494327565,0.8837697354091422
2003-11-28,0.788512799055837,0.7925835921781874,0.004625506653717048,0.8800750765495251
2003-12-01,0.7885756484134718,0.7925835921781874,0.004572275342577017,0.8765753294412565
2003-12-02,0.788638497771107,0.7925835921781874,0.0045175391813628285,0.8732839381573059
2003-12-03,0.7887013471287417,0.7925835921781874,0.004461242780214093,0.8702160453279275
2003-12-04,0.7887587112547241,0.7927057374771186,0.0044412898495900105,0.8887116932390428
2003-12-05,0.7888160753807064,0.7928278827760498,0.004420499565203933,0.9075461576610898
2003-12-08,0.7888734395066888,0.7929500280749809,0.004398860054343973,0.926737499699828
2003-12-09,0.7889308036326712,0.7930721733739122,0.004376358719675067,0.9463049092896353
2003-12-10,0.7889881677586535,0.7931943186728433,0.004352982196458759,0.9662688070747301
2003-12-11,0.789045531884636,0.7933164639717745,0.004328716305781181,0.9866509573368115
2003-12-12,0.7891028960106181,0.7934386092707058,0.00430354600335849,1.007474593440861
2003-12-15,0.7891602601366005,0.7935607545696368,0.004277455323430954,1.0287645575002096
2003-12-16,0.7892176242625829,0.793682899868568,0.0042504273171895075,1.050547456234975
2003-12-17,0.7892749883885652,0.7938050451674992,0.004222443985100547,1.0728518353159513
2003-12-18,0.7893323525145477,0.7939271904664305,0.004193486202403771,1.095708374871706
2003-12-19,0.78938971664053,0.7940493357653616,0.004163533636951648,1.1191501092910965
2003-12-22,0.7894470807665124,0.7941714810642928,0.004132564658434621,1.1432126750002236
2003-12-23,0.7895044448924946,0.794293626363224,0.004100556237889672,1.1679345905505982
2003-12-24,0.7895618090184771,0.7944157716621552,0.00406748383621705,1.193357574148964
2003-12-26,0.7896191731444594,0.7944157716621552,0.0040333212802250275,1.1892428558104224
2003-12-29,0.7896765372704418,0.7944157716621552,0.00399804062447884,1.1853892535999648
2003-12-30,0.7897339013964241,0.7944157716621552,0.0039616119969386535,1.1818093920729766
2003-12-31,0.7897912655224064,0.7944157716621552,0.003924003426021873,1.1785173552809642
2004-01-02,0.7898486296483889,0.7944157716621552,0.0038851806463036614,1.1755288697094284
2004-01-05,0.7899059937743712,0.7944157716621552,0.003845106879558967,1.1728615169992935
2004-01-06,0.7899564313306393,0.7945396069242154,0.00384493509086784,1.1920033720365508
2004-01-07,0.7900068688869075,0.7946634421862757,0.003844098935522184,1.211356257337233
2004-01-08,0.7900573064431756,0.794787277448336,0.0038425979798203456,1.2309304876544784
2004-01-09,0.7901077439994438,0.7949111127103963,0.003840431444290697,1.2507367415953417
2004-01-12,0.7901581815557118,0.7950349479724566,0.003837598201664002,1.2707860907976598
2004-01-13,0.79020861911198,0.7951587832345166,0.0038340967739317103,1.2910900309541167
2004-01-14,0.7902590566682481,0.7952826184965769,0.0038299253284722183,1.311660514888597
2004-01-15,0.7903094942245164,0.7954064537586372,0.003825081673221269,1.3325099879052889
2004-01-16,0.7903599317807846,0.7955302890206973,0.0038195632508565857,1.3536514256579604
2004-01-20,0.7904103693370527,0.7956541242827577,0.003813367131960382,1.3750983748080245
2004-01-21,0.7904608068933209,0.795777959544818,0.003806490007116541,1.3968649967703262
2004-01-22,0.790511244449589,0.7959017948068783,0.0037989281778919083,1.418966114879438
2004-01-23,0.7905616820058572,0.7960256300689385,0.0037906775466431983,1.4414172653434505
2004-01-26,0.7906121195621253,0.7961494653309987,0.003781733605082381,1.4642347523981163
2004-01-27,0.7906625571183935,0.796273300593059,0.0037720914215239507,1.4874357081193763
2004-01-28,0.7907129946746615,0.796273300593059,0.0037617456267271037,1.4781185306342048
2004-01-29,0.7907634322309297,0.796273300593059,0.0037506903982343193,1.4690277727863472
2004-01-30,0.7908138697871979,0.796273300593059,0.0037389194430950843,1.4601627258761587
2004-02-02,0.790864307343466,0.796273300593059,0.003726425978849239,1.45152306265945
2004-02-03,0.7909147448997342,0.796273300593059,0.00371320271262845,1.4431088491615462
2004-02-04,0.7909651824560023,0.796273300593059,0.0036992418182163703,1.4349205588338745
2004-02-05,0.7910151769210927,0.7962513478900545,0.003680940330160568,1.4225090599970076
2004-02-06,0.7910651713861829,0.7962293951870498,0.003661862175147557,1.4102725754987762
2004-02-09,0.7911151658512734,0.7962074424840452,0.003641995147767524,1.3982107131288348
2004-02-10,0.7911651603163636,0.7961854897810406,0.0036213262645003355,1.3863234345634707
2004-02-11,0.7912151547814541,0.796163537078036,0.0035998417135437635,1.3746110774716822
2004-02-12,0.7912651492465442,0.7961415843750314,0.0035775267996468484,1.363074381153062
2004-02-13,0.7913151437116347,0.7961196316720268,0.003554365883364446,1.3517145161894117
2004-02-17,0.7913651381767249,0.7960976789690223,0.0035303423140640054,1.34053311868486
2004-02-18,0.7914151326418154,0.7960757262660176,0.003505438355916198,1.3295323297688175
2004-02-19,0.7914651271069056,0.796053773563013,0.003479635105984261,1.3187148411670564
2004-02-20,0.7915151215719961,0.7960318208600083,0.0034529124033893066,1.3080839477939668
2004-02-23,0.7915651160370863,0.7960098681570038,0.0034252487283660603,1.2976436085089016
2004-02-24,0.7916151105021768,0.7959879154539992,0.0033966210898301397,1.2873985164006119
2004-02-25,0.7916651049672672,0.7959659627509945,0.003367004899847406,1.2773541802455555
2004-02-26,0.7917150994323574,0.79594401004799,0.0033363738331197196,1.2675170191220082
2004-02-27,0.7917650938974478,0.79594401004799,0.0033046996692691274,1.2645373464350054
2004-03-01,0.7918150883625381,0.79594401004799,0.0032719521153007367,1.2619138483548271
2004-03-02,0.7918650828276285,0.79594401004799,0.0032380986051364206,1.2596673905764746
2004-03-03,0.7919150772927188,0.79594401004799,0.003203104072515265,1.2578213707890578
2004-03-04,0.7919650717578092,0.79594401004799,0.003166930692824411,1.2564020738427386
2004-03-05,0.7920150662228995,0.79594401004799,0.0031295375885192224,1.255439090907192
2004-03-08,0.7920560137550444,0.7960149071388688,0.0031270740460659185,1.266005641537318
2004-03-09,0.7920969612871894,0.7960858042297474,0.0031240697655883823,1.2768098159954877
2004-03-10,0.7921379088193343,0.7961567013206262,0.003120523185302081,1.2878585617375737
2004-03-11,0.7921788563514792,0.796227598411505,0.003116432453754174,1.2991592534433216
2004-03-12,0.7922198038836243,0.7962984955023839,0.003111795424939868,1.310719717006566
2004-03-15,0.7922607514157692,0.7963693925932624,0.003106609652595759,1.3225482558004011
2004-03-16,0.7923016989479142,0.7964402896841413,0.0031008723836342582,1.334653679419256
2004-03-17,0.792342646480059,0.79651118677502,0.0030945805506772776,1.347045335125828
2004-03-18,0.792383594012204,0.7965820838658988,0.003087730763640927,1.3597331422588363
2004-03-19,0.7924245415443489,0.7966529809567774,0.0030803193003159754,1.3727276298904159
2004-03-22,0.7924654890764938,0.7967238780476562,0.003072342095881191,1.3860399780581754
2004-03-23,0.792506436608639,0.796794775138535,0.0030637947312782197,1.3996820629386528
2004-03-24,0.7925473841407839,0.7968656722294138,0.003054672420367319,1.4136665063780323
2004-03-25,0.7925883316729289,0.7969365693202924,0.0030449699957729157,1.4280067302468953
2004-03-26,0.7926292792050738,0.7970074664111713,0.0030346818933163163,1.4427170161525562
2004-03-29,0.7926702267372188,0.7970074664111713,0.00302380213491996,1.4343662317929093
2004-03-30,0.7927111742693637,0.7970074664111713,0.0030123243098529643,1.4262382465775434
2004-03-31,0.7927521218015086,0.7970074664111713,0.0030002415541712274,1.4183340017227979
2004-04-01,0.7927930693336537,0.7970074664111713,0.002987546528186706,1.4106548760850652
2004-04-02,0.7928340168657986,0.7970074664111713,0.0029742313917792466,1.4032027087428607
2004-04-05,0.7928749643979435,0.7970074664111713,0.0029602877773402037,1.3959798249549955
2004-04-06,0.7929148894278705,0.7971561087274686,0.002977994956459758,1.4241861929276236
2004-04-07,0.7929548144577976,0.7973047510437657,0.002995063184549082,1.452368887711149
2004-04-08,0.7929947394877245,0.797453393360063,0.003011503325731916,1.4805409093330282
2004-04-12,0.7930346645176515,0.7976020356763603,0.0030273256126586486,1.5087148668813737
2004-04-13,0.7930745895475785,0.7977506779926575,0.003042539684529243,1.536903025080036
2004-04-14,0.7931145145775055,0.7978993203089547,0.0030571546217885545,1.5651173471395896
2004-04-15,0.7931544396074325,0.798047962625252,0.0030711789778230954,1.593369534356525
2004-04-16,0.7931943646373596,0.7981966049415493,0.0030846208079492493,1.621671062873807
2004-04-19,0.7932342896672866,0.7983452472578464,0.003097487695949093,1.650033217966911
2004-04-20,0.7932742146972136,0.7984938895741437,0.003109786778380495,1.678467126176534
2004-04-21,0.7933141397271405,0.7986425318904409,0.0031215247668624747,1.7069837855735142
2004-04-22,0.7933540647570676,0.7987911742067382,0.0031327079685143154,1.7355940944119088
2004-04-23,0.7933939897869945,0.7989398165230355,0.0031433423047071934,1.7643088783986518
2004-04-26,0.7934339148169215,0.7990884588393327,0.003153433328269736,1.7931389167862228
2004-04-27,0.7934738398468486,0.79923710115563,0.0031629862392736287,1.822094967477592
2004-04-28,0.7935137648767756,0.79923710115563,0.003172005899511837,1.8043271230154894
2004-04-29,0.7935536899067026,0.79923710115563,0.0031804968457700175,1.7869570461879714
2004-04-30,0.7935936149366296,0.79923710115563,0.003188463301981024,1.7699705734401883
2004-05-03,0.7936335399665566,0.79923710115563,0.0031959091903428685,1.753354321207161
2004-05-04,0.7936734649964835,0.79923710115563,0.0032028381414720072,1.7370956362438719
2004-05-05,0.7937133900264107,0.79923710115563,0.003209253503656152,1.7211825500622897
2004-05-06,0.793767107683058,0.7993482842891197,0.003215904346147272,1.7354921058980193
2004-05-07,0.7938208253397054,0.7994594674226095,0.0032216423312365033,1.7502383887350785
2004-05-10,0.7938745429963528,0.7995706505560993,0.003226472329226993,1.765428920046299
2004-05-11,0.793928260653,0.7996818336895889,0.003230398412909215,1.7810722707132998
2004-05-12,0.7939819783096475,0.7997930168230788,0.0032334238749337713,1.7971780806345312
2004-05-13,0.794035695966295,0.7999041999565686,0.0032355512417304574,1.8137570855267868
2004-05-14,0.7940894136229424,0.8000153830900583,0.0032367822841120647,1.8308211510560488
2004-05-17,0.7941431312795897,0.8001265662235482,0.003237118024667366,1.8483833145296924
2004-05-18,0.7941968489362371,0.8002377493570378,0.00323655874201557,1.866457834483414
2004-05-19,0.7942505665928845,0.8003489324905275,0.003235103971963637,1.8850602486019747
2004-05-20,0.7943042842495319,0.8004601156240174,0.003232752505577688,1.9042074405214824
2004-05-21,0.7943580019061792,0.8005712987575072,0.0032295023841497883,1.9239177161851593
2004-05-24,0.7944117195628266,0.8006824818909969,0.0032253508910110766,1.9442108905566264
2004-05-25,0.794465437219474,0.8007936650244868,0.0032202945401110686,1.9651083856430354
2004-05-26,0.7945191548761215,0.8009048481579765,0.0032143290612503877,1.9866333409470365
2004-05-27,0.7945728725327688,0.8009048481579765,0.00320744938181959,1.9741467039506546
2004-05-28,0.7946265901894162,0.8009048481579765,0.0031996496048594717,1.96217046986182
2004-06-01,0.7946803078460636,0.8009048481579765,0.0031909229832175995,1.950702146259985
2004-06-02,0.794734025502711,0.8009048481579765,0.003181261889530893,1.939740539932542
2004-06-03,0.7947877431593584,0.8009048481579765,0.003170657781713987,1.9292857885505672
2004-06-04,0.7948414608160058,0.8009048481579765,0.003159101163576704,1.919339403207253
2004-06-07,0.7948893472644948,0.8009543908464213,0.003170477797276716,1.9129746270849373
2004-06-08,0.7949372337129839,0.8010039335348662,0.0031810901069651283,1.9071134793066875
2004-06-09,0.7949851201614728,0.8010534762233111,0.0031909457185185794,1.9017421783832755
2004-06-10,0.7950330066099619,0.8011030189117558,0.0032000516234471205,1.8968482437340408
2004-06-14,0.7950808930584511,0.8011525616002008,0.0032084142050575245,1.8924204151006165
2004-06-15,0.79512877950694,0.8012021042886456,0.003216039261886756,1.8884485813591974
2004-06-16,0.7951766659554291,0.8012516469770905,0.003222932028615119,1.8849237178209337
2004-06-17,0.7952245524039181,0.8013011896655354,0.003229097194641728,1.8818378312367723
2004-06-18,0.7952724388524073,0.8013507323539802,0.0032345389204810697,1.8791839118352436
2004-06-21,0.7953203253008962,0.8014002750424251,0.003239260852118036,1.8769558918212317
2004-06-22,0.7953682117493853,0.8014498177308699,0.0032432661334395505,1.8751486098474694
2004-06-23,0.7954160981978744,0.8014993604193148,0.0032465574168434558,1.873757781051351
2004-06-24,0.7954639846463634,0.8015489031077596,0.0032491368721093332,1.8727799723149035
2004-06-25,0.7955118710948526,0.8015984457962045,0.003251006193601212,1.8722125824711988
2004-06-28,0.7955597575433415,0.8016479884846494,0.003252166605858365,1.8720538272364837
2004-06-29,0.7956076439918306,0.8016479884846494,0.0032526188676174545,1.8570710982941931
2004-06-30,0.7956555304403196,0.8016479884846494,0.0032523632742969587,1.8424934544328062
2004-07-01,0.7957034168888086,0.8016479884846494,0.0032513996589629006,1.828311564053267
2004-07-02,0.7957513033372978,0.8016479884846494,0.0032497273917832478,1.8145168614022726
2004-07-06,0.7957991897857868,0.8016479884846494,0.0032473453779668228,1.8011015208134484
2004-07-07,0.7958470762342759,0.8016479884846494,0.0032442520541709568,1.788058434891203
2004-07-08,0.7958842230747106,0.8016321212714527,0.003254167188830631,1.7663192648708133
2004-07-09,0.7959213699151452,0.801616254058256,0.003263627739816709,1.744955183960609
2004-07-12,0.79595851675558,0.8016003868450594,0.003272637649467211,1.7239519597893351
2004-07-13,0.7959956635960148,0.8015845196318627,0.003281200630057434,1.703296038849683
2004-07-14,0.7960328104364496,0.801568652418666,0.0032893201720170418,1.6829745031545016
2004-07-15,0.7960699572768842,0.8015527852054694,0.003296999551525148,1.6629750301448594
2004-07-16,0.7961071041173189,0.8015369179922727,0.0033042418375242625,1.6432858555601748
2004-07-19,0.7961442509577537,0.801521050779076,0.0033110498981900427,1.6238957390106121
2004-07-20,0.7961813977981884,0.8015051835658794,0.0033174264068902503,1.6047939320171685
2004-07-21,0.7962185446386231,0.8014893163526827,0.00332337384766311,1.585970148307537
2004-07-22,0.796255691479058,0.801473449139486,0.003328894520242319,1.567414536177096
2004-07-23,0.7962928383194926,0.8014575819262892,0.003333990544653278,1.5491176527417996
2004-07-26,0.7963299851599274,0.8014417147130926,0.0033386638654026657,1.531070439925428
2004-07-27,0.796367132000362,0.801425847499896,0.0033429162552812124,1.5132642020397884
2004-07-28,0.7964042788407968,0.8014099802866993,0.0033467493187974424,1.4956905848272988
2004-07-29,0.7964414256812316,0.8014099802866993,0.003350164495258227,1.4830778048361994
2004-07-30,0.7964785725216662,0.8014099802866993,0.003353163061510186,1.4706734133031099
2004-08-02,0.7965157193621009,0.8014099802866993,0.003355746134354296,1.4584717462664016
2004-08-03,0.7965528662025357,0.8014099802866993,0.003357914672644486,1.4464673935083638
2004-08-04,0.7965900130429705,0.8014099802866993,0.0033596694790795027,1.4346551866909811
2004-08-05,0.7966271598834053,0.8014099802866993,0.0033610112016959175,1.42303018831972
2004-08-06,0.7965922998143677,0.8002803002094618,0.0034407936319360705,1.0718458558117372
2004-08-09,0.7965574397453302,0.7991506201322243,0.003518420839713258,0.7370296235243372
2004-08-10,0.7965225796762928,0.7980209400549868,0.0035940324791514672,0.4169022921706462
2004-08-11,0.7964877196072554,0.7968912599777493,0.0036677532066884057,0.11002386140868602
2004-08-12,0.7964528595382181,0.7957615799005119,0.0037396948508215057,-0.1848492097033948
2004-08-13,0.7964179994691805,0.7946318998232744,0.003809958193662897,-0.46879770200020976
2004-08-16,0.796383139400143,0.793502219746037,0.0038786344460090025,-0.7427664798549045
2004-08-17,0.7963482793311056,0.7923725396687995,0.003945806478045577,-1.0075860750969678
2004-08-18,0.7963134192620683,0.7912428595915622,0.0040115498534501175,-1.26399019225581
2004-08-19,0.7962785591930308,0.7901131795143246,0.004075933703994123,-1.5126300196356477
2004-08-20,0.7962436991239933,0.7889834994370871,0.004139021473742942,-1.754086015973414
2004-08-23,0.7962088390549559,0.7878538193598495,0.004200871555875696,-1.9888776850175969
2004-08-24,0.7961739789859186,0.7867241392826121,0.004261537840490936,-2.217471733682376
2004-08-25,0.7961391189168812,0.7855944592053746,0.004321070188161395,-2.4402889220351356
2004-08-26,0.7961042588478435,0.7844647791281372,0.0043795148411905765,-2.6577098472720673
2004-08-27,0.7960693987788061,0.7844647791281372,0.004436914782313296,-2.615470483437725
2004-08-30,0.7960345387097688,0.7844647791281372,0.00449331004883063,-2.574885653537894
2004-08-31,0.7959996786407314,0.7844647791281372,0.0045487380087717464,-2.5358460940925664
2004-09-01,0.795964818571694,0.7844647791281372,0.004603233604552081,-2.4982524093899063
2004-09-02,0.7959299585026564,0.7844647791281372,0.004656829568689485,-2.462013952927569
2004-09-03,0.795895098433619,0.7844647791281372,0.004709556615401729,-2.4270478601108967
2004-09-07,0.7958354253103225,0.784192579243863,0.004809809117449884,-2.4206461799532737
2004-09-08,0.795775752187026,0.7839203793595889,0.0049072857917678925,-2.4158716917047727
2004-09-09,0.7957160790637294,0.7836481794753146,0.0050021489183173255,-2.4125430460943442
2004-09-10,0.795656405940433,0.7833759795910405,0.005094544496136285,-2.410505268666496
2004-09-13,0.7955967328171364,0.7831037797067663,0.005184604450520308,-2.4096251179039094
2004-09-14,0.7955370596938398,0.7828315798224923,0.0052724484688568204,-2.409787396955315
2004-09-15,0.7954773865705433,0.7825593799382181,0.00535818553880877,-2.4108919966957987
2004-09-16,0.7954177134472469,0.7822871800539438,0.005441915245848779,-2.4128515054179385
2004-09-17,0.7953580403239502,0.7820149801696697,0.0055237288746694015,-2.4155892617157155
2004-09-20,0.7952983672006536,0.7817427802853956,0.005603710349568825,-2.419037757064134
2004-09-21,0.795238694077357,0.7814705804011214,0.00568193704171616,-2.423137316579129
2004-09-22,0.7951790209540607,0.7811983805168473,0.0057584804656559165,-2.427835002757261
2004-09-23,0.7951193478307641,0.780926180632573,0.005833406883100863,-2.433083699220107
2004-09-24,0.7950596747074675,0.7806539807482991,0.005906777828683709,-2.4388413407413854
2004-09-27,0.7950000015841711,0.7803817808640248,0.005978650569669002,-2.4450702628963987
2004-09-28,0.7949403284608745,0.7803817808640248,0.006049078509502973,-2.406738079854402
2004-09-29,0.794880655337578,0.7803817808640248,0.00611811154337767,-2.3698283973339835
2004-09-30,0.7948209822142814,0.7803817808640248,0.006185796372614009,-2.334250997039354
2004-10-01,0.794761309090985,0.7803817808640248,0.006252176783555574,-2.2999234866136744
2004-10-04,0.7947016359676884,0.7803817808640248,0.0063172938957571974,-2.2667704463268814
2004-10-05,0.7946419628443918,0.7803817808640248,0.006381186383507705,-2.2347226868694436
2004-10-06,0.794578525692579,0.7800527803335022,0.006491719456331834,-2.237580575807048
2004-10-07,0.7945150885407661,0.7797237798029799,0.00659978959725202,-2.241178831510771
2004-10-08,0.7944516513889534,0.7793947792724575,0.0067055158896165675,-2.2454457441240727
2004-10-11,0.7943882142371405,0.7790657787419348,0.006809007516035661,-2.250318487550539
2004-10-12,0.7943247770853277,0.7787367782114124,0.006910364878252488,-2.255741794904642
2004-10-13,0.7942613399335148,0.77840777768089,0.0070096805588676075,-2.261666864771637
2004-10-14,0.7941979027817021,0.7780787771503677,0.007107040151411348,-2.2680504524986302
2004-10-15,0.7941344656298891,0.7777497766198451,0.007202522980165016,-2.2748541108672153
2004-10-18,0.7940710284780763,0.7774207760893226,0.007296202727135727,-2.282043552165679
2004-10-19,0.7940075913262635,0.7770917755588002,0.00738814798043096,-2.289588109532783
2004-10-20,0.7939441541744506,0.7767627750282777,0.007478422715763992,-2.297460279953921
2004-10-21,0.7938807170226378,0.7764337744977553,0.007567086720805389,-2.3056353347864915
2004-10-22,0.793817279870825,0.7761047739672329,0.007654195970469348,-2.314090986424792
2004-10-25,0.7937538427190122,0.7757757734367103,0.007739802959903741,-2.3228071018652168
2004-10-26,0.7936904055671993,0.7754467729061879,0.007823957000875311,-2.331765455634578
2004-10-27,0.7936269684153866,0.7754467729061879,0.007906704486357287,-2.299339192525523
2004-10-28,0.7935635312635736,0.7754467729061879,0.007988089127397407,-2.267971484600635
2004-10-29,0.7935000941117608,0.7754467729061879,0.008068152165739839,-2.237602964682984
2004-11-01,0.793436656959948,0.7754467729061879,0.008146932565171128,-2.208178834162504
2004-11-02,0.7933732198081352,0.7754467729061879,0.008224467184139331,-2.179648419841472
2004-11-03,0.7933097826563223,0.7754467729061879,0.00830079093184193,-2.151964782248849
2004-11-04,0.7931694763442433,0.774232081481393,0.008606309150848781,-2.2004083900451823
2004-11-05,0.7930291700321642,0.7730173900565982,0.008899126683217146,-2.2487352622259236
2004-11-08,0.7928888637200852,0.7718026986318034,0.009180458902802247,-2.296853056206745
2004-11-09,0.7927485574080061,0.7705880072070085,0.009451331494888133,-2.344701401382801
2004-11-10,0.792608251095927,0.7693733157822137,0.00971261961597474,-2.39224187010247
2004-11-11,0.7924679447838481,0.7681586243574187,0.009965077220026947,-2.4394512846899623
2004-11-12,0.7923276384717689,0.7669439329326238,0.010209359412603336,-2.486317163818257
2004-11-15,0.7921873321596898,0.765729241507829,0.010446039759088338,-2.5328345729147386
2004-11-16,0.7920470258476108,0.764514550083034,0.010675623874009709,-2.5790039148537067
2004-11-17,0.7919067195355317,0.7632998586582393,0.010898560224558446,-2.62482936166473
2004-11-18,0.7917664132234526,0.7620851672334443,0.011115248816623877,-2.6703177301453915
2004-11-19,0.7916261069113736,0.7608704758086495,0.011326048249973124,-2.715477669168241
2004-11-22,0.7914858005992946,0.7596557843838546,0.011531281502248988,-2.7603190685468992
2004-11-23,0.7913454942872156,0.7584410929590598,0.011731240711264506,-2.804852627101963
2004-11-24,0.7912051879751364,0.7572264015342649,0.0119261911600175,-2.8490895362121322
2004-11-26,0.7910648816630573,0.7572264015342649,0.012116374621274264,-2.7927891953239783
2004-11-29,0.7909245753509783,0.7572264015342649,0.012302012183336847,-2.739240809918702
2004-11-30,0.7907842690388993,0.7572264015342649,0.012483306652205858,-2.6882194309233425
2004-12-01,0.7906439627268201,0.7572264015342649,0.012660444605351564,-2.6395250904877106
2004-12-02,0.7905036564147412,0.7572264015342649,0.012833598157004671,-2.592979340116966
2004-12-03,0.7903633501026621,0.7572264015342649,0.013002926483061481,-2.5484223579640872
2004-12-06,0.7901871599554032,0.7567456984021754,0.01324632939111332,-2.524583268755416
2004-12-07,0.7900109698081443,0.756264995270086,0.01348302837872615,-2.5028482912120547
2004-12-08,0.7898347796608856,0.7557842921379962,0.013713370588403426,-2.4830137349080146
2004-12-09,0.7896585895136267,0.7553035890059068,0.013937671191340848,-2.4649024959825323
2004-12-10,0.7894823993663678,0.7548228858738172,0.014156217372259734,-2.44835979705064
2004-12-13,0.7893062092191089,0.7543421827417276,0.014369271695291142,-2.433249730314384
2004-12-14,0.7891300190718501,0.7538614796096381,0.014577074964656428,-2.4194524311443875
2004-12-15,0.7889538289245912,0.7533807764775485,0.01477984866996352,-2.4068617508470385
2004-12-16,0.7887776387773323,0.752900073345459,0.014977797087640186,-2.3953833278646663
2004-12-17,0.7886014486300735,0.7524193702133695,0.015171109095900486,-2.3849329793878504
2004-12-20,0.7884252584828146,0.75193866708128,0.015359959749641184,-2.3754353524518184
2004-12-21,0.7882490683355556,0.7514579639491905,0.01554451165302954,-2.3668227865617597
2004-12-22,0.7880728781882969,0.7509772608171007,0.015724916160712473,-2.3590343498222763
2004-12-23,0.7878966880410381,0.7504965576850112,0.015901314433133903,-2.352015018211036
2004-12-27,0.7877204978937792,0.7500158545529217,0.01607383836708084,-2.345714973598117
2004-12-28,0.7875443077465204,0.7500158545529217,0.016242611419053858,-2.3104938131792547
2004-12-29,0.7873681175992615,0.7500158545529217,0.016407749336195036,-2.2765013214787304
2004-12-30,0.7871919274520025,0.7500158545529217,0.016569360807168445,-2.243663671262272
2005-01-03,0.7870157373047436,0.7500158545529217,0.016727548043468352,-2.2119131061930686
2005-01-04,0.7868395471574848,0.7500158545529217,0.016882407300045966,-2.1811873123368386
2005-01-05,0.7866633570102259,0.7500158545529217,0.017034029342831363,-2.151428867458597
2005-01-06,0.786472619996366,0.7498953024560824,0.017194345574769166,-2.127287565626041
2005-01-07,0.7862818829825059,0.7497747503592433,0.01735107583795568,-2.104027033493956
2005-01-10,0.7860911459686459,0.749654198262404,0.017504316456867317,-2.081597861648974
2005-01-11,0.7859004089547859,0.7495336461655647,0.0176541583035721,-2.0599544970582238
2005-01-12,0.7857096719409259,0.7494130940687255,0.01780068720838532,-2.039054866101029
2005-01-13,0.7855189349270659,0.7492925419718862,0.0179439843310153,-2.018860041722404
2005-01-14,0.785328197913206,0.7491719898750471,0.018084126496749404,-1.9993339487344282
2005-01-18,0.7851374608993458,0.7490514377782078,0.018221186501622397,-1.9804431022054954
2005-01-19,0.7849467238854857,0.7489308856813685,0.018355233389993706,-1.9621563746365196
2005-01-20,0.7847559868716257,0.7488103335845293,0.01848633270752029,-1.9444447882555762
2005-01-21,0.7845652498577657,0.7486897814876899,0.018614546732136413,-1.9272813292917739
2005-01-24,0.7843745128439057,0.7485692293908508,0.018739934685329283,-1.9106407815329989
2005-01-25,0.7841837758300456,0.7484486772940115,0.01886255292572259,-1.8944995768469195
2005-01-26,0.7839930388161857,0.7483281251971723,0.01898245512674073,-1.878835660660771
2005-01-27,0.7838023018023256,0.748207573100333,0.01909969243991971,-1.863628370664076
2005-01-28,0.7836115647884656,0.748207573100333,0.019214313645251238,-1.8425842495228846
2005-01-31,0.7834208277746056,0.748207573100333,0.019326365289790294,-1.8220319313158704
2005-02-01,0.7832300907607456,0.748207573100333,0.019435891815620273,-1.801950638162411
2005-02-02,0.7830393537468856,0.748207573100333,0.019542935678150828,-1.7823207945925341
2005-02-03,0.7828486167330255,0.748207573100333,0.019647537455618886,-1.7631239391166398
2005-02-04,0.7826578797191656,0.748207573100333,0.019749735950571962,-1.7443426436207532
2005-02-07,0.7824507022079249,0.7479094200413345,0.019883194855255602,-1.7372098607915758
2005-02-08,0.7822435246966842,0.747611266982336,0.02001361082194721,-1.730435253411142
2005-02-09,0.7820363471854437,0.7473131139233377,0.020141042961033907,-1.7240037335347387
2005-02-10,0.7818291696742031,0.747014960864339,0.020265547560567317,-1.7179012166246883
2005-02-11,0.7816219921629624,0.7467168078053406,0.02038717825611406,-1.7121145417539
2005-02-14,0.7814148146517218,0.7464186547463422,0.0205059861871863,-1.7066313995299525
2005-02-15,0.7812076371404812,0.7461205016873436,0.020622020141516987,-1.7014402668775894
2005-02-16,0.7810004596292406,0.7458223486283451,0.02073532668830517,-1.6965303479272478
2005-02-17,0.7807932821179999,0.7455241955693466,0.02084595030143506,-1.6918915203508562
2005-02-18,0.7805861046067595,0.7452260425103481,0.02095393347356557,-1.6875142865667625
2005-02-22,0.7803789270955187,0.7449278894513497,0.02105931682189321,-1.6833897293056632
2005-02-23,0.7801717495842782,0.7446297363923511,0.02116213918630838,-1.6795094710898735
2005-02-24,0.7799645720730376,0.7443315833333526,0.021262437720592015,-1.6758656372300886
2005-02-25,0.7797573945617968,0.7440334302743542,0.021360247977234986,-1.6724508219902685
2005-02-28,0.7795502170505563,0.7437352772153556,0.02145560398640504,-1.669258057610225
2005-03-01,0.7793430395393156,0.7437352772153556,0.021548538329535488,-1.6524444386631207
2005-03-02,0.7791358620280752,0.7437352772153556,0.021639082207964174,-1.635955927913178
2005-03-03,0.7789286845168344,0.7437352772153556,0.021727265507011106,-1.619780790644011
2005-03-04,0.7787215070055938,0.7437352772153556,0.021813116855846828,-1.603907869812767
2005-03-07,0.7785143294943533,0.7437352772153556,0.02189666368347139,-1.5883265497314332
2005-03-08,0.7783071519831126,0.7437352772153556,0.021977932271094847,-1.5730267225013521
2005-03-09,0.7780956020612934,0.7437327178085126,0.022053655787315884,-1.558149115238505
2005-03-10,0.7778840521394741,0.7437301584016697,0.022127089662189955,-1.5435330293872978
2005-03-11,0.7776725022176547,0.7437275989948267,0.022198256618761285,-1.5291697814745897
2005-03-14,0.7774609522958355,0.7437250395879837,0.022267178392575207,-1.5150510816000218
2005-03-15,0.7772494023740162,0.7437224801811408,0.022333875769372423,-1.501169010658352
2005-03-16,0.7770378524521968,0.7437199207742978,0.02239836862044547,-1.4875159991556715
2005-03-17,0.7768263025303777,0.7437173613674549,0.0224606759358118,-1.474084807489391
2005-03-18,0.7766147526085584,0.7437148019606119,0.022520815855344975,-1.460868507573991
2005-03-21,0.776403202686739,0.743712242553769,0.022578805697993934,-1.4478604657054346
2005-03-22,0.7761916527649199,0.743709683146926,0.02263466198920966,-1.4350543265668647
2005-03-23,0.7759801028431005,0.7437071237400831,0.022688400486688895,-1.422443998286777
2005-03-24,0.7757685529212811,0.7437045643332402,0.022740036204535838,-1.410023638469199
2005-03-28,0.775557002999462,0.7437020049263972,0.02278958343593449,-1.3977876411218653
2005-03-29,0.7753454530776426,0.7436994455195542,0.0228370557744172,-1.385730624415219
2005-03-30,0.7751339031558234,0.7436968861127112,0.02288246613380795,-1.37384741921087
2005-03-31,0.774922353234004,0.7436968861127112,0.02292582676691283,-1.362021419718579
2005-04-01,0.7747108033121847,0.7436968861127112,0.022967149283024423,-1.3503598908723329
2005-04-04,0.7744992533903655,0.7436968861127112,0.02300644466430146,-1.3388582080850402
2005-04-05,0.7742877034685461,0.7436968861127112,0.023043723281080345,-1.3275119208253545
2005-04-06,0.7740761535467269,0.7436968861127112,0.023078994906170564,-1.3163167441877301
2005-04-07,0.7738646036249077,0.7436968861127112,0.023112268728181853,-1.3052685509584614
2005-04-08,0.7736016622790461,0.7429821525051004,0.023199216870783967,-1.3198510080961654
2005-04-11,0.7733387209331847,0.7422674188974897,0.02328285922878268,-1.3345140186770565
2005-04-12,0.7730757795873233,0.7415526852898789,0.023363231307176296,-1.3492608913117972
2005-04-13,0.772812838241462,0.7408379516822683,0.023440366745287995,-1.3640949779773088
2005-04-14,0.7725498968956005,0.7401232180746574,0.023514297395207294,-1.3790196779408053
2005-04-15,0.772286955549739,0.7394084844670467,0.023585053394524474,-1.3940384417499545
2005-04-18,0.7720240142038777,0.738693750859436,0.02365266323377892,-1.4091547752999731
2005-04-19,0.7717610728580161,0.7379790172518252,0.023717153819002235,-1.4243722439884248
2005-04-20,0.7714981315121547,0.7372642836442144,0.023778550529700845,-1.4396944769690747
2005-04-21,0.7712351901662934,0.7365495500366036,0.023836877272590234,-1.4551251715162545
2005-04-22,0.7709722488204319,0.735834816428993,0.02389215653136381,-1.4706680975119684
2005-04-25,0.7707093074745704,0.7351200828213822,0.023944409412752707,-1.4863271020680744
2005-04-26,0.7704463661287091,0.7344053492137713,0.023993655689109133,-1.502106114296581
2005-04-27,0.7701834247828477,0.7336906156061607,0.024039913837723845,-1.5180091502417088
2005-04-28,0.7699204834369862,0.7329758819985499,0.024083201077068687,-1.5340403179880358
2005-04-29,0.7696575420911247,0.7329758819985499,0.024123533400137034,-1.5205757582911306
2005-05-02,0.7693946007452633,0.7329758819985499,0.0241609256050384,-1.5073395507297473
2005-05-03,0.7691316593994019,0.7329758819985499,0.024195391322988393,-1.494324969503586
2005-05-04,0.7688687180535405,0.7329758819985499,0.024226943043821125,-1.4815255886831653
2005-05-05,0.7686057767076792,0.7329758819985499,0.02425559213913839,-1.4689352667518467
2005-05-06,0.7683428353618175,0.7329758819985499,0.024281348883197988,-1.4565481322061353
2005-05-09,0.7680745299034543,0.7329969480420081,0.02429366354351607,-1.4438983975641788
2005-05-10,0.767806224445091,0.7330180140854664,0.024302998249134792,-1.4314369775697544
2005-05-11,0.7675379189867276,0.7330390801289248,0.024309356432930126,-1.4191588721398534
2005-05-12,0.7672696135283644,0.733060146172383,0.02431274043013126,-1.407059292813612
2005-05-13,0.7670013080700011,0.7330812122158413,0.02431315148261415,-1.3951336534227314
2005-05-16,0.7667330026116378,0.7331022782592995,0.02431058974118176,-1.3833775613994401
2005-05-17,0.7664646971532745,0.7331233443027578,0.024305054265840804,-1.3717868096832757
2005-05-18,0.7661963916949113,0.7331444103462161,0.02429654302407621,-1.3603573691921063
2005-05-19,0.765928086236548,0.7331654763896743,0.02428505288711581,-1.3490853818257689
2005-05-20,0.7656597807781846,0.7331865424331326,0.02427057962416932,-1.3379671539741163
2005-05-23,0.7653914753198213,0.7332076084765909,0.024253117894616757,-1.326999150504024
2005-05-24,0.765123169861458,0.7332286745200493,0.02423266123811253,-1.3161779892026835
2005-05-25,0.7648548644030947,0.7332497405635076,0.024209202062562264,-1.3055004356571551
2005-05-26,0.7645865589447313,0.7332708066069658,0.024182731629919768,-1.294963398552565
2005-05-27,0.764318253486368,0.7332918726504241,0.02415324003974167,-1.2845639253737045
2005-05-31,0.7640499480280047,0.7332918726504241,0.02412071621042676,-1.2751725574502124
2005-06-01,0.7637816425696414,0.7332918726504241,0.02408514785805588,-1.2659158290788446
2005-06-02,0.7635133371112781,0.7332918726504241,0.024046521472736733,-1.2567915278356703
2005-06-03,0.7632450316529148,0.7332918726504241,0.02400482229234512,-1.2477975732418765
2005-06-06,0.7629767261945516,0.7332918726504241,0.023960034273540914,-1.2389320150893333
2005-06-07,0.7627084207361883,0.7332918726504241,0.02391214005992242,-1.230193032160571
2005-06-08,0.7624342971125104,0.733243670161585,0.02385986390096772,-1.2234196754886568
2005-06-09,0.7621601734888326,0.7331954676727459,0.023804303859236747,-1.216784409549013
2005-06-10,0.7618860498651547,0.7331472651839069,0.023745436883659564,-1.2102866256810971
2005-06-13,0.761611926241477,0.7330990626950679,0.02368323831513887,-1.203925880701165
2005-06-14,0.7613378026177992,0.7330508602062288,0.02361768183184537,-1.1977019003376153
2005-06-15,0.7610636789941213,0.7330026577173896,0.02354873938986355,-1.1916145833611143
2005-06-16,0.7607895553704436,0.7329544552285506,0.02347638115885749,-1.1856640064557367
2005-06-17,0.7605154317467657,0.7329062527397116,0.023400575452390524,-1.1798504298847794
2005-06-20,0.7602413081230878,0.7328580502508726,0.023321288652493027,-1.1741743040124815
2005-06-21,0.75996718449941,0.7328098477620334,0.023238485128028324,-1.1686362767520384
2005-06-22,0.7596930608757322,0.7327616452731944,0.02315212714635747,-1.1632372020198967
2005-06-23,0.7594189372520544,0.7327134427843554,0.023062174777748655,-1.1579781492882306
2005-06-24,0.7591448136283765,0.7326652402955162,0.02296858579191513,-1.1528604143395305
2005-06-27,0.7588706900046986,0.7326170378066771,0.022871315545996043,-1.147885531342671
2005-06-28,0.7585965663810209,0.7325688353178381,0.022770316863216688,-1.1430552863859418
2005-06-29,0.7583224427573431,0.7325688353178381,0.02266553990137617,-1.1362450465140377
2005-06-30,0.7580483191336653,0.7325688353178381,0.022556932010210865,-1.1295633557033993
2005-07-01,0.7577741955099875,0.7325688353178381,0.022444437576568752,-1.1230114413053023
2005-07-05,0.7575000718863096,0.7325688353178381,0.022327997856201133,-1.1165907811813671
2005-07-06,0.7572259482626318,0.7325688353178381,0.022207550790831674,-1.1103031206382872
2005-07-07,0.7569518246389539,0.7325688353178381,0.022083030808995173,-1.1041504914798108
2005-07-08,0.7566721420194888,0.732459576975415,0.021963716953616964,-1.102389231076235
2005-07-11,0.7563924594000239,0.7323503186329918,0.021840155839762523,-1.100822766257947
2005-07-12,0.7561127767805587,0.7322410602905687,0.021712274956129426,-1.099457175179653
2005-07-13,0.7558330941610935,0.7321318019481456,0.0215799975072973,-1.0982991172697398
2005-07-14,0.7555534115416284,0.7320225436057225,0.02144324212982474,-1.0973558845925406
2005-07-15,0.7552737289221634,0.7319132852632992,0.021301922580850865,-1.0966354595553622
2005-07-18,0.7549940463026982,0.7318040269208761,0.021155947395987203,-1.0961465798605972
2005-07-19,0.7547143636832331,0.7316947685784531,0.021005219512824233,-1.0958988117560953
2005-07-20,0.754434681063768,0.7315855102360299,0.02084963585583754,-1.0959026328193975
2005-07-21,0.7541549984443029,0.7314762518936068,0.020689086877846048,-1.0961695257310082
2005-07-22,0.7538753158248377,0.7313669935511836,0.020523456052430278,-1.0967120847557619
2005-07-25,0.7535956332053726,0.7312577352087605,0.0203526193108394,-1.0975441369708812
2005-07-26,0.7533159505859075,0.7311484768663373,0.02017644441587291,-1.098680880667503
2005-07-27,0.7530362679664424,0.7310392185239142,0.019994790263981408,-1.1001390438265155
2005-07-28,0.7527565853469773,0.730929960181491,0.0198075061053466,-1.1019370661506278
2005-07-29,0.7524769027275122,0.730929960181491,0.01961443066991801,-1.0985250048102086
2005-08-01,0.752197220108047,0.730929960181491,0.019415391185233385,-1.0953814797577222
2005-08-02,0.7519175374885819,0.730929960181491,0.01921020226924216,-1.0925224530662292
2005-08-03,0.7516378548691168,0.730929960181491,0.01899866467817397,-1.0899657969865335
2005-08-04,0.7513581722496517,0.730929960181491,0.018780563885600836,-1.087731560809158
2005-08-05,0.7510784896301866,0.730929960181491,0.018555668464043915,-1.0858422852153369
2005-08-08,0.7508604048686384,0.7308351241172564,0.01848453669010231,-1.0833531338713338
2005-08-09,0.7506423201070901,0.7307402880530218,0.018410536663815796,-1.0810131403276182
2005-08-10,0.7504242353455418,0.7306454519887872,0.018333633653845466,-1.0788250561887966
2005-08-11,0.7502061505839934,0.7305506159245526,0.018253790969518277,-1.0767919218678073
2005-08-12,0.7499880658224451,0.730455779860318,0.018170969860358613,-1.0749170854516905
2005-08-15,0.749769981060897,0.7303609437960834,0.018085129407195234,-1.0732042236364436
2005-08-16,0.7495518962993487,0.7302661077318487,0.017996226404045843,-1.0716573649664802
2005-08-17,0.7493338115378004,0.7301712716676142,0.017904215229886458,-1.0702809156471338
2005-08-18,0.7491157267762522,0.7300764356033794,0.017809047709303884,-1.0690796882376892
2005-08-19,0.7488976420147039,0.7299815995391449,0.017710672960906032,-1.0680589335771522
2005-08-22,0.7486795572531556,0.7298867634749103,0.017609037232223023,-1.0672243763478495
2005-08-23,0.7484614724916073,0.7297919274106757,0.01750408371966975,-1.0665822547427748
2005-08-24,0.7482433877300589,0.729697091346441,0.017395752371953933,-1.0661393647749866
2005-08-25,0.7480253029685107,0.7296022552822063,0.017283979675098458,-1.0659031098518907
2005-08-26,0.7478072182069626,0.7295074192179718,0.017168698416998147,-1.0658815563370139
2005-08-29,0.7475891334454142,0.7295074192179718,0.017049837429142695,-1.060521210397935
2005-08-30,0.747371048683866,0.7295074192179718,0.01692732130280211,-1.055313427703239
2005-08-31,0.7471529639223177,0.7295074192179718,0.01680107007657974,-1.0502631453780618
2005-09-01,0.7469348791607693,0.7295074192179718,0.016670998891780024,-1.0453758683524625
2005-09-02,0.7467167943992211,0.7295074192179718,0.01653701761149999,-1.0406577283488994
2005-09-06,0.7464987096376728,0.7295074192179718,0.016399030398719712,-1.036115551138168
2005-09-07,0.746306401374368,0.7296682645041866,0.016283853062058942,-1.0217567554050138
2005-09-08,0.746114093111063,0.7298291097904015,0.016165558556945313,-1.007387605154225
2005-09-09,0.7459217848477582,0.7299899550766166,0.016044077933992894,-0.9930037635498224
2005-09-12,0.7457294765844533,0.7301508003628314,0.015919338253481387,-0.978600741661797
2005-09-13,0.7455371683211485,0.7303116456490462,0.015791262282926665,-0.9641738829557643
2005-09-14,0.7453448600578436,0.7304724909352611,0.015659768163364268,-0.9497183462381087
2005-09-15,0.7451525517945387,0.7306333362214761,0.015524769040316194,-0.9352290868455237
2005-09-16,0.7449602435312337,0.7307941815076909,0.015386172654780384,-0.9207008358340145
2005-09-19,0.744767935267929,0.7309550267939058,0.015243880888834426,-0.9061280768823513
2005-09-20,0.744575627004624,0.7311158720801207,0.015097789259555171,-0.891505020576755
2005-09-21,0.7443833187413192,0.7312767173663357,0.014947786353892536,-0.8768255756860256
2005-09-22,0.7441910104780142,0.7314375626525506,0.014793753195859415,-0.8620833169660519
2005-09-23,0.7439987022147094,0.7315984079387654,0.014635562535860852,-0.8472714489491024
2005-09-26,0.7438063939514045,0.7317592532249803,0.01447307805012103,-0.8323827650693466
2005-09-27,0.7436140856880997,0.7319200985111952,0.014306153435896207,-0.8174096013511644
2005-09-28,0.7434217774247948,0.7319200985111952,0.014134631385381893,-0.8137233013019808
2005-09-29,0.7432294691614899,0.7319200985111952,0.0139583424177998,-0.8102230416609414
2005-09-30,0.743037160898185,0.7319200985111952,0.01377710354491044,-0.8069230481392885
2005-10-03,0.7428448526348802,0.7319200985111952,0.013590716739912094,-0.8038394392844692
2005-10-04,0.7426525443715752,0.7319200985111952,0.013398967173053979,-0.8009905332079276
2005-10-05,0.7424602361082705,0.7319200985111952,0.013201621168907164,-0.7983972166918194
2005-10-06,0.7422815429373465,0.731819831532674,0.013057318665175162,-0.8012143743243862
2005-10-07,0.7421028497664227,0.7317195645541529,0.012908920289071058,-0.8043496264409133
2005-10-10,0.7419241565954989,0.7316192975756318,0.0127562830951776,-0.807826146768628
2005-10-11,0.7417454634245749,0.7315190305971107,0.012599253027386266,-0.8116697716313552
2005-10-12,0.7415667702536511,0.7314187636185896,0.012437663701875643,-0.815909392495569
2005-10-13,0.7413880770827272,0.7313184966400683,0.012271335010620178,-0.8205774216044346
2005-10-14,0.7412093839118034,0.7312182296615473,0.012100071511931444,-0.8257103472821775
2005-10-17,0.7410306907408796,0.7311179626830262,0.011923660566868803,-0.8313493999818287
2005-10-18,0.7408519975699558,0.731017695704505,0.011741870170590966,-0.8375413560679659
2005-10-19,0.7406733043990319,0.730917428725984,0.011554446415176738,-0.8443395142006631
2005-10-20,0.740494611228108,0.7308171617474628,0.011361110504190685,-0.8518048897663261
2005-10-21,0.7403159180571842,0.7307168947689416,0.011161555218012318,-0.8600076871681689
2005-10-24,0.7401372248862603,0.7306166277904205,0.010955440700862235,-0.86902912952562
2005-10-25,0.7399585317153365,0.7305163608118994,0.010742389402946834,-0.8789637527798956
2005-10-26,0.7397798385444128,0.7304160938333782,0.010521979960446836,-0.8899223098916516
2005-10-27,0.7396011453734888,0.7304160938333782,0.01029373972667902,-0.8922949077782643
2005-10-28,0.739422452202565,0.7304160938333782,0.010057135571435822,-0.8955192365872545
2005-10-31,0.7392437590316411,0.7304160938333782,0.009811562429752679,-0.8997206368981291
2005-11-01,0.7390650658607172,0.7304160938333782,0.009556328886800287,-0.9050517337557694
2005-11-02,0.7388863726897934,0.7304160938333782,0.009290638801585047,-0.9117003725265986
2005-11-03,0.7387076795188696,0.7304160938333782,0.00901356754894567,-0.9199005433160874
2005-11-04,0.7386179297048068,0.7306956508038475,0.00894074494337645,-0.8860871159095478
2005-11-07,0.7385281798907438,0.7309752077743169,0.008866412244186994,-0.8518634040932173
2005-11-08,0.738438430076681,0.7312547647447861,0.008790531143422386,-0.8172049236490231
2005-11-09,0.738348680262618,0.7315343217152553,0.008713061186594585,-0.7820854693235548
2005-11-10,0.7382589304485551,0.7318138786857246,0.008633959604807956,-0.7464769419631605
2005-11-11,0.7381691806344922,0.7320934356561939,0.008553181129370665,-0.7103491538878907
2005-11-14,0.7380794308204294,0.7323729926266632,0.008470677786602538,-0.6736696091535453
2005-11-15,0.7379896810063665,0.7326525495971324,0.00838639867018694,-0.6364032547376044
2005-11-16,0.7378999311923036,0.7329321065676017,0.008300289687983018,-0.5985121979410214
2005-11-17,0.7378101813782407,0.7332116635380711,0.008212293279700472,-0.5599553843914044
2005-11-18,0.7377204315641778,0.7334912205085403,0.00812234810122308,-0.5206882299221584
2005-11-21,0.7376306817501148,0.7337707774790095,0.008030388670626297,-0.4806621982350746
2005-11-22,0.737540931936052,0.734050334449479,0.007936344970038573,-0.43982431456177273
2005-11-23,0.7374511821219891,0.7343298914199482,0.007840141996408121,-0.3981166034328091
2005-11-25,0.7373614323079264,0.7346094483904174,0.007741699252908267,-0.35547543602590265
2005-11-28,0.7372716824938634,0.7346094483904174,0.007640930171083286,-0.3484175412989776
2005-11-29,0.7371819326798006,0.7346094483904174,0.007537741451821869,-0.34128051563262385
2005-11-30,0.7370921828657376,0.7346094483904174,0.007432032310741712,-0.3340586223948263
2005-12-01,0.7370024330516747,0.7346094483904174,0.007323693610437037,-0.3267455997677186
2005-12-02,0.7369126832376118,0.7346094483904174,0.007212606858096187,-0.31933458907565726
2005-12-05,0.7368229334235489,0.7346094483904174,0.007098643041991081,-0.3118180503003011
2005-12-06,0.7367656857112873,0.7346747805685881,0.007049827347451167,-0.2965895531406339
2005-12-07,0.7367084379990256,0.7347401127467591,0.007000201247468907,-0.2811812378934434
2005-12-08,0.7366511902867638,0.7348054449249299,0.006949747381465967,-0.26558452567013563
2005-12-09,0.7365939425745023,0.7348707771031008,0.006898447587120875,-0.2497903259595073
2005-12-12,0.7365366948622406,0.7349361092812716,0.006846282848615553,-0.23378899416822244
2005-12-13,0.7364794471499789,0.7350014414594425,0.006793233240451421,-0.21757028475563575
2005-12-14,0.7364221994377173,0.7350667736376132,0.006739277866361771,-0.20112329940712068
2005-12-15,0.7363649517254556,0.7351321058157841,0.006684394792786115,-0.18443642960794818
2005-12-16,0.7363077040131939,0.735197437993955,0.006628560976301835,-0.16749729288276793
2005-12-19,0.7362504563009321,0.7352627701721258,0.006571752184327241,-0.1502926618507903
2005-12-20,0.7361932085886705,0.7353281023502966,0.006513942908316062,-0.13280838511334644
2005-12-21,0.736135960876409,0.7353934345284673,0.006455106268554014,-0.11502929882950283
2005-12-22,0.7360787131641472,0.7354587667066382,0.006395213909540669,-0.09693912764733223
2005-12-23,0.7360214654518855,0.7355240988848091,0.006334235884790879,-0.07852037343141362
2005-12-27,0.7359642177396238,0.7355894310629799,0.006272140529715153,-0.05975418995609529
2005-12-28,0.7359069700273622,0.7355894310629799,0.006208894321032641,-0.05114259447234961
2005-12-29,0.7358497223151005,0.7355894310629799,0.006144461720927247,-0.04236192915549489
2005-12-30,0.7357924746028388,0.7355894310629799,0.006078805003868935,-0.0334018840429433
2006-01-03,0.7357352268905771,0.7355894310629799,0.006011884063678931,-0.024251270658735613
2006-01-04,0.7356779791783153,0.7355894310629799,0.005943656198006774,-0.014897920132918258
2006-01-05,0.7356207314660539,0.7355894310629799,0.005874075866893864,-0.00532856636230785
2006-01-06,0.7355719500214669,0.7356111122630767,0.005819925496309789,0.006728993633106839
2006-01-09,0.73552316857688,0.7356327934631736,0.005764852127791892,0.019016079487107845
2006-01-10,0.7354743871322931,0.7356544746632704,0.005708829048776533,0.03154544118218217
2006-01-11,0.7354256056877062,0.7356761558633674,0.0056518280176541934,0.044330820909376394
2006-01-12,0.7353768242431193,0.7356978370634641,0.005593819138501458,0.05738705746407068
2006-01-13,0.7353280427985324,0.7357195182635611,0.005534770722218541,0.07073020449739505
2006-01-17,0.7352792613539454,0.7357411994636578,0.0054746491322209875,0.08437766486141901
2006-01-18,0.7352304799093585,0.7357628806637547,0.005413418612528184,0.09834834371834361
2006-01-19,0.7351816984647717,0.7357845618638515,0.005351041095725508,0.1126628236066932
2006-01-20,0.7351329170201848,0.7358062430639484,0.005287475987837488,0.12734356530647054
2006-01-23,0.7350841355755978,0.7358279242640452,0.0052226799266191755,0.14241513914272327
2006-01-24,0.735035354131011,0.7358496054641421,0.005156606509129996,0.15790449236130583
2006-01-25,0.734986572686424,0.7358712866642388,0.005089205983670823,0.17384125945256504
2006-01-26,0.7349377912418372,0.7358929678643358,0.00502042490020497,0.19025812386110136
2006-01-27,0.7348890097972502,0.7359146490644326,0.004950205712200591,0.20719124149820659
2006-01-30,0.7348402283526634,0.7359146490644326,0.0048784863213651355,0.22023649160679964
2006-01-31,0.7347914469080763,0.7359146490644326,0.004805199554912178,0.23374724473369654
2006-02-01,0.7347426654634895,0.7359146490644326,0.004730272562701622,0.24776238269739373
2006-02-02,0.7346938840189026,0.7359146490644326,0.0046536261186848095,0.26232555310546624
2006-02-03,0.7346451025743156,0.7359146490644326,0.004575173807376199,0.2774859586908417
2006-02-06,0.7345963211297287,0.7359146490644326,0.004494821071303628,0.29329931354120053
2006-02-07,0.7345659584974391,0.7359259320520277,0.004458537434797646,0.30502683323333696
2006-02-08,0.7345355958651494,0.7359372150396227,0.004421746773316755,0.3169831395437396
2006-02-09,0.7345052332328598,0.7359484980272178,0.004384436323242773,0.32917909805350437
2006-02-10,0.73447487060057,0.7359597810148127,0.004346592699252183,0.3416263075438781
2006-02-13,0.7344445079682804,0.7359710640024079,0.004308201851028158,0.35433716592529685
2006-02-14,0.7344141453359907,0.7359823469900029,0.0042692490159981075,0.36732494359913537
2006-02-15,0.7343837827037011,0.735993629977598,0.004229718667640612,0.38060386526721285
2006-02-16,0.7343534200714115,0.7360049129651929,0.0041895944588423405,0.3941892013667001
2006-02-17,0.7343230574391217,0.736016195952788,0.0041488591597119455,0.4080973705031273
2006-02-21,0.734292694806832,0.736027478940383,0.004107494589172002,0.422346054483956
2006-02-22,0.7342623321745425,0.7360387619279781,0.004065481539549422,0.43695432783406457
2006-02-23,0.7342319695422527,0.736050044915573,0.004022799693266531,0.4519428040037619
2006-02-24,0.7342016069099631,0.7360613279031682,0.003979427530595544,0.46733380088137355
2006-02-27,0.7341712442776734,0.7360726108907633,0.003935342227274078,0.48315152870627215
2006-02-28,0.7341408816453836,0.7360838938783583,0.0038905195405831788,0.4994223040667234
2006-03-01,0.734110519013094,0.7360838938783583,0.0038449336822552476,0.5132402866586747
2006-03-02,0.7340801563808043,0.7360838938783583,0.003798557176298725,0.5274996280315108
2006-03-03,0.7340497937485148,0.7360838938783583,0.003751360699488718,0.5422299514202248
2006-03-06,0.7340194311162249,0.7360838938783583,0.003703312901864319,0.5574637673997396
2006-03-07,0.7339890684839353,0.7360838938783583,0.0036543802040769186,0.5732368493256178
2006-03-08,0.7339587058516457,0.7360838938783583,0.0036045265678271952,0.5895886704460158
2006-03-09,0.7339327029420719,0.7361545778131445,0.0035573223312628543,0.6245919442121083
2006-03-10,0.7339067000324984,0.736225261747931,0.003509289795465498,0.6606925761527492
2006-03-13,0.7338806971229248,0.7362959456827175,0.003460394468603654,0.6979691424507737
2006-03-14,0.733854694213351,0.7363666296175038,0.0034105992432202957,0.7365085209427762
2006-03-15,0.7338286913037775,0.7364373135522901,0.0033598641084267885,0.7764070701460936
2006-03-16,0.7338026883942039,0.7365079974870766,0.0033081458199513865,0.8177720209783417
2006-03-17,0.7337766854846302,0.7365786814218629,0.003255397520235696,0.8607231282248653
2006-03-20,0.7337506825750565,0.7366493653566494,0.003201568299002725,0.9053946412749697
2006-03-21,0.7337246796654829,0.7367200492914356,0.003146602682470301,0.9519376699956067
2006-03-22,0.7336986767559092,0.7367907332262221,0.003090440036500786,1.0005230432537398
2006-03-23,0.7336726738463356,0.7368614171610085,0.003033013865252229,1.05134478651904
2006-03-24,0.7336466709367621,0.7369321010957948,0.002974250982036512,1.1046243840468126
2006-03-27,0.7336206680271883,0.7370027850305813,0.00291407052268912,1.1606160444847213
2006-03-28,0.7335946651176147,0.7370734689653677,0.002852382763233877,1.2196132624952936
2006-03-29,0.7335686622080411,0.737144152900154,0.0027890876921512183,1.2819570722622806
2006-03-30,0.7335426592984674,0.737144152900154,0.0027240732719133473,1.322098652345341
2006-03-31,0.7335166563888937,0.737144152900154,0.002657213302827526,1.3651506664520554
2006-04-03,0.7334906534793201,0.737144152900154,0.002588364771901759,1.411508710246268
2006-04-04,0.7334646505697464,0.737144152900154,0.0025173645262154863,1.4616485980038896
2006-04-05,0.7334386476601729,0.737144152900154,0.0024440250475397736,1.5161486351014335
2006-04-06,0.7334126447505992,0.737144152900154,0.0023681290120859256,1.5757199588834785
2006-04-07,0.7334164052411823,0.7369294444151772,0.0023681850964815065,1.4834309949903226
2006-04-10,0.7334201657317655,0.7367147359302003,0.002368235184531455,1.391149924616392
2006-04-11,0.7334239262223486,0.7365000274452236,0.0023682792766162304,1.298876046101301
2006-04-12,0.7334276867129317,0.7362853189602468,0.002368317373070723,1.2066086580321818
2006-04-13,0.7334314472035148,0.73607061047527,0.002368349474184263,1.1143470592169207
2006-04-17,0.7334352076940982,0.7358559019902932,0.0023683755802006343,1.0220905486577818
2006-04-18,0.7334389681846812,0.7356411935053164,0.0023683956913180828,0.9298384255249101
2006-04-19,0.7334427286752644,0.7354264850203395,0.002368409807689323,0.8375899891288167
2006-04-20,0.7334464891658475,0.7352117765353626,0.0023684179294215465,0.7453445388948886
2006-04-21,0.7334502496564306,0.734997068050386,0.002368420056576423,0.6531013743361775
2006-04-24,0.7334540101470138,0.7347823595654092,0.002368416189170104,0.560859795026473
2006-04-25,0.733457770637597,0.7345676510804324,0.0023684063271732243,0.46861910057474115
2006-04-26,0.73346153112818,0.7343529425954555,0.002368390470510898,0.3763785905975031
2006-04-27,0.7334652916187632,0.7341382341104786,0.002368368619062721,0.2841375646928526
2006-04-28,0.7334690521093463,0.7339235256255019,0.0023683407726627593,0.1918953224136755
2006-05-01,0.7334728125999295,0.7339235256255019,0.0023683069310995487,0.19031022527268845
2006-05-02,0.7334765730905126,0.7339235256255019,0.002368267094116084,0.18872556060071133
2006-05-03,0.7334803335810959,0.7339235256255019,0.00236822126140981,0.187141316408156
2006-05-04,0.7334840940716789,0.7339235256255019,0.002368169432632609,0.18555748071390202
2006-05-05,0.7334878545622621,0.7339235256255019,0.0023681116073907887,0.18397404154437458
2006-05-08,0.7334916150528453,0.7339235256255019,0.0023680477852450676,0.18239098693351347
2006-05-09,0.7334856624725132,0.7337814120775854,0.0023704360194148886,0.1247659091617975
2006-05-10,0.7334797098921811,0.7336392985296691,0.0023728068573555163,0.06725732311219633
2006-05-11,0.7334737573118492,0.7334971849817529,0.002375160351160664,0.00986361611007022
2006-05-12,0.7334678047315172,0.7333550714338364,0.0023774965523374295,-0.047416808058025145
2006-05-15,0.7334618521511852,0.7332129578859201,0.0023798155118129436,-0.10458552943689299
2006-05-16,0.7334558995708532,0.7330708443380037,0.002382117279940908,-0.16164411219041105
2006-05-17,0.733449946990521,0.7329287307900874,0.0023844019065080166,-0.21859410488267378
2006-05-18,0.733443994410189,0.732786617242171,0.0023866694407402725,-0.27543704075507
2006-05-19,0.7334380418298571,0.7326445036942546,0.0023889199313091958,-0.33217443799699675
2006-05-22,0.7334320892495251,0.7325023901463382,0.002391153426337927,-0.38880780001252224
2006-05-23,0.733426136669193,0.732360276598422,0.0023933699734072266,-0.4453386156815781
2006-05-24,0.7334201840888611,0.7322181630505056,0.0023955696195613755,-0.501768359616961
2006-05-25,0.733414231508529,0.7320760495025892,0.0023977524113139755,-0.558098492415444
2006-05-26,0.733408278928197,0.7319339359546728,0.002399918394653652,-0.6143304609059407
2006-05-30,0.7334023263478651,0.7317918224067564,0.00240206761504966,-0.6704656983918105
2006-05-31,0.733396373767533,0.7317918224067564,0.002404200117457403,-0.6673950929149134
2006-06-01,0.733390421187201,0.7317918224067564,0.0024063159463238496,-0.6643345329971081
2006-06-02,0.733384468606869,0.7317918224067564,0.00240841514559287,-0.6612839165319703
2006-06-05,0.7333785160265369,0.7317918224067564,0.0024104977587104765,-0.6582431425405253
2006-06-06,0.7333725634462049,0.7317918224067564,0.0024125638286299836,-0.6552121111531992
2006-06-07,0.7333666108658728,0.7317918224067564,0.002414613397817076,-0.6521907235916474
2006-06-08,0.7333685602426483,0.7318763727973222,0.002414165022633256,-0.618096704797123
2006-06-09,0.7333705096194238,0.7319609231878881,0.002413714983521225,-0.5839904218846121
2006-06-12,0.7333724589961992,0.732045473578454,0.0024132632795500868,-0.5498717976567499
2006-06-13,0.7333744083729746,0.7321300239690198,0.0024128099097848023,-0.5157407547558471
2006-06-14,0.7333763577497501,0.7322145743595855,0.0024123548732861806,-0.4815972156625444
2006-06-15,0.7333783071265254,0.7322991247501514,0.002411898169110868,-0.4474411026946005
2006-06-16,0.7333802565033009,0.7323836751407172,0.0024114397963113376,-0.4132723380065504
2006-06-19,0.7333822058800762,0.732468225531283,0.0024109797539358783,-0.37909084358802353
2006-06-20,0.7333841552568516,0.7325527759218489,0.0024105180410285846,-0.34489654126297825
2006-06-21,0.7333861046336271,0.7326373263124146,0.0024100546566293464,-0.3106893526886553
2006-06-22,0.7333880540104025,0.7327218767029805,0.0024095895997738375,-0.276469199354342
2006-06-23,0.733390003387178,0.7328064270935463,0.0024091228694935055,-0.24223600258063874
2006-06-26,0.7333919527639534,0.7328909774841121,0.0024086544648155607,-0.20798968351802896
2006-06-27,0.7333939021407287,0.732975527874678,0.0024081843847629657,-0.17373016314608988
2006-06-28,0.7333958515175043,0.7330600782652438,0.002407712628354423,-0.13945736227251393
2006-06-29,0.7333978008942796,0.7330600782652438,0.0024072391946043667,-0.14029458717390522
2006-06-30,0.733399750271055,0.7330600782652438,0.0024067640825229486,-0.14113223987252152
2006-07-03,0.7334016996478304,0.7330600782652438,0.0024062872911160284,-0.14197032243319554
2006-07-05,0.733403649024606,0.7330600782652438,0.002405808819385163,-0.1428088369257885
2006-07-06,0.7334055984013813,0.7330600782652438,0.0024053286663275946,-0.1436477854251272
2006-07-07,0.7334075477781568,0.7330600782652438,0.002404846830936239,-0.14448717001144912
2006-07-10,0.7334232979168658,0.7331826727233068,0.0024015506448277677,-0.10019576063372918
2006-07-11,0.7334390480555749,0.7333052671813699,0.002398146077434422,-0.05578512312650071
2006-07-12,0.7334547981942842,0.733427861639433,0.0023946326664831892,-0.01124872103693364
2006-07-13,0.7334705483329933,0.733550456097496,0.0023910099321616217,0.03342008890380789
2006-07-14,0.7334862984717023,0.7336730505555591,0.002387277376769508,0.07822806250921803
2006-07-17,0.7335020486104114,0.7337956450136222,0.0023834344843541074,0.12318207407759628
2006-07-18,0.7335177987491206,0.7339182394716851,0.0023794807203282825,0.16828912255664916
2006-07-19,0.7335335488878296,0.7340408339297483,0.0023754155310708315,0.2135563379473133
2006-07-20,0.7335492990265389,0.7341634283878113,0.002371238343508278,0.25899098795942327
2006-07-21,0.7335650491652479,0.7342860228458743,0.002366948564677334,0.3046004849390068
2006-07-24,0.7335807993039571,0.7344086173039375,0.0023625455812671943,0.3503923930798042
2006-07-25,0.7335965494426662,0.7345312117620004,0.0023580287591407883,0.39637443593979993
2006-07-26,0.7336122995813752,0.7346538062200634,0.002353397442834038,0.442554504280402
2006-07-27,0.7336280497200844,0.7347764006781266,0.002348650955032139,0.4889406642488501
2006-07-28,0.7336437998587936,0.7348989951361896,0.0023437885960217947,0.5355411659253442
2006-07-31,0.7336595499975027,0.7348989951361896,0.002338809643118288,0.5299469934775768
2006-08-01,0.7336753001362117,0.7348989951361896,0.0023337133500662033,0.5243553155074344
2006-08-02,0.733691050274921,0.7348989951361896,0.0023284989464125152,0.5187654746976337
2006-08-03,0.73370680041363,0.7348989951361896,0.0023231656368507205,0.5131768065301363
2006-08-04,0.7337225505523391,0.7348989951361896,0.0023177126005345617,0.5075886387204044
2006-08-07,0.7337383006910483,0.7348989951361896,0.0023121389903598345,0.502000290631617
2006-08-08,0.7337667429311928,0.7350173863760682,0.00230395628095825,0.5428242954137972
2006-08-09,0.7337951851713371,0.7351357776159466,0.002295390600842982,0.5840367404646325
2006-08-10,0.7338236274114815,0.7352541688558252,0.002286437645849149,0.6256638780159444
2006-08-11,0.733852069651626,0.7353725600957037,0.0022770928479797755,0.6677331780417873
2006-08-14,0.7338805118917704,0.7354909513355824,0.0022673513623458646,0.7102734364672094
2006-08-15,0.7339089541319148,0.735609342575461,0.002257208052969245,0.7533148932856965
2006-08-16,0.7339373963720592,0.7357277338153395,0.0022466574773412447,0.7968893617904811
2006-08-17,0.7339658386122038,0.7358461250552181,0.002235693869617216,0.8410303702877863
2006-08-18,0.7339942808523481,0.7359645162950966,0.0022243111223120816,0.8857733178533795
2006-08-21,0.7340227230924926,0.7360829075349751,0.002212502766345167,0.9311556459139161
2006-08-22,0.734051165332637,0.7362012987748536,0.002200261949263169,0.9772170276982879
2006-08-23,0.7340796075727813,0.7363196900147322,0.002187581411447871,1.0239995779028959
2006-08-24,0.7341080498129259,0.7364380812546109,0.002174453460089619,1.0715480852779187
2006-08-25,0.7341364920530702,0.7365564724944893,0.002160869940677997,1.1199102712585358
2006-08-28,0.7341649342932146,0.7366748637343679,0.0021468222057269433,1.1691370782627761
2006-08-29,0.7341933765333593,0.7366748637343679,0.002132301080411822,1.1637602324571075
2006-08-30,0.7342218187735036,0.7366748637343679,0.002117296824749687,1.1585739572222231
2006-08-31,0.734250261013648,0.7366748637343679,0.0021017990918999236,1.153584436335515
2006-09-01,0.7342787032537925,0.7366748637343679,0.0020857968820990544,1.1487985724496563
2006-09-05,0.7343071454939368,0.7366748637343679,0.0020692784916688913,1.1442240616541863
2006-09-06,0.7343355877340813,0.7366748637343679,0.002052231456449146,1.1398694786279688
2006-09-07,0.73434780389635,0.7365631109122713,0.0020469513758372758,1.0822470147905592
2006-09-08,0.7343600200586187,0.7364513580901747,0.0020415842527025953,1.0243701815330792
2006-09-11,0.7343722362208875,0.7363396052680782,0.0020361293987275655,0.9662298714512453
2006-09-12,0.7343844523831562,0.7362278524459817,0.002030586106886508,0.9078167414687686
2006-09-13,0.734396668545425,0.736116099623885,0.002024953650886038,0.8491212022100908
2006-09-14,0.7344088847076936,0.7360043468017885,0.0020192312845811523,0.7901334068453858
2006-09-15,0.7344211008699626,0.7358925939796919,0.0020134182413657055,0.7308432393714457
2006-09-18,0.7344333170322314,0.7357808411575953,0.0020075137335359514,0.6712403022969674
2006-09-19,0.7344455331945,0.7356690883354988,0.002001516951625718,0.6113139036893928
2006-09-20,0.7344577493567688,0.7355573355134022,0.001995427063711706,0.5510530435465114
2006-09-21,0.7344699655190375,0.7354455826913056,0.0019892432146873095,0.4904463994471261
2006-09-22,0.7344821816813063,0.735333829869209,0.0019829645255032284,0.4294823114329813
2006-09-25,0.734494397843575,0.7352220770471125,0.001976590092373062,0.3681487660721383
2006-09-26,0.7345066140058438,0.7351103242250159,0.001970118985941921,0.3064333796485967
2006-09-27,0.7345188301681125,0.7349985714029194,0.0019635502504159806,0.24432338042035867
2006-09-28,0.7345310463303812,0.7349985714029194,0.0019568829026507593,0.23891315719750505
2006-09-29,0.7345432624926499,0.7349985714029194,0.0019501159311957402,0.23347786815437155
2006-10-02,0.7345554786549188,0.7349985714029194,0.001943248295292797,0.2280165376055671
2006-10-03,0.7345676948171874,0.7349985714029194,0.0019362789238257115,0.22252815977597037
2006-10-04,0.7345799109794562,0.7349985714029194,0.0019292067142178714,0.21701169728351252
2006-10-05,0.7345921271417248,0.7349985714029194,0.001922030531275021,0.21146607953459123
2006-10-06,0.7346129661692751,0.7350431685611245,0.0019049655619401025,0.22583210974758777
2006-10-09,0.7346338051968251,0.7350877657193297,0.0018875153590856679,0.24050692902677828
2006-10-10,0.7346546442243752,0.7351323628775348,0.0018696691362305048,0.2555097283804666
2006-10-11,0.7346754832519252,0.73517696003574,0.0018514154414241138,0.2708612948744765
2006-10-12,0.7346963222794752,0.7352215571939451,0.0018327420997228353,0.2865841923690765
2006-10-13,0.7347171613070255,0.7352661543521503,0.001813636149019804,0.30270296796934637
2006-10-16,0.7347380003345755,0.7353107515103553,0.0017940837682640133,0.3192443886463683
2006-10-17,0.7347588393621255,0.7353553486685606,0.0017740701969334574,0.3362377134039871
2006-10-18,0.7347796783896756,0.7353999458267657,0.0017535796444212988,0.35371500750671026
2006-10-19,0.7348005174172256,0.7354445429849708,0.0017325951877435314,0.3717115067045041
2006-10-20,0.7348213564447758,0.735489140143176,0.0017110986556705184,0.3902660411702438
2006-10-23,0.7348421954723259,0.7355337373013812,0.0016890704970086254,0.4094215311202343
2006-10-24,0.7348630344998759,0.7355783344595862,0.0016664896302931434,0.42922556894907843
2006-10-25,0.7348838735274259,0.7356229316177915,0.0016433332715752728,0.44973110637327623
2006-10-26,0.734904712554976,0.7356675287759966,0.0016195767362616994,0.4709972698060109
2006-10-27,0.7349255515825261,0.7356675287759966,0.0015951932100520011,0.4651331191701093
2006-10-30,0.7349463906100763,0.7356675287759966,0.0015701534828589266,0.4592787735675998
2006-10-31,0.7349672296376263,0.7356675287759966,0.0015444256381108557,0.453436618176669
2006-11-01,0.7349880686651763,0.7356675287759966,0.0015179746879168728,0.4476096447647265
2006-11-02,0.7350089076927263,0.7356675287759966,0.0014907621420738558,0.44180158905435624
2006-11-03,0.7350297467202764,0.7356675287759966,0.0014627454956030565,0.4360171045730952
2006-11-06,0.7350205450289934,0.7354424016700685,0.0014726599183464062,0.2864589684417886
2006-11-07,0.7350113433377102,0.7352172745641402,0.0014824506967807795,0.13891269832930633
2006-11-08,0.7350021416464271,0.7349921474582118,0.0014921202648420652,-0.006697977670246432
2006-11-09,0.7349929399551439,0.7347670203522836,0.0015016709640276239,-0.1504454759213019
2006-11-10,0.734983738263861,0.7345418932463554,0.0015111050482146213,-0.2923986112200413
2006-11-13,0.7349745365725778,0.7343167661404272,0.0015204246881580605,-0.43262283049844164
2006-11-14,0.7349653348812947,0.7340916390344989,0.0015296319756941935,-0.5711804281544537
2006-11-15,0.7349561331900115,0.7338665119285708,0.0015387289276725998,-0.7081307446977335
2006-11-16,0.7349469314987285,0.7336413848226424,0.0015477174896380726,-0.8435303502264897
2006-11-17,0.7349377298074454,0.7334162577167141,0.0015565995392815227,-0.9774332140902104
2006-11-20,0.7349285281161623,0.733191130610786,0.0015653768896773971,-1.1098908619599746
2006-11-21,0.7349193264248792,0.7329660035048577,0.0015740512923235622,-1.240952521399765
2006-11-22,0.7349101247335961,0.7327408763989295,0.0015826244399982053,-1.3706652569254172
2006-11-24,0.7349009230423128,0.7325157492930013,0.0015910979694470587,-1.499074095443893
2006-11-27,0.7348917213510296,0.732290622187073,0.0015994734639131203,-1.626222142875115
2006-11-28,0.7348825196597467,0.732290622187073,0.001607752455520028,-1.6121247171943476
2006-11-29,0.7348733179684636,0.732290622187073,0.0016159364275193145,-1.598265709843166
2006-11-30,0.7348641162771804,0.732290622187073,0.00162402681641094,-1.584637682150342
2006-12-01,0.7348549145858972,0.732290622187073,0.0016320250139457365,-1.571233514751469
2006-12-04,0.7348457128946142,0.732290622187073,0.00163993236901772,-1.5580463900908716
2006-12-05,0.7348365112033312,0.732290622187073,0.0016477501894535849,-1.5450697760820373
2006-12-06,0.7348214627459637,0.7322577286950274,0.0016581305046089211,-1.5461593908381903
2006-12-07,0.7348064142885964,0.7322248352029816,0.001668309964369882,-1.5474217266272796
2006-12-08,0.7347913658312288,0.732191941710936,0.001678292223526025,-1.5488507209021718
2006-12-11,0.7347763173738614,0.7321590482188906,0.0016880807804459219,-1.5504407047863382
2006-12-12,0.734761268916494,0.7321261547268448,0.0016976789857051269,-1.5521863743601887
2006-12-13,0.7347462204591266,0.7320932612347993,0.0017070900500938885,-1.5540827645157786
2006-12-14,0.7347311720017591,0.7320603677427537,0.0017163170520580436,-1.5561252251166358
2006-12-15,0.7347161235443918,0.732027474250708,0.0017253629446211491,-1.558309399228519
2006-12-18,0.7347010750870243,0.7319945807586624,0.0017342305618311545,-1.5606312032144907
2006-12-19,0.734686026629657,0.7319616872666168,0.0017429226247706849,-1.5630868085142982
2006-12-20,0.7346709781722894,0.7319287937745711,0.0017514417471662471,-1.5656726249417479
2006-12-21,0.7346559297149219,0.7318959002825255,0.0017597904406283353,-1.5683852853587055
2006-12-22,0.7346408812575546,0.7318630067904799,0.0017679711195514125,-1.5712216315951477
2006-12-26,0.7346258328001871,0.7318301132984344,0.0017759861057000902,-1.5741787014998396
2006-12-27,0.7346107843428197,0.7317972198063887,0.001783837632505425,-1.5772537170209324
2006-12-28,0.7345957358854522,0.7317972198063887,0.001791527849093125,-1.562083492299702
2006-12-29,0.7345806874280849,0.7317972198063887,0.0017990588240635185,-1.5471798834288475
2007-01-04,0.7345656389707175,0.7317972198063887,0.001806432549041417,-1.53253392483315
2007-01-05,0.73455059051335,0.7317972198063887,0.0018136509420124437,-1.5181370588908305
2007-01-08,0.7345355420559826,0.7317972198063887,0.0018207158504609862,-1.5039811120997282
2007-01-09,0.7345204935986152,0.7317972198063887,0.001827629054323665,-1.490058272921392
2007-01-10,0.7345043541023484,0.7318005715529756,0.001833218082329305,-1.4748831988048605
2007-01-11,0.7344882146060815,0.7318039232995626,0.001838647892421575,-1.4599267851027227
2007-01-12,0.7344720751098147,0.7318072750461495,0.0018439198911529508,-1.445182123394191
2007-01-16,0.7344559356135479,0.7318106267927365,0.0018490354283865868,-1.4306425827220113
2007-01-17,0.7344397961172809,0.7318139785393234,0.0018539957992466096,-1.4163017947638141
2007-01-18,0.7344236566210142,0.7318173302859105,0.001858802245957172,-1.4021536399433456
2007-01-19,0.7344075171247474,0.7318206820324974,0.0018634559595769424,-1.3881922344101334
2007-01-22,0.7343913776284806,0.7318240337790842,0.001867958081635202,-1.3744119178247005
2007-01-23,0.7343752381322137,0.7318273855256712,0.0018723097056752526,-1.3608072418893256
2007-01-24,0.734359098635947,0.7318307372722581,0.0018765118787104134,-1.3473729595713457
2007-01-25,0.7343429591396802,0.7318340890188452,0.0018805656025974917,-1.334104014967455
2007-01-26,0.7343268196434133,0.7318374407654321,0.0018844718353322489,-1.3209955337657115
2007-01-29,0.7343106801471465,0.7318407925120191,0.001888231492271053,-1.3080428142615184
2007-01-30,0.7342945406508796,0.731844144258606,0.0018918454472825954,-1.2952413188896157
2007-01-31,0.7342784011546127,0.7318474960051929,0.0018953145338332753,-1.2825866662370204
2007-02-01,0.734262261658346,0.7318474960051929,0.0018986395460095778,-1.2718399646885032
2007-02-02,0.7342461221620792,0.7318474960051929,0.0019018212394805445,-1.261225875015147
2007-02-05,0.7342299826658122,0.7318474960051929,0.0019048603324031976,-1.2507408654016463
2007-02-06,0.7342138431695455,0.7318474960051929,0.0019077575062735757,-1.2403815246806529
2007-02-07,0.7341977036732787,0.7318474960051929,0.0019105134067258383,-1.2301445568568368
2007-02-08,0.734181564177012,0.7318474960051929,0.0019131286442817196,-1.2200267759282581
2007-02-09,0.734168119580612,0.7319040533105553,0.0019116108687776345,-1.1843761233186798
2007-02-12,0.7341546749842124,0.7319606106159176,0.001909996875140234,-1.1487266795312134
2007-02-13,0.7341412303878126,0.7320171679212799,0.001908286419230938,-1.1130731975699755
2007-02-14,0.734127785791413,0.7320737252266423,0.0019064792414175708,-1.0774104014074912
2007-02-15,0.7341143411950132,0.7321302825320046,0.0019045750663731003,-1.0417329818282295
2007-02-16,0.7341008965986136,0.7321868398373668,0.0019025736028609212,-1.0060355921939612
2007-02-20,0.7340874520022137,0.7322433971427292,0.0019004745435062733,-0.970312844118546
2007-02-21,0.7340740074058141,0.7322999544480915,0.0018982775645533694,-0.9345593030490231
2007-02-22,0.7340605628094142,0.7323565117534538,0.0018959823256077754,-0.898769483736689
2007-02-23,0.7340471182130146,0.7324130690588162,0.0018935884693635436,-0.8629378455962108
2007-02-26,0.7340336736166149,0.7324696263641784,0.001891095621314578,-0.8270587879364791
2007-02-27,0.7340202290202152,0.7325261836695407,0.0018885033894496654,-0.7911266450572423
2007-02-28,0.7340067844238154,0.7325827409749032,0.0018858113639305717,-0.7551356811977799
2007-03-01,0.7339933398274157,0.7326392982802654,0.0018830191167525604,-0.7190800853288262
2007-03-02,0.733979895231016,0.7326958555856278,0.0018801262013866534,-0.682953965771679
2007-03-05,0.7339664506346163,0.7326958555856278,0.001877132152402895,-0.6768809789774508
2007-03-06,0.7339530060382166,0.7326958555856278,0.0018740364850738489,-0.6708249613076476
2007-03-07,0.7339395614418168,0.7326958555856278,0.001870838694957497,-0.6647851894132986
2007-03-08,0.7339261168454172,0.7326958555856278,0.0018675382574586514,-0.6587609409745446
2007-03-09,0.7339126722490174,0.7326958555856278,0.0018641346273679446,-0.6527514941920547
2007-03-12,0.7338992276526176,0.7326958555856278,0.0018606272383773859,-0.6467561272720451
2007-03-13,0.7338943334402348,0.7329101859718973,0.0018536668266518955,-0.5309192861346607
2007-03-14,0.7338894392278519,0.7331245163581668,0.0018466671575502705,-0.4142180503712564
2007-03-15,0.7338845450154691,0.7333388467444363,0.0018396277829569544,-0.2966351541808387
2007-03-16,0.7338796508030863,0.7335531771307058,0.0018325482453094319,-0.17815283893131678
2007-03-19,0.7338747565907032,0.7337675075169752,0.0018254280773159683,-0.05875283450539975
2007-03-20,0.7338698623783204,0.7339818379032449,0.0018182668016623704,0.061583660231878126
2007-03-21,0.7338649681659375,0.7341961682895143,0.0018110639307072443,0.1828759978933783
2007-03-22,0.7338600739535548,0.7344104986757838,0.0018038189661651962,0.3051441040112581
2007-03-23,0.7338551797411719,0.7346248290620533,0.0017965313987773823,0.4284084995147848
2007-03-26,0.733850285528789,0.7348391594483228,0.0017892007079687833,0.5526903243049087
2007-03-27,0.7338453913164061,0.7350534898345923,0.0017818263614915479,0.6780113619908873
2007-03-28,0.7338404971040232,0.7352678202208619,0.0017744078150537031,0.8043940658565502
2007-03-29,0.7338356028916403,0.7354821506071313,0.001766944511932489,0.931861586128806
2007-03-30,0.7338307086792574,0.7356964809934008,0.0017594358825715316,1.0604377986292242
2007-04-02,0.7338258144668746,0.7359108113796703,0.00175188134416102,1.1901473348894205
2007-04-03,0.7338209202544917,0.7359108113796703,0.001744280300200004,1.198139499103964
2007-04-04,0.7338160260421088,0.7359108113796703,0.0017366321400398665,1.206234348232999
2007-04-05,0.733811131829726,0.7359108113796703,0.0017289362384079734,1.2144343459870386
2007-04-09,0.7338062376173431,0.7359108113796703,0.0017211919549104378,1.2227420400862328
2007-04-10,0.7338013434049603,0.7359108113796703,0.0017133986335128647,1.2311600659941653
2007-04-11,0.7337964491925774,0.7359108113796703,0.0017055556019978727,1.2396911508579305
2007-04-12,0.7338094625965231,0.7359969508490151,0.0017189870128102652,1.272544955948063
2007-04-13,0.7338224760004689,0.7360830903183597,0.0017322161360979142,1.3050417155120166
2007-04-16,0.7338354894044147,0.7361692297877044,0.0017452475719362032,1.3371973242172288
2007-04-17,0.7338485028083606,0.7362553692570492,0.0017580857162789406,1.3690267922674577
2007-04-18,0.7338615162123063,0.7363415087263938,0.001770734773325033,1.4005443115744687
2007-04-19,0.733874529616252,0.7364276481957385,0.001783198766931066,1.4317633159204495
2007-04-20,0.7338875430201978,0.7365137876650832,0.0017954815511583761,1.462696535751718
2007-04-23,0.7339005564241436,0.7365999271344279,0.0018075868200336327,1.4933560481670414
2007-04-24,0.7339135698280894,0.7366860666037726,0.0018195181165935421,1.5237533225960638
2007-04-25,0.7339265832320352,0.7367722060731173,0.0018312788412769142,1.5538992626038013
2007-04-26,0.7339395966359811,0.7368583455424621,0.0018428722597208201,1.583804244209088
2007-04-27,0.7339526100399268,0.7369444850118068,0.001854301510011822,1.6134781510590694
2007-04-30,0.7339656234438726,0.7370306244811514,0.00186556960943818,1.6429304067629158
2007-05-01,0.7339786368478184,0.7371167639504962,0.001876679460784425,1.672170004656048
2007-05-02,0.7339916502517643,0.7372029034198408,0.0018876338582056937,1.7012055352350277
2007-05-03,0.73400466365571,0.7372029034198408,0.0018984354927156478,1.6846712866476343
2007-05-04,0.7340176770596558,0.7372029034198408,0.0019090869573186267,1.6684553566165397
2007-05-07,0.7340306904636015,0.7372029034198408,0.0019195907518138541,1.652546488485577
2007-05-08,0.7340437038675474,0.7372029034198408,0.0019299492872969645,1.6369339718341411
2007-05-09,0.7340567172714931,0.7372029034198408,0.0019401648903818567,1.6216076086855158
2007-05-10,0.7340697306754389,0.7372029034198408,0.0019502398071638317,1.6065576822362242
2007-05-11,0.7340723275956097,0.7368857929445043,0.0019476284461734821,1.444559589598431
2007-05-14,0.7340749245157805,0.7365686824691677,0.0019450100980499027,1.2821311086700906
2007-05-15,0.7340775214359513,0.7362515719938311,0.0019423847345369808,1.1192687623742181
2007-05-16,0.7340801183561221,0.7359344615184946,0.0019397523271497187,0.9559690360559181
2007-05-17,0.7340827152762928,0.735617351043158,0.0019371128471716477,0.7922283769403986
2007-05-18,0.7340853121964636,0.7353002405678214,0.0019344662656522057,0.6280431935825069
2007-05-21,0.7340879091166344,0.7349831300924847,0.001931812553404077,0.46340985530552226
2007-05-22,0.7340905060368051,0.7346660196171482,0.0019291516810004902,0.29832469163054737
2007-05-23,0.7340931029569759,0.7343489091418116,0.0019264836187724776,0.13278399169501748
2007-05-24,0.7340956998771466,0.734031798666475,0.0019238083368060942,-0.0332159963386256
2007-05-25,0.7340982967973175,0.7337146881911385,0.0019211258049395949,-0.19967906588558512
2007-05-29,0.7341008937174883,0.7333975777158019,0.0019184359927605686,-0.3666090525513615
2007-05-30,0.734103490637659,0.7330804672404653,0.0019157388696030306,-0.5340098347567169
2007-05-31,0.7341060875578297,0.7327633567651287,0.001913034404544469,-0.7018853343731187
2007-06-01,0.7341086844780006,0.7324462462897922,0.00191032256640285,-0.8702395173705241
2007-06-04,0.7341112813981714,0.7324462462897922,0.001907603323733574,-0.8728413751766869
2007-06-05,0.7341138783183421,0.7324462462897922,0.0019048766448263867,-0.8754540789185354
2007-06-06,0.734116475238513,0.7324462462897922,0.0019021424977022441,-0.8780777206431317
2007-06-07,0.7341190721586837,0.7324462462897922,0.0018994008501101282,-0.8807123934868787
2007-06-08,0.7341216690788543,0.7324462462897922,0.0018966516695238136,-0.8833581916930638
2007-06-11,0.7341242659990254,0.7324462462897922,0.0018938949231385852,-0.8860152106286702
2007-06-12,0.7341225110282997,0.732457684913301,0.0018950895066871265,-0.878494714431237
2007-06-13,0.7341207560575742,0.7324691235368099,0.00189628170703498,-0.8709847880918318
2007-06-14,0.7341190010868488,0.732480562160319,0.001897471528674312,-0.8634853813456318
2007-06-15,0.7341172461161233,0.7324920007838279,0.0018986589760770776,-0.8559964442131482
2007-06-18,0.7341154911453979,0.7325034394073368,0.0018998440536951379,-0.8485179269981263
2007-06-19,0.7341137361746725,0.7325148780308458,0.001901026765960381,-0.8410497802848795
2007-06-20,0.7341119812039469,0.7325263166543546,0.0019022071172848367,-0.8335919549368741
2007-06-21,0.7341102262332215,0.7325377552778636,0.0019033851120607945,-0.8261444020939294
2007-06-22,0.734108471262496,0.7325491939013725,0.0019045607546609193,-0.8187070731703163
2007-06-25,0.7341067162917705,0.7325606325248815,0.0019057340494383654,-0.8112799198527576
2007-06-26,0.7341049613210451,0.7325720711483903,0.0019069050007268907,-0.8038628940982733
2007-06-27,0.7341032063503197,0.7325835097718992,0.0019080736128409689,-0.7964559481317552
2007-06-28,0.7341014513795941,0.7325949483954083,0.0019092398900759026,-0.7890590344443165
2007-06-29,0.7340996964088687,0.7326063870189171,0.0019104038367079338,-0.7816721057914859
2007-07-02,0.7340979414381432,0.7326178256424261,0.0019115654569943545,-0.7742951151902585
2007-07-03,0.7340961864674177,0.7326178256424261,0.001912724755173616,-0.7729082927341803
2007-07-05,0.7340944314966923,0.7326178256424261,0.0019138817354654376,-0.7715240847455691
2007-07-06,0.7340926765259669,0.7326178256424261,0.0019150364020709147,-0.7701424797700578
2007-07-09,0.7340909215552414,0.7326178256424261,0.001916188759172625,-0.7687634664193307
2007-07-10,0.734089166584516,0.7326178256424261,0.001917338810934736,-0.7673870333707945
2007-07-11,0.7340874116137904,0.7326178256424261,0.0019184865615031088,-0.7660131693666763
2007-07-12,0.7340856732881563,0.7327406997380237,0.0019179466467903268,-0.701257020044556
2007-07-13,0.7340839349625221,0.7328635738336213,0.001917404997795348,-0.6364649775628862
2007-07-16,0.7340821966368881,0.732986447929219,0.0019168616130480001,-0.57163683607123
2007-07-17,0.7340804583112539,0.7331093220248166,0.0019163164910717297,-0.5067723890922521
2007-07-18,0.7340787199856198,0.7332321961204143,0.001915769630383579,-0.4418714295183592
2007-07-19,0.7340769816599858,0.733355070216012,0.0019152210294941644,-0.37693374960721276
2007-07-20,0.7340752433343516,0.7334779443116096,0.0019146706869076523,-0.3119591409772177
2007-07-23,0.7340735050087175,0.7336008184072073,0.001914118601121738,-0.24694739460408577
2007-07-24,0.7340717666830833,0.7337236925028049,0.0019135647706276207,-0.18189830081592492
2007-07-25,0.7340700283574493,0.7338465665984025,0.001913009193909983,-0.11681164928957749
2007-07-26,0.7340682900318151,0.7339694406940002,0.0019124518694469644,-0.05168722904565646
2007-07-27,0.734066551706181,0.7340923147895978,0.001911892795710141,0.013475171554936322
2007-07-30,0.734064813380547,0.7342151888851955,0.0019113319711644996,0.07867576481596925
2007-07-31,0.7340630750549128,0.7343380629807932,0.0019107693942684155,0.1439147637099965
2007-08-01,0.7340613367292786,0.7344609370763908,0.0019102050634736277,0.20919238188255865
2007-08-02,0.7340595984036444,0.7344609370763908,0.0019096389772252156,0.2101646842847485
2007-08-03,0.7340578600780103,0.7344609370763908,0.0019090711339615747,0.21113775762983414
2007-08-06,0.7340561217523761,0.7344609370763908,0.0019085015321143916,0.21211160546788757
2007-08-07,0.7340543834267421,0.7344609370763908,0.001907930170108621,0.2130862313611584
2007-08-08,0.7340526451011079,0.7344609370763908,0.0019073570463624592,0.2140616388848501
2007-08-09,0.7340509067754738,0.7344609370763908,0.0019067821592873217,0.21503783162638357
2007-08-10,0.7340798069711689,0.7350940554746006,0.001999640957419908,0.5072153076622029
2007-08-13,0.734108707166864,0.7357271738728105,0.0020879733275196953,0.7751376344778458
2007-08-14,0.7341376073625593,0.7363602922710205,0.002172331507045784,1.0231794278415263
2007-08-15,0.7341665075582544,0.7369934106692302,0.00225316192023601,1.2546382421906317
2007-08-16,0.7341954077539495,0.7376265290674401,0.0023308316119632307,1.4720588548224456
2007-08-17,0.7342243079496446,0.7382596474656499,0.0024056467467357475,1.677444754297747
2007-08-20,0.7342532081453398,0.7388927658638598,0.0024778659041726075,1.872400645534203
2007-08-21,0.7342821083410348,0.7395258842620697,0.0025477098559823596,2.0582312027100675
2007-08-22,0.73431100853673,0.7401590026602795,0.0026153689001182714,2.236011188817363
2007-08-23,0.734339908732425,0.7407921210584892,0.0026810084593991367,2.4066363175557632
2007-08-24,0.7343688089281202,0.7414252394566992,0.0027447734218440122,2.5708608486300384
2007-08-27,0.7343977091238154,0.742058357854909,0.0028067915521784873,2.7293258472107844
2007-08-28,0.7344266093195104,0.7426914762531189,0.0028671762066059753,2.882580747763688
2007-08-29,0.7344555095152057,0.7433245946513288,0.0029260285173425796,3.0311000332211644
2007-08-30,0.7344844097109007,0.7439577130495386,0.002983439168326426,3.1752962953664086
2007-08-31,0.7345133099065958,0.7439577130495386,0.003039489851954471,3.1072329907171157
2007-09-04,0.7345422101022909,0.7439577130495386,0.003094254474246071,3.042898709726135
2007-09-05,0.734571110297986,0.7439577130495386,0.003147800159615779,2.9819563744790885
2007-09-06,0.7346000104936811,0.7439577130495386,0.0032001880945641457,2.924110170821705
2007-09-07,0.7346289106893763,0.7439577130495386,0.0032514742407915125,2.869099266765646
2007-09-10,0.7346578108850713,0.7439577130495386,0.0033017099416361617,2.8166926619419317
2007-09-11,0.7347171682413073,0.7443576405245262,0.00343944378066817,2.8029160812002387
2007-09-12,0.7347765255975433,0.744757567999514,0.0035708799806919564,2.7951212182820626
2007-09-13,0.734835882953779,0.7451574954745016,0.0036966903423316325,2.7921225650218804
2007-09-14,0.7348952403100149,0.7455574229494893,0.0038174311352165984,2.793025535186119
2007-09-17,0.7349545976662507,0.745957350424477,0.003933569217848588,2.7971422768668273
2007-09-18,0.7350139550224866,0.7463572778994646,0.004045501012920718,2.8039352457827045
2007-09-19,0.7350733123787223,0.7467572053744523,0.004153566591970197,2.8129783734099005
2007-09-20,0.7351326697349583,0.74715713284944,0.004258060327986326,2.823929721110401
2007-09-21,0.7351920270911941,0.7475570603244276,0.004359239086591013,2.836511828696941
2007-09-24,0.73525138444743,0.7479569877994153,0.00445732861765951,2.850497336374741
2007-09-25,0.7353107418036657,0.7483569152744031,0.0045525286085868555,2.86569829481796
2007-09-26,0.7353700991599016,0.7487568427493907,0.004645016726842741,2.8819581019223137
2007-09-27,0.7354294565161374,0.7491567702243782,0.004734951888641284,2.8991453410902297
2007-09-28,0.7354888138723733,0.7495566976993661,0.004822476927606624,2.9171490166101406
2007-10-01,0.7355481712286092,0.7499566251743537,0.004907720792924199,2.935874829415355
2007-10-02,0.735607528584845,0.7499566251743537,0.004990800374664827,2.8751093035798547
2007-10-03,0.7356668859410809,0.7499566251743537,0.005071822030854432,2.8174764702588493
2007-10-04,0.7357262432973166,0.7499566251743537,0.00515088287383997,2.7627073310693153
2007-10-05,0.7357856006535525,0.7499566251743537,0.0052280718608132375,2.7105642190994828
2007-10-08,0.7358449580097884,0.7499566251743537,0.005303470723789113,2.660836252242576
2007-10-09,0.7359043153660243,0.7499566251743537,0.005377154767049299,2.6133355681782913
2007-10-10,0.7359634860018899,0.7499980854303385,0.005456001602652406,2.5723231865668446
2007-10-11,0.7360226566377555,0.7500395456863235,0.005533089856623554,2.533284188722992
2007-10-12,0.7360818272736211,0.7500810059423083,0.0056084920441037914,2.4960682048937737
2007-10-15,0.7361409979094867,0.7501224661982933,0.005682275286367318,2.4605404673635394
2007-10-16,0.7362001685453523,0.7501639264542781,0.00575450185727021,2.426579790096695
2007-10-17,0.7362593391812178,0.750205386710263,0.005825229660242763,2.3940768591884285
2007-10-18,0.7363185098170834,0.7502468469662479,0.005894512646334551,2.3629327791544794
2007-10-19,0.736377680452949,0.7502883072222328,0.005962401181990701,2.333057831012868
2007-10-22,0.7364368510888146,0.7503297674782178,0.006028942373765942,2.3043704066332
2007-10-23,0.7364960217246803,0.7503712277342025,0.006094180355991863,2.276796090532493
2007-10-24,0.7365551923605459,0.7504126879901876,0.006158156546443419,2.250266865600376
2007-10-25,0.7366143629964115,0.7504541482461724,0.006220909874257221,2.224720423459503
2007-10-26,0.7366735336322771,0.7504956085021572,0.006282476983701433,2.2000995635540974
2007-10-29,0.7367327042681426,0.7505370687581421,0.006342892416857292,2.17635166778362
2007-10-30,0.7367918749040082,0.750578529014127,0.006402188777823835,2.153428239709768
2007-10-31,0.7368510455398739,0.750578529014127,0.006460396880683213,2.1248668971559197
2007-11-01,0.7369102161757394,0.750578529014127,0.006517545883150309,2.097156365822309
2007-11-02,0.736969386811605,0.750578529014127,0.006573663407566432,2.0702523629149687
2007-11-05,0.7370285574474706,0.750578529014127,0.006628775650673849,2.044113767114589
2007-11-06,0.7370877280833362,0.750578529014127,0.006682907483418824,2.0187023334174925
2007-11-07,0.7371468987192019,0.750578529014127,0.006736082541869894,1.993982438819192
2007-11-08,0.7372218568716381,0.7506186321865882,0.006786736405900074,1.973964290598285
2007-11-09,0.7372968150240746,0.7506587353590493,0.006836189863915944,1.9545859025221077
2007-11-12,0.737371773176511,0.7506988385315104,0.006884468784728225,1.935816076988066
2007-11-13,0.7374467313289473,0.7507389417039716,0.0069315977105094675,1.9176257668374255
2007-11-14,0.7375216894813837,0.7507790448764327,0.006977599943593459,1.8999878901371037
2007-11-15,0.7375966476338202,0.7508191480488937,0.0070224976258723894,1.8828771641529682
2007-11-16,0.7376716057862566,0.750859251221355,0.007066311811545245,1.8662699562099545
2007-11-19,0.737746563938693,0.750899354393816,0.007109062533881447,1.8501441494483295
2007-11-20,0.7378215220911294,0.7509394575662771,0.007150768866586483,1.8344790217516496
2007-11-21,0.7378964802435657,0.7509795607387383,0.007191448980289073,1.8192551363475984
2007-11-23,0.7379714383960022,0.7510196639111995,0.007231120194611034,1.8044542427771268
2007-11-26,0.7380463965484385,0.7510597670836605,0.007269799026230013,1.7900591870928928
2007-11-27,0.7381213547008749,0.7510998702561216,0.007307501233300665,1.7760538302891933
2007-11-28,0.7381963128533113,0.7511399734285827,0.007344241856560772,1.7624229740893615
2007-11-29,0.7382712710057477,0.7511800766010439,0.007380035257414441,1.7491522933209813
2007-11-30,0.738346229158184,0.7511800766010439,0.007414895153254282,1.7308198130390682
2007-12-03,0.7384211873106205,0.7511800766010439,0.007448834650257716,1.7128705212944986
2007-12-04,0.738496145463057,0.7511800766010439,0.007481866273869023,1.695289741048502
2007-12-05,0.7385711036154933,0.7511800766010439,0.007514001997157711,1.6780635659027212
2007-12-06,0.7386460617679297,0.7511800766010439,0.007545253267225292,1.6611788086105574
2007-12-07,0.7387210199203661,0.7511800766010439,0.007575631029815959,1.6446229537370294
2007-12-10,0.7388182537944312,0.751521415232362,0.007643355332339305,1.6619875546258198
2007-12-11,0.7389154876684965,0.7518627538636801,0.00770925364651363,1.6794448319959963
2007-12-12,0.7390127215425617,0.7522040924949981,0.007773372411608904,1.6969945930721317
2007-12-13,0.7391099554166268,0.7525454311263163,0.007835755313065606,1.7146369651546842
2007-12-14,0.7392071892906921,0.7528867697576342,0.007896443491617224,1.7323723625027223
2007-12-17,0.7393044231647571,0.7532281083889524,0.007955475731831937,1.7502014579069092
2007-12-18,0.7394016570388223,0.7535694470202705,0.008012888632486073,1.7681251582617463
2007-12-19,0.7394988909128875,0.7539107856515886,0.008068716760853415,1.78614458356286
2007-12-20,0.7395961247869527,0.7542521242829066,0.00812299279271648,1.8042610488458435
2007-12-21,0.7396933586610178,0.7545934629142247,0.008175747639669759,1.8224760486624714
2007-12-24,0.7397905925350831,0.7549348015455428,0.008227010565083901,1.840791243751772
2007-12-26,0.7398878264091482,0.755276140176861,0.008276809289927693,1.8592084496182952
2007-12-27,0.7399850602832134,0.755617478808179,0.008325170089497229,1.8777296267720605
2007-12-28,0.7400822941572786,0.755958817439497,0.008372117881974665,1.8963568724230357
2007-12-31,0.7401795280313438,0.7563001560708151,0.008417676309629358,1.915092413452657
2008-01-02,0.740276761905409,0.7563001560708151,0.008461867813379351,1.8936001505567082
2008-01-03,0.7403739957794742,0.7563001560708151,0.008504713701348816,1.872627445273689
2008-01-04,0.7404712296535393,0.7563001560708151,0.008546234211985406,1.8521521906194718
2008-01-07,0.7405684635276045,0.7563001560708151,0.008586448572238937,1.8321535860673688
2008-01-08,0.7406656974016698,0.7563001560708151,0.008625375051248094,1.8126120402014354
2008-01-09,0.7407629312757349,0.7563001560708151,0.008663031009933923,1.7935090821288366
2008-01-10,0.7408784031661703,0.7566099064924214,0.008737336309745318,1.8004919083525268
2008-01-11,0.7409938750566057,0.7569196569140277,0.008809495532666446,1.8077972567631917
2008-01-14,0.7411093469470411,0.757229407335634,0.008879560998749052,1.8154118644901378
2008-01-15,0.7412248188374764,0.7575391577572403,0.008947581894618204,1.823323788696109
2008-01-16,0.741340290727912,0.7578489081788468,0.00901360450825599,1.8315222767777044
2008-01-17,0.7414557626183472,0.758158658600453,0.00907767244075071,1.8399976526058062
2008-01-18,0.7415712345087826,0.7584684090220594,0.0091398267976935,1.848741216577637
2008-01-22,0.7416867063992181,0.7587781594436659,0.009200106362540952,1.8577451576035229
2008-01-23,0.7418021782896534,0.7590879098652721,0.009258547753954495,1.8670024754406633
2008-01-24,0.7419176501800888,0.7593976602868785,0.009315185568865719,1.8765069120268922
2008-01-25,0.7420331220705241,0.7597074107084847,0.009370052512793698,1.8862528906672038
2008-01-28,0.7421485939609597,0.7600171611300911,0.009423179518749384,1.8962354620941038
2008-01-29,0.7422640658513949,0.7603269115516974,0.009474595855898197,1.9064502565624324
2008-01-30,0.7423795377418303,0.7606366619733037,0.009524329229010706,1.916893441258097
2008-01-31,0.7424950096322658,0.76094641239491,0.009572405869609326,1.9275616824004642
2008-02-01,0.7426104815227011,0.76094641239491,0.009618850619613217,1.9062496754883762
2008-02-04,0.7427259534131364,0.76094641239491,0.009663687008191802,1.8854562411146303
2008-02-05,0.742841425303572,0.76094641239491,0.009706937322457351,1.8651595750444856
2008-02-06,0.7429568971940073,0.76094641239491,0.009748622672557133,1.8453391627869797
2008-02-07,0.7430723690844426,0.76094641239491,0.009788763051664573,1.8259756841726709
2008-02-08,0.743187840974878,0.76094641239491,0.009827377391315095,1.8070509264990755
2008-02-11,0.7433445804060284,0.7616962643842823,0.009973272979224837,1.8400864005710087
2008-02-12,0.7435013198371786,0.7624461163736543,0.010114626596736655,1.8730099777077305
2008-02-13,0.7436580592683288,0.7631959683630266,0.010251626125213494,1.9058351188447078
2008-02-14,0.7438147986994791,0.7639458203523988,0.0103844438935062,1.9385748393814721
2008-02-15,0.7439715381306293,0.764695672341771,0.010513238392144813,1.9712417276322958
2008-02-19,0.7441282775617796,0.7654455243311432,0.010638155749434585,2.0038479668335976
2008-02-20,0.7442850169929299,0.7661953763205155,0.01075933100870401,2.036405359205016
2008-02-21,0.7444417564240802,0.7669452283098876,0.010876889238516785,2.06892535102032
2008-02-22,0.7445984958552303,0.7676950802992599,0.010990946501804833,2.10141905797075
2008-02-25,0.7447552352863807,0.7684449322886321,0.011101610705234652,2.1338972903347457
2008-02-26,0.7449119747175309,0.7691947842780044,0.011208982346408457,2.1663705776335775
2008-02-27,0.745068714148681,0.7699446362673765,0.01131315517351739,2.1988491925689093
2008-02-28,0.7452254535798314,0.7706944882567488,0.011414216769649207,2.2313431741230327
2008-02-29,0.7453821930109817,0.771444340246121,0.011512249071987198,2.2638623497606867
2008-03-03,0.7455389324421319,0.7721941922354931,0.011607328834528216,2.296416356713363
2008-03-04,0.7456956718732822,0.7721941922354931,0.011699528041623782,2.264922163350203
2008-03-05,0.7458524113044325,0.7721941922354931,0.011788914278553532,2.23445351358452
2008-03-06,0.7460091507355826,0.7721941922354931,0.011875551064430506,2.204953804488249
2008-03-07,0.746165890166733,0.7721941922354931,0.011959498151978649,2.176370758872846
2008-03-10,0.7463226295978833,0.7721941922354931,0.012040811798086375,2.148656010197048
2008-03-11,0.7464793690290334,0.7721941922354931,0.012119545008504339,2.1217647352615527
2008-03-12,0.7466448114663558,0.7725547331254531,0.012258466689692752,2.1136347893234553
2008-03-13,0.7468102539036781,0.7729152740154132,0.012393614462863734,2.1063282378160353
2008-03-14,0.7469756963410005,0.7732758149053731,0.012525110491670622,2.099791341710127
2008-03-17,0.7471411387783227,0.7736363557953331,0.012653068628031063,2.0939756035396857
2008-03-18,0.7473065812156451,0.7739968966852931,0.012777595160491833,2.088837150841513
2008-03-19,0.7474720236529674,0.7743574375752531,0.012898789476840016,2.084336206165618
2008-03-20,0.7476374660902897,0.7747179784652131,0.013016744652673617,2.0804366297038084
2008-03-24,0.747802908527612,0.7750785193551731,0.01313154797579591,2.077105523113923
2008-03-25,0.7479683509649342,0.7754390602451331,0.013243281414778067,2.07431288513922
2008-03-26,0.7481337934022566,0.7757996011350932,0.013352022038778869,2.072031311249002
2008-03-27,0.7482992358395789,0.7761601420250531,0.01345784239466792,2.0702357308414365
2008-03-28,0.7484646782769013,0.7765206829150131,0.01356081084662933,2.068903176618332
2008-03-31,0.7486301207142235,0.776881223804973,0.013660991882694765,2.0680125816147332
2008-04-01,0.7487955631515459,0.7772417646949331,0.013758446392042193,2.0675446000821935
2008-04-02,0.7489610055888681,0.7776023055848931,0.013853231916379634,2.0674814490155433
2008-04-03,0.7491264480261904,0.7776023055848931,0.01394540287829484,2.0419530225995515
2008-04-04,0.7492918904635127,0.7776023055848931,0.014035010789078954,2.017128133838663
2008-04-07,0.749457332900835,0.7776023055848931,0.01412210443821406,1.9929729883528147
2008-04-08,0.7496227753381575,0.7776023055848931,0.014206730066441816,1.9694560335757327
2008-04-09,0.7497882177754798,0.7776023055848931,0.014288931524096285,1.946547771084824
2008-04-10,0.749953660212802,0.7776023055848931,0.014368750416182238,1.924220587821813
2008-04-11,0.7501328041585387,0.777918630395598,0.014490054148394216,1.9175791858678874
2008-04-14,0.7503119481042753,0.7782349552063028,0.014608145299801457,1.9114683300971178
2008-04-15,0.750491092050012,0.7785512800170077,0.014723101173077704,1.9058612473780918
2008-04-16,0.7506702359957486,0.7788676048277126,0.01483499465389551,1.9007333328940346
2008-04-17,0.7508493799414852,0.7791839296384174,0.01494389453206193,1.8960619426308765
2008-04-18,0.7510285238872217,0.7795002544491223,0.015049865792276296,1.891826209939524
2008-04-21,0.7512076678329583,0.7798165792598272,0.015152969877932236,1.8880068829631163
2008-04-22,0.7513868117786949,0.780132904070532,0.015253264930937602,1.884586180204117
2008-04-23,0.7515659557244315,0.7804492288812369,0.015350806010144087,1.8815476619090103
2008-04-24,0.7517450996701681,0.7807655536919417,0.015445645290651877,1.878876115285227
2008-04-25,0.7519242436159047,0.7810818785026467,0.01553783224597475,1.8765574518476063
2008-04-28,0.7521033875616413,0.7813982033133514,0.01562741381481033,1.874578615429444
2008-04-29,0.7522825315073779,0.7817145281240563,0.01571443455395238,1.8729274995946876
2008-04-30,0.7524616754531145,0.7820308529347614,0.01579893677870242,1.8715928733576102
2008-05-01,0.7526408193988511,0.7823471777454661,0.015880960691981933,1.8705643142617543
2008-05-02,0.7528199633445877,0.7823471777454661,0.015960544503210723,1.8500129738643056
2008-05-05,0.7529991072903243,0.7823471777454661,0.01603772453789878,1.8299398013595622
2008-05-06,0.753178251236061,0.7823471777454661,0.016112535338795288,1.8103250603381509
2008-05-07,0.7533573951817976,0.7823471777454661,0.016185009759347967,1.7911501441588544
2008-05-08,0.7535365391275343,0.7823471777454661,0.016255179050146038,1.7723974943033947
2008-05-09,0.7537156830732709,0.7823471777454661,0.01632307293894995,1.7540505258587125
2008-05-12,0.7539188270054084,0.7824332670416662,0.016375779889452127,1.7412569189834044
2008-05-13,0.7541219709375461,0.7825193563378661,0.016425795568757114,1.7288286148120333
2008-05-14,0.7543251148696836,0.7826054456340661,0.016473144490555782,1.7167536398770689
2008-05-15,0.7545282588018212,0.7826915349302659,0.01651784958789029,1.7050207400539608
2008-05-16,0.7547314027339588,0.7827776242264659,0.016559932272534147,1.693619335570824
2008-05-19,0.7549345466660964,0.7828637135226659,0.01659941248945215,1.6825394798952504
2008-05-20,0.755137690598234,0.7829498028188657,0.016636308766681193,1.6717718221444158
2008-05-21,0.7553408345303716,0.7830358921150657,0.016670638260937655,1.661307572703363
2008-05-22,0.7555439784625092,0.7831219814112658,0.01670241679922504,1.6511384717711108
2008-05-23,0.7557471223946467,0.7832080707074656,0.016731658916686737,1.6412567605852668
2008-05-27,0.7559502663267844,0.7832941600036656,0.016758377890922566,1.6316551551025957
2008-05-28,0.7561534102589219,0.7833802492998655,0.016782585772963984,1.6223268219373463
2008-05-29,0.7563565541910595,0.7834663385960655,0.016804293415081023,1.613265356380668
2008-05-30,0.7565596981231971,0.7835524278922655,0.01682351049557402,1.6044647623437298
2008-06-02,0.7567628420553347,0.7836385171884654,0.016840245540684806,1.5959194340843217
2008-06-03,0.7569659859874722,0.7836385171884654,0.016854505943744876,1.5825163484481761
2008-06-04,0.7571691299196099,0.7836385171884654,0.01686629798166212,1.569365565439099
2008-06-05,0.7573722738517474,0.7836385171884654,0.01687562682883274,1.5564603082974668
2008-06-06,0.757575417783885,0.7836385171884654,0.01688249656855083,1.5437941479065036
2008-06-09,0.7577785617160228,0.7836385171884654,0.016886910201974584,1.5313609868914257
2008-06-10,0.7579817056481603,0.7836385171884654,0.016888869654695295,1.5191550450016238
2008-06-11,0.7581844958960609,0.7836440139167937,0.016889909936792524,1.50738033038723
2008-06-12,0.7583872861439616,0.783649510645122,0.01688850560834188,1.495823555204462
2008-06-13,0.7585900763918622,0.7836550073734503,0.01688465605937487,1.4844798077880492
2008-06-16,0.758792866639763,0.7836605041017786,0.01687835961680314,1.473344449733064
2008-06-17,0.7589956568876636,0.7836660008301067,0.01686961354077901,1.462413106429937
2008-06-18,0.7591984471355642,0.7836714975584351,0.016858414018723563,1.4516816585291061
2008-06-19,0.7594012373834648,0.7836769942867634,0.01684475615699179,1.4411462342969237
2008-06-20,0.7596040276313655,0.7836824910150917,0.016828633970132203,1.4308032028304347
2008-06-23,0.7598068178792661,0.78368798774342,0.0168100403676856,1.420649168104398
2008-06-24,0.7600096081271668,0.7836934844717482,0.016788967138454593,1.4106809638297704
2008-06-25,0.7602123983750675,0.7836989812000765,0.01676540493216177,1.4008956491085853
2008-06-26,0.7604151886229681,0.7837044779284048,0.016739343238399682,1.3912905048754607
2008-06-27,0.7606179788708687,0.783709974656733,0.016710770362760575,1.3818630311217777
2008-06-30,0.7608207691187693,0.7837154713850615,0.01667967340001699,1.3726109449042856
2008-07-01,0.76102355936667,0.7837209681133896,0.016646038204206685,1.3635321791454083
2008-07-02,0.7612263496145706,0.7837209681133896,0.016609849355455928,1.354293950380118
2008-07-03,0.7614291398624713,0.7837209681133896,0.016571090123354226,1.3452240066875074
2008-07-07,0.7616319301103719,0.7837209681133896,0.016529742426670577,1.3363207624685858
2008-07-08,0.7618347203582726,0.7837209681133896,0.016485786789176178,1.3275828466668373
2008-07-09,0.7620375106061732,0.7837209681133896,0.016439202291310708,1.319009105367461
2008-07-10,0.7622403008540739,0.7837209681133896,0.01638996651739874,1.3105986053426637
2008-07-11,0.7624412336333687,0.7838126367364101,0.016358398452763323,1.3064483766399075
2008-07-14,0.7626421664126636,0.7839043053594305,0.016324286439800748,1.3024850443034983
2008-07-15,0.7628430991919585,0.783995973982451,0.01628761449474204,1.298709200007227
2008-07-16,0.7630440319712534,0.7840876426054714,0.016248365284587094,1.2951217101316395
2008-07-17,0.7632449647505481,0.7841793112284918,0.016206520084360937,1.2917237240920725
2008-07-18,0.763445897529843,0.7842709798515124,0.016162058730235743,1.2885166839983135
2008-07-21,0.7636468303091378,0.7843626484745327,0.016114959568232237,1.2855023357447604
2008-07-22,0.7638477630884328,0.7844543170975532,0.0160651993981807,1.2826827416442748
2008-07-23,0.7640486958677276,0.7845459857205735,0.016012753412584197,1.2800602947359074
2008-07-24,0.7642496286470225,0.7846376543435941,0.015957595129985083,1.2776377349154282
2008-07-25,0.7644505614263173,0.7847293229666146,0.015899696322389172,1.2754181670590607
2008-07-28,0.7646514942056123,0.7848209915896349,0.015839026936249695,1.2734050813350208
2008-07-29,0.7648524269849071,0.7849126602126554,0.015775555006454337,1.2716023759253448
2008-07-30,0.765053359764202,0.7850043288356758,0.01570924656269247,1.2700143824118828
2008-07-31,0.7652542925434968,0.7850959974586963,0.015640065527504646,1.2686458941176357
2008-08-01,0.7654552253227916,0.7850959974586963,0.015567973605231628,1.2616139154619554
2008-08-04,0.7656561581020866,0.7850959974586963,0.015492930160983544,1.2547555016781626
2008-08-05,0.7658570908813815,0.7850959974586963,0.015414892088639933,1.248072738147349
2008-08-06,0.7660580236606763,0.7850959974586963,0.015333813666765677,1.2415680933493176
2008-08-07,0.7662589564399711,0.7850959974586963,0.015249646401183902,1.2352444458818912
2008-08-08,0.766459889219266,0.7850959974586963,0.015162338852781516,1.2291051150074725
2008-08-11,0.7666591927389521,0.7857017442954797,0.015195432719314702,1.2531759975695094
2008-08-12,0.7668584962586382,0.7863074911322631,0.015225835651051995,1.2773679763370525
2008-08-13,0.7670577997783243,0.7869132379690466,0.015253563738466045,1.3016917574908273
2008-08-14,0.7672571032980106,0.7875189848058298,0.015278631544710432,1.3261581345506084
2008-08-15,0.7674564068176967,0.7881247316426131,0.015301052144854922,1.3507780137764112
2008-08-18,0.7676557103373829,0.7887304784793966,0.015320837160713257,1.375562439633199
2008-08-19,0.7678550138570689,0.78933622531618,0.015337996791484516,1.400522620466136
2008-08-20,0.7680543173767551,0.7899419721529634,0.015352539840399717,1.4256699545316651
2008-08-21,0.7682536208964412,0.7905477189897466,0.01536447373753836,1.4510160565302435
2008-08-22,0.7684529244161274,0.7911534658265302,0.015373804558954351,1.476572784788072
2008-08-25,0.7686522279358134,0.7917592126633135,0.01538053704222708,1.502352269238721
2008-08-26,0.7688515314554997,0.7923649595000969,0.015384674598531075,1.5283669403603943
2008-08-27,0.769050834975186,0.7929707063368803,0.01538621932129623,1.5546295592307409
2008-08-28,0.7692501384948721,0.7935764531736637,0.015385171991510065,1.5811532488694586
2008-08-29,0.7694494420145582,0.794182200010447,0.015381532079693372,1.6079515270485236
2008-09-02,0.7696487455342443,0.794182200010447,0.015375297744560949,1.595640935466207
2008-09-03,0.7698480490539306,0.794182200010447,0.015366465828359491,1.583588004445806
2008-09-04,0.7700473525736167,0.794182200010447,0.015355031848855054,1.5717875204947866
2008-09-05,0.7702466560933028,0.794182200010447,0.015340989987922563,1.560234635182468
2008-09-08,0.7704459596129889,0.794182200010447,0.015324333076669331,1.5489248555681419
2008-09-09,0.7706452631326751,0.794182200010447,0.015305052577003367,1.5378540360676307
2008-09-10,0.7708367793452955,0.794451300726731,0.01534703931268568,1.5387020845066848
2008-09-11,0.771028295557916,0.7947204014430149,0.015386518377052235,1.5397964181704578
2008-09-12,0.7712198117705363,0.7949895021592989,0.015423509026534025,1.5411337554813274
2008-09-15,0.7714113279831568,0.7952586028755827,0.015458029125271793,1.5427112149399955
2008-09-16,0.7716028441957773,0.7955277035918668,0.015490095190343068,1.544526299038165
2008-09-17,0.7717943604083978,0.7957968043081506,0.015519722432955818,1.5465768800596655
2008-09-18,0.7719858766210181,0.7960659050244346,0.015546924795857819,1.5488611876370664
2008-09-19,0.7721773928336386,0.7963350057407185,0.015571714987183955,1.5513777979472638
2008-09-22,0.772368909046259,0.7966041064570024,0.015594104510938876,1.5541256244462796
2008-09-23,0.7725604252588795,0.7968732071732864,0.015614103694290076,1.557103910056511
2008-09-24,0.7727519414715,0.7971423078895704,0.01563172171182579,1.5603122207337237
2008-09-25,0.7729434576841204,0.7974114086058541,0.01564696660691307,1.5637504403520226
2008-09-26,0.7731349738967408,0.7976805093221382,0.015659845310273774,1.5674187668567892
2008-09-29,0.7733264901093613,0.7979496100384221,0.015670363655879798,1.571317709644972
2008-09-30,0.7735180063219816,0.7982187107547061,0.015678526394253302,1.5754480881429045
2008-10-01,0.7737095225346022,0.7982187107547061,0.015684337203243255,1.562653741914944
2008-10-02,0.7739010387472226,0.7982187107547061,0.015687798696335555,1.5501009719842804
2008-10-03,0.7740925549598431,0.7982187107547061,0.015688912428540692,1.5377838269384165
2008-10-06,0.7742840711724637,0.7982187107547061,0.015687678899889992,1.5256966779457883
2008-10-07,0.7744755873850839,0.7982187107547061,0.01568409755655877,1.5138342058892165
2008-10-08,0.7746671035977044,0.7982187107547061,0.015678166789622312,1.5021913896585752
2008-10-09,0.7749466640890543,0.7997393148933447,0.015873803971768158,1.5618594540026167
2008-10-10,0.7752262245804041,0.8012599190319833,0.016062174831161603,1.6208075634360704
2008-10-13,0.7755057850717538,0.802780523170622,0.01624353216518046,1.6791137433355858
2008-10-14,0.7757853455631036,0.8043011273092606,0.01641810839340134,1.7368494020674066
2008-10-15,0.7760649060544536,0.8058217314478993,0.01658611763962474,1.7940802085206333
2008-10-16,0.7763444665458034,0.8073423355865379,0.01674775753989884,1.8508668379564905
2008-10-17,0.7766240270371533,0.8088629397251765,0.0169032108191544,1.9072656096491876
2008-10-20,0.7769035875285031,0.8103835438638151,0.0170526466714141,1.9633290351013668
2008-10-21,0.7771831480198529,0.8119041480024537,0.017196221972432625,2.0191062919670535
2008-10-22,0.7774627085112028,0.8134247521410924,0.017334082348714943,2.074643635955478
2008-10-23,0.7777422690025526,0.814945356279731,0.017466363122890228,2.1299847607326177
2008-10-24,0.7780218294939024,0.8164659604183697,0.017593190152188447,2.185171114045236
2008-10-27,0.7783013899852522,0.8179865645570082,0.017714680574123648,2.240242176860096
2008-10-28,0.7785809504766021,0.819507168695647,0.017830943471313542,2.295235711160603
2008-10-29,0.778860510967952,0.8210277728342855,0.017942080465567434,2.3501879811127018
2008-10-30,0.7791400714593018,0.8210277728342855,0.018048186249880797,2.3208814888676375
2008-10-31,0.7794196319506516,0.8210277728342855,0.018149349065728175,2.2925417728729207
2008-11-03,0.7796991924420015,0.8210277728342855,0.018245651132000804,2.265119512221649
2008-11-04,0.7799787529333513,0.8210277728342855,0.018337169031055162,2.238569095993777
2008-11-05,0.7802583134247012,0.8210277728342855,0.018423974056594496,2.2128482858448066
2008-11-06,0.7805378739160509,0.8210277728342855,0.01850613252747364,2.187917916297452
2008-11-07,0.7809757606026403,0.8237277560867695,0.019104538927677616,2.2377925814368886
2008-11-10,0.7814136472892295,0.8264277393392536,0.01967498047792375,2.287884966418751
2008-11-11,0.7818515339758189,0.8291277225917376,0.020219824149260344,2.3381107702486204
2008-11-12,0.7822894206624081,0.8318277058442215,0.02074108731721032,2.3884131253190377
2008-11-13,0.7827273073489974,0.8345276890967057,0.021240506119819123,2.4387545878379195
2008-11-14,0.7831651940355868,0.8372276723491897,0.021719587473172788,2.489111654647162
2008-11-17,0.783603080722176,0.8399276556016738,0.022179649285692837,2.5394709426641136
2008-11-18,0.7840409674087653,0.8426276388541577,0.022621851991396838,2.5898264858099647
2008-11-19,0.7844788540953546,0.8453276221066418,0.023047223591092167,2.6401777971558147
2008-11-20,0.784916740781944,0.8480276053591259,0.02345667976606505,2.690528463814598
2008-11-21,0.7853546274685332,0.8507275886116099,0.02385104020143472,2.7408851182576206
2008-11-24,0.7857925141551224,0.8534275718640939,0.02423104195832249,2.7912566791516484
2008-11-25,0.7862304008417117,0.8561275551165779,0.02459735052265415,2.8416537874878416
2008-11-26,0.7866682875283011,0.8588275383690619,0.024950569006246006,2.8920883857477078
2008-11-28,0.7871061742148904,0.861527521621546,0.025291245864713204,2.942573402858323
2008-12-01,0.7875440609014797,0.861527521621546,0.0256198814145597,2.887736267117215
2008-12-02,0.787981947588069,0.861527521621546,0.025936933370304793,2.8355539563393144
2008-12-03,0.7884198342746582,0.861527521621546,0.026242821575965473,2.785816575982956
2008-12-04,0.7888577209612475,0.861527521621546,0.0265379320696449,2.7383369762793603
2008-12-05,0.7892956076478368,0.861527521621546,0.02682262059253375,2.6929476828902925
2008-12-08,0.7897334943344262,0.861527521621546,0.02709721563227011,2.649498319732165
2008-12-09,0.7902107604397423,0.862530434487475,0.02756120556534815,2.6239662802942862
2008-12-10,0.7906880265450583,0.8635333473534043,0.028009348948788086,2.600750233128779
2008-12-11,0.7911652926503746,0.8645362602193333,0.028442394835536247,2.579633958153487
2008-12-12,0.7916425587556907,0.8655391730852623,0.028861022825812432,2.560429502986315
2008-12-15,0.7921198248610067,0.8665420859511915,0.029265851640599107,2.542972676966023
2008-12-16,0.792597090966323,0.8675449988171205,0.029657446368037372,2.527119392570862
2008-12-17,0.7930743570716391,0.8685479116830497,0.03003632462573331,2.5127426724756265
2008-12-18,0.7935516231769553,0.8695508245489788,0.030402961831009448,2.499730184001622
2008-12-19,0.7940288892822713,0.8705537374149078,0.030757795732125635,2.4879821947939034
2008-12-22,0.7945061553875875,0.871556650280837,0.03110123032335664,2.477409867460628
2008-12-23,0.7949834214929037,0.8725595631467661,0.031433639243329044,2.467933828894021
2008-12-24,0.7954606875982199,0.8735624760126952,0.03175536873756936,2.4594829636499904
2008-12-26,0.7959379537035359,0.8745653888786242,0.03206674025160965,2.4519933912253973
2008-12-29,0.7964152198088521,0.8755683017445535,0.032368052709351745,2.445407595151145
2008-12-30,0.7968924859141683,0.8765712146104825,0.03265958452204356,2.439673678106196
2008-12-31,0.7973697520194843,0.8765712146104825,0.032941595365671136,2.4042995401957676
2009-01-02,0.7978470181248004,0.8765712146104825,0.033214327758433845,2.3701878616433016
2009-01-05,0.7983242842301167,0.8765712146104825,0.03347800846495646,2.3372635938685473
2009-01-06,0.7988015503354329,0.8765712146104825,0.03373284974977193,2.3054578801358288
2009-01-07,0.7992788164407488,0.8765712146104825,0.03397905049920676,2.2747074163104717
2009-01-08,0.7997560825460651,0.8765712146104825,0.03421679722797801,2.244953890705119
2009-01-09,0.8002072246778633,0.8764420822769884,0.03445173015585317,2.212802006002394
2009-01-12,0.8006583668096616,0.8763129499434944,0.03467918004696647,2.181556283377311
2009-01-13,0.8011095089414598,0.8761838176100003,0.03489929320967901,2.151169888097312
2009-01-14,0.8015606510732581,0.8760546852765062,0.03511220762281137,2.121599274061352
2009-01-15,0.8020117932050563,0.8759255529430123,0.035318053479300275,2.0928038908281414
2009-01-16,0.8024629353368546,0.8757964206095182,0.03551695368120767,2.064745921930376
2009-01-20,0.8029140774686528,0.8756672882760241,0.03570902429115676,2.037390050598174
2009-01-21,0.8033652196004512,0.8755381559425301,0.035894374944646014,2.0107032495587243
2009-01-22,0.8038163617322495,0.875409023609036,0.03607310922715527,1.98465459203868
2009-01-23,0.8042675038640477,0.875279891275542,0.03624532501949395,1.9592150814843419
2009-01-26,0.804718645995846,0.875150758942048,0.03641111481443913,1.9343574978449043
2009-01-27,0.8051697881276442,0.8750216266085539,0.03657056600736197,1.9100562585454084
2009-01-28,0.8056209302594425,0.8748924942750598,0.03672376116323605,1.8862872925163412
2009-01-29,0.8060720723912407,0.8747633619415658,0.036870778262155325,1.8630279258528912
2009-01-30,0.806523214523039,0.8746342296080717,0.03701169092525607,1.8402567778538061
2009-02-02,0.8069743566548372,0.8746342296080717,0.0371465686227325,1.821429958723801
2009-02-03,0.8074254987866355,0.8746342296080717,0.037275476865455424,1.8030280622303998
2009-02-04,0.8078766409184338,0.8746342296080717,0.03739847738154411,1.7850349362774403
2009-02-05,0.808327783050232,0.8746342296080717,0.03751562827910077,1.7674353222754826
2009-02-06,0.8087789251820303,0.8746342296080717,0.03762698419619223,1.750214794857404
2009-02-09,0.8092300673138285,0.8746342296080717,0.03773259643905214,1.733359706636879
2009-02-10,0.8096319208144613,0.8745560325938643,0.03787556974869965,1.7141421821550797
2009-02-11,0.8100337743150942,0.8744778355796571,0.03801374059902546,1.695283343576429
2009-02-12,0.810435627815727,0.8743996385654498,0.03814716117428035,1.6767698769901842
2009-02-13,0.8108374813163599,0.8743214415512425,0.03827588114946789,1.6585891252764828
2009-02-17,0.8112393348169926,0.8742432445370353,0.038399947795081726,1.6407290462023028
2009-02-18,0.8116411883176253,0.874165047522828,0.03851940607469116,1.6231781737227615
2009-02-19,0.8120430418182583,0.8740868505086207,0.038634298735890756,1.6059255822009921
2009-02-20,0.8124448953188911,0.8740086534944134,0.03874466639508317,1.5889608532888269
2009-02-23,0.8128467488195239,0.8739304564802061,0.0388505476165223,1.5722740452364843
2009-02-24,0.8132486023201567,0.8738522594659988,0.03895197898600517,1.5558556644224923
2009-02-25,0.8136504558207895,0.8737740624517916,0.03904899517956707,1.539696638915373
2009-02-26,0.8140523093214225,0.8736958654375843,0.039141629027502914,1.5237882938968423
2009-02-27,0.8144541628220551,0.873617668423377,0.03922991157400953,1.5081223287925711
2009-03-02,0.8148560163226879,0.8735394714091698,0.039313872132717954,1.4926907959708218
2009-03-03,0.8152578698233208,0.8734612743949624,0.03939353833836115,1.4774860808825456
2009-03-04,0.8156597233239535,0.8734612743949624,0.039468936194801414,1.4644821128627747
2009-03-05,0.8160615768245864,0.8734612743949624,0.03954009011962191,1.4516835292161157
2009-03-06,0.8164634303252193,0.8734612743949624,0.03960702298546915,1.4390842778225008
2009-03-09,0.8168652838258521,0.8734612743949624,0.039669756158316416,1.4266785594356468
2009-03-10,0.8172671373264847,0.8734612743949624,0.03972830953280326,1.4144608147013835
2009-03-11,0.8176689908271176,0.8734612743949624,0.03978270156479211,1.4024257120140167
2009-03-12,0.8180530045656981,0.8735221072824416,0.03986138483169787,1.3915498157162463
2009-03-13,0.8184370183042785,0.8735829401699209,0.03993620599747795,1.3808502958224163
2009-03-16,0.8188210320428587,0.8736437730574004,0.04000718673076321,1.3703223219238794
2009-03-17,0.8192050457814393,0.8737046059448796,0.040074347438382556,1.3599612631805849
2009-03-18,0.8195890595200196,0.8737654388323589,0.04013770729599689,1.3497626785908265
2009-03-19,0.8199730732586,0.8738262717198383,0.040197284276564334,1.3397223078733094
2009-03-20,0.8203570869971804,0.8738871046073176,0.04025309517673903,1.3298360629189698
2009-03-23,0.8207411007357607,0.8739479374947968,0.04030515564129702,1.3201000197731516
2009-03-24,0.8211251144743412,0.8740087703822762,0.04035348018567449,1.3105104111121675
2009-03-25,0.8215091282129215,0.8740696032697554,0.04039808221669627,1.3010636191811824
2009-03-26,0.821893141951502,0.8741304361572347,0.040438974051565144,1.2917561691630248
2009-03-27,0.8222771556900823,0.8741912690447141,0.04047616693517616,1.2825847229500233
2009-03-30,0.8226611694286627,0.8742521019321934,0.04050967105581355,1.2735460732932022
2009-03-31,0.8230451831672432,0.8743129348196726,0.04053949555928229,1.2646371383052581
2009-04-01,0.8234291969058235,0.874373767707152,0.040565648561520624,1.2558549562955352
2009-04-02,0.8238132106444038,0.874373767707152,0.0405881371597344,1.2456978960075795
2009-04-03,0.8241972243829844,0.874373767707152,0.040606967442089366,1.2356633968228656
2009-04-06,0.8245812381215647,0.874373767707152,0.04062214449599233,1.2257484237568927
2009-04-07,0.8249652518601451,0.874373767707152,0.04063367241498773,1.2159500461194486
2009-04-08,0.8253492655987255,0.874373767707152,0.040641554304291436,1.206265433191121
2009-04-09,0.8257332793373059,0.874373767707152,0.04064579228497934,1.1966918501382304
2009-04-13,0.8260993388314805,0.8743884612118367,0.04066888220905317,1.1873727468616466
2009-04-14,0.8264653983256548,0.8744031547165214,0.04068865275432356,1.1781603259344282
2009-04-15,0.8268314578198291,0.8744178482212059,0.040705108757475746,1.1690520392636776
2009-04-16,0.8271975173140036,0.8744325417258907,0.04071825423715831,1.1600454218094096
2009-04-17,0.827563576808178,0.8744472352305753,0.04072809239890469,1.1511380882562066
2009-04-20,0.8279296363023524,0.87446192873526,0.04073462563904939,1.1423277298589034
2009-04-21,0.8282956957965268,0.8744766222399446,0.04073785554765013,1.1336121114524793
2009-04-22,0.8286617552907013,0.8744913157446293,0.0407377829104241,1.1249890686172088
2009-04-23,0.8290278147848756,0.874506009249314,0.040734407709704094,1.1164565049905992
2009-04-24,0.8293938742790502,0.8745207027539986,0.040727729124417,1.1080123897183867
2009-04-27,0.8297599337732247,0.8745353962586833,0.04071774552908467,1.0996547550373463
2009-04-28,0.8301259932673991,0.874550089763368,0.04070445449184438,1.0913816939831438
2009-04-29,0.8304920527615735,0.8745647832680525,0.040687852771483166,1.0831913582170714
2009-04-30,0.8308581122557479,0.8745794767727373,0.040667936313477676,1.075081955965879
2009-05-01,0.8312241717499224,0.8745941702774219,0.0406447002450281,1.0670517500693055
2009-05-04,0.8315902312440968,0.8745941702774219,0.04061813886907208,1.058737308766002
2009-05-05,0.8319562907382712,0.8745941702774219,0.04058824565726125,1.0504982131821419
2009-05-06,0.8323223502324455,0.8745941702774219,0.04055501324188014,1.042332788621146
2009-05-07,0.83268840972662,0.8745941702774219,0.04051843340668401,1.034239407288859
2009-05-08,0.8330544692207945,0.8745941702774219,0.04047849707662854,1.0262164866939092
2009-05-11,0.8334205287149689,0.8745941702774219,0.04043519430646141,1.0182624881284088
2009-05-12,0.8337760673127721,0.8745035085145858,0.04038960006223088,1.0083645576847085
2009-05-13,0.8341316059105753,0.8744128467517497,0.040340808434523846,0.998523391184731
2009-05-14,0.8344871445083787,0.8743221849889137,0.04028880780679987,0.9887371369130387
2009-05-15,0.8348426831061818,0.8742315232260776,0.04023358573647003,0.9790039689202107
2009-05-18,0.835198221703985,0.8741408614632414,0.040175128939591846,0.9693220852585523
2009-05-19,0.8355537603017882,0.8740501997004054,0.040113423274386516,0.9596897062435018
2009-05-20,0.8359092988995915,0.8739595379375693,0.0400484537235294,0.9501050727364879
2009-05-21,0.8362648374973948,0.8738688761747332,0.03998020437516017,0.9405664444452395
2009-05-22,0.8366203760951979,0.8737782144118972,0.03990865840255465,0.9310720982372265
2009-05-26,0.8369759146930013,0.8736875526490611,0.03983379804239527,0.9216203264621531
2009-05-27,0.8373314532908044,0.8735968908862249,0.03975560457157191,0.9122094352792948
2009-05-28,0.8376869918886077,0.8735062291233888,0.039674058282438966,0.9028377429852154
2009-05-29,0.8380425304864109,0.8734155673605527,0.0395891384564486,0.8935035783376588
2009-06-01,0.8383980690842142,0.8733249055977167,0.03950082333607325,0.8842052788708918
2009-06-02,0.8387536076820173,0.8732342438348806,0.039409090094923514,0.8749411891979931
2009-06-03,0.8391091462798206,0.8732342438348806,0.039313914805959575,0.8680157578681782
2009-06-04,0.8394646848776239,0.8732342438348806,0.03921527240768594,0.8611328414650519
2009-06-05,0.8398202234754272,0.8732342438348806,0.039113136668210334,0.8542915042303688
2009-06-08,0.8401757620732303,0.8732342438348806,0.039007480147037234,0.8474908309133932
2009-06-09,0.8405313006710334,0.8732342438348806,0.03889827415445608,0.8407299263199002
2009-06-10,0.8408868392688368,0.8732342438348806,0.0387854887083722,0.8340079148999174
2009-06-11,0.8412381895107808,0.873169376184773,0.0386664227639927,0.8258117609919542
2009-06-12,0.8415895397527248,0.8731045085346653,0.03854377364444166,0.8176409780905096
2009-06-15,0.8419408899946687,0.8730396408845579,0.038417507031530504,0.8094942460572849
2009-06-16,0.8422922402366125,0.8729747732344502,0.03828758713545465,0.8013702427705435
2009-06-17,0.8426435904785566,0.8729099055843424,0.03815397663633461,0.7932676426960629
2009-06-18,0.8429949407205005,0.872845037934235,0.038016636622017194,0.7851851154146252
2009-06-19,0.8433462909624445,0.8727801702841272,0.0378755265218667,0.7771213241006604
2009-06-22,0.8436976412043884,0.8727153026340198,0.03773060403625092,0.7690749239463986
2009-06-23,0.8440489914463325,0.8726504349839121,0.03758182506140006,0.7610445605249737
2009-06-24,0.8444003416882764,0.8725855673338044,0.03742914360928657,0.7530288680859639
2009-06-25,0.8447516919302203,0.8725206996836968,0.037272511722140696,0.745026467775746
2009-06-26,0.8451030421721643,0.8724558320335892,0.03711187938117969,0.7370359657747815
2009-06-29,0.8454543924141081,0.8723909643834815,0.03694719440908799,0.7290559513430261
2009-06-30,0.8458057426560522,0.8723260967333741,0.03677840236573976,0.721084994763841
2009-07-01,0.8461570928979961,0.8722612290832664,0.036605446436605016,0.7131216451759067
2009-07-02,0.8465084431399401,0.8722612290832664,0.036428267313223434,0.7069451237385113
2009-07-06,0.8468597933818841,0.8722612290832664,0.03624680306506719,0.7007910644087372
2009-07-07,0.847211143623828,0.8722612290832664,0.03606098900204296,0.6946588585803698
2009-07-08,0.847562493865772,0.8722612290832664,0.0358707575268039,0.6885479125730386
2009-07-09,0.8479138441077159,0.8722612290832664,0.03567603797595316,0.6824576482388965
2009-07-10,0.8482651943496599,0.8722612290832664,0.035476756449119504,0.6763875036891125
2009-07-13,0.848609143458475,0.8722285586697233,0.03528151068370196,0.6694558921525726
2009-07-14,0.8489530925672902,0.8721958882561798,0.03508179299126447,0.6625315785506489
2009-07-15,0.8492970416761053,0.8721632178426366,0.034877526549676865,0.6556134688611729
2009-07-16,0.8496409907849205,0.8721305474290934,0.03466863095578798,0.6487004541036883
2009-07-17,0.8499849398937358,0.8720978770155501,0.03445502201214724,0.6417914089277982
2009-07-20,0.8503288890025508,0.8720652066020069,0.034236611496323725,0.6348851901360089
2009-07-21,0.8506728381113661,0.8720325361884637,0.03401330691106915,0.6279806351362553
2009-07-22,0.8510167872201811,0.8719998657749203,0.033785011213357447,0.6210765603192441
2009-07-23,0.8513607363289964,0.871967195361377,0.03355162252008859,0.6141717593550868
2009-07-24,0.8517046854378114,0.8719345249478339,0.033313033787964554,0.6072650014040795
2009-07-27,0.8520486345466267,0.8719018545342905,0.03306913246472221,0.6003550292358881
2009-07-28,0.8523925836554418,0.8718691841207473,0.03281980010853731,0.593440557251875
2009-07-29,0.852736532764257,0.871836513707204,0.03256491197198406,0.5865202694046583
2009-07-30,0.8530804818730721,0.8718038432936608,0.03230433654643784,0.5795928170099913
2009-07-31,0.8534244309818874,0.8717711728801175,0.032037935062230426,0.5726568164456753
2009-08-03,0.8537683800907023,0.8717711728801175,0.03176556093919312,0.5667393320671038
2009-08-04,0.8541123291995176,0.8717711728801175,0.03148705918143538,0.5608286114891117
2009-08-05,0.8544562783083328,0.8717711728801175,0.031202265709280808,0.5549242716253953
2009-08-06,0.854800227417148,0.8717711728801175,0.030911006620193266,0.5490259722529671
2009-08-07,0.8551441765259632,0.8717711728801175,0.030613097369237684,0.543133422718028
2009-08-10,0.8554881256347783,0.8717711728801175,0.030308341858091597,0.5372463898414179
2009-08-11,0.8557932650757107,0.871724917296471,0.03007484921978308,0.5297334029618491
2009-08-12,0.8560984045166432,0.8716786617128245,0.029836396614347154,0.5221896396393036
2009-08-13,0.8564035439575757,0.871632406129178,0.029592864143147164,0.5146126477632247
2009-08-14,0.856708683398508,0.8715861505455316,0.029344125330142374,0.5069998502133358
2009-08-17,0.8570138228394405,0.871539894961885,0.02909004662281656,0.4993485335651227
2009-08-18,0.8573189622803729,0.8714936393782385,0.028830486842479408,0.4916558355504575
2009-08-19,0.8576241017213054,0.871447383794592,0.028565296577513683,0.483918731100033
2009-08-20,0.8579292411622378,0.8714011282109454,0.02829431751215164,0.4761340167657976
2009-08-21,0.8582343806031701,0.8713548726272989,0.028017381682194833,0.468298293286518
2009-08-24,0.8585395200441026,0.8713086170436525,0.027734310647703535,0.46040794601856017
2009-08-25,0.8588446594850351,0.871262361460006,0.027444914571028566,0.4524591229035681
2009-08-26,0.8591497989259675,0.8712161058763594,0.027148991186579843,0.44444770958401064
2009-08-27,0.8594549383668999,0.871169850292713,0.026846324646348212,0.43636930120364226
2009-08-28,0.8597600778078324,0.8711235947090664,0.0265366842223262,0.42821917033905627
2009-08-31,0.8600652172487648,0.87107733912542,0.026219822843489785,0.41999223039713873
2009-09-01,0.8603703566896973,0.87107733912542,0.02589547544075452,0.41346923558977855
2009-09-02,0.8606754961306297,0.87107733912542,0.025563357068109267,0.4069044205374254
2009-09-03,0.8609806355715621,0.87107733912542,0.025223160761704364,0.4002949372303642
2009-09-04,0.8612857750124946,0.87107733912542,0.024874555090696856,0.3936377586342212
2009-09-08,0.8615909144534271,0.87107733912542,0.024517181343695335,0.38692966124478095
2009-09-09,0.8618960538943594,0.87107733912542,0.024150650282122255,0.38016720559516676
2009-09-10,0.8621880425350369,0.8711255063974208,0.023820253813574374,0.3752043925447493
2009-09-11,0.8624800311757143,0.8711736736694214,0.023481564691534163,0.37023267435161666
2009-09-14,0.8627720198163918,0.8712218409414222,0.02313421870105342,0.36525206380302694
2009-09-15,0.8630640084570694,0.871270008213423,0.02277781981181479,0.3602627391097888
2009-09-16,0.8633559970977468,0.8713181754854237,0.022411936145204002,0.35526508446619537
2009-09-17,0.8636479857384243,0.8713663427574244,0.02203609525527986,0.35025974110140146
2009-09-18,0.8639399743791017,0.8714145100294252,0.021649778575050137,0.34524767190632116
2009-09-21,0.8642319630197791,0.871462677301426,0.021252414839812887,0.340230243769821
2009-09-22,0.8645239516604567,0.8715108445734268,0.020843372246931748,0.3352093332209505
2009-09-23,0.8648159403011343,0.8715590118454275,0.02042194904142837,0.33018746303862
2009-09-24,0.8651079289418117,0.8716071791174281,0.019987362122178505,0.32516798044123785
2009-09-25,0.8653999175824891,0.871655346389429,0.019538733133992122,0.32015529175006224
2009-09-28,0.8656919062231667,0.8717035136614297,0.01907507133107223,0.3151551747264209
2009-09-29,0.8659838948638441,0.8717516809334304,0.018595252243932926,0.31017519923496245
2009-09-30,0.8662758835045216,0.8717998482054312,0.018097990818633926,0.3052253013203051
2009-10-01,0.866567872145199,0.8717998482054312,0.01758180716687252,0.2975789695891001
2009-10-02,0.8668598607858766,0.8717998482054312,0.017044982275164988,0.2898206252025437
2009-10-05,0.8671518494265541,0.8717998482054312,0.0164854998163281,0.2819446683850917
2009-10-06,0.8674438380672315,0.8717998482054312,0.015900968321252817,0.2739462182549991
2009-10-07,0.8677358267079089,0.8717998482054312,0.01528851493241525,0.26582186140954683
2009-10-08,0.8680278153485864,0.8717998482054312,0.01464463690399148,0.2575709375093287
2009-10-09,0.8682286736833912,0.871789463205408,0.014341414623087603,0.24828718892796084
2009-10-12,0.8684295320181961,0.8717790782053849,0.014028754296973521,0.2387629091138525
2009-10-13,0.8686303903530007,0.8717686932053615,0.013706010041232846,0.22897275304188688
2009-10-14,0.8688312486878055,0.8717583082053385,0.013372451748571714,0.21888727456770668
2009-10-15,0.8690321070226102,0.8717479232053154,0.01302724877621373,0.20847196743980825
2009-10-16,0.869232965357415,0.871737538205292,0.012669449316320976,0.19768600712980833
2009-10-19,0.8694338236922198,0.871727153205269,0.012297953962845623,0.18648057392129933
2009-10-20,0.8696346820270244,0.8717167682052458,0.011911481341869078,0.17479657806311574
2009-10-21,0.8698355403618292,0.8717063832052224,0.01150852267821984,0.1625615116468288
2009-10-22,0.870036398696634,0.8716959982051994,0.011087280600060865,0.1496849920580447
2009-10-23,0.8702372570314388,0.8716856132051761,0.010645584923612799,0.1360522868522434
2009-10-26,0.8704381153662435,0.871675228205153,0.010180773841864804,0.12151461746672895
2009-10-27,0.8706389737010483,0.8716648432051298,0.009689521353737015,0.10587411561727078
2009-10-28,0.870839832035853,0.8716544582051066,0.009167577788152822,0.088859477179051
2009-10-29,0.8710406903706578,0.8716440732050834,0.008609363003795393,0.07008449221616363
2009-10-30,0.8712415487054626,0.8716440732050834,0.00800729483361198,0.050269723793758034
2009-11-02,0.8714424070402673,0.8716440732050834,0.007350605428509805,0.027435313563957467
2009-11-03,0.871643265375072,0.8716440732050834,0.006623067278147411,0.00012197218864217687
2009-11-04,0.8718441237098769,0.8716440732050834,0.005798071280009977,-0.03450293987987885
2009-11-05,0.8720449820446816,0.8716440732050834,0.00482589176808458,-0.08307456090282865
2009-11-06,0.8722458403794863,0.8716440732050834,0.003588846965034443,-0.16767702280586963
2009-11-09,0.8722903678391704,0.8717176977555388,0.0035243637322082246,-0.1624889276887397
2009-11-10,0.8723348952988543,0.8717913223059942,0.0034581029058830424,-0.15718820626632443
2009-11-11,0.8723794227585383,0.8718649468564497,0.003389960252090444,-0.15176458242287202
2009-11-12,0.8724239502182223,0.8719385714069051,0.0033198198936288358,-0.1462063686794171
2009-11-13,0.8724684776779064,0.8720121959573605,0.00324755239431464,-0.14050018757039848
2009-11-16,0.8725130051375903,0.8720858205078159,0.003173012416270702,-0.13463062028496625
2009-11-17,0.8725575325972743,0.8721594450582713,0.0030960358276514886,-0.12857975849233852
2009-11-18,0.8726020600569583,0.8722330696087267,0.0030164360942508866,-0.12232662542887818
2009-11-19,0.8726465875166423,0.872306694159182,0.002933999725221826,-0.11584641761836238
2009-11-20,0.8726911149763263,0.8723803187096375,0.0028484804504872877,-0.10910949613000576
2009-11-23,0.8727356424360103,0.872453943260093,0.002759591668765341,-0.10208002115160553
2009-11-24,0.8727801698956943,0.8725275678105483,0.0026669964927112677,-0.09471406724243452
2009-11-25,0.8728246973553783,0.8726011923610038,0.0025702943835782003,-0.0869569632966957
2009-11-27,0.8728692248150624,0.8726748169114591,0.0024690028263810036,-0.07873944149679775
2009-11-30,0.8729137522747464,0.8727484414619145,0.0023625315886576918,-0.06997189524386882
2009-12-01,0.8729582797344304,0.8727484414619145,0.0022501455220580273,-0.09325542301990263
2009-12-02,0.8730028071941143,0.8727484414619145,0.0021309089717241455,-0.1193695908999404
2009-12-03,0.8730473346537982,0.8727484414619145,0.002003599269668319,-0.14917812978299672
2009-12-04,0.8730918621134824,0.8727484414619145,0.0018665652502285299,-0.18398534502120822
2009-12-07,0.8731363895731664,0.8727484414619145,0.001717480842865585,-0.22588206026483745
2009-12-08,0.8731809170328503,0.8727484414619145,0.00155287921943858,-0.2784991682045213
2009-12-09,0.8731716705830781,0.8728479526489784,0.001539491101976802,-0.21027593708337367
2009-12-10,0.8731624241333058,0.8729474638360425,0.0015259292778667278,-0.14087173002134745
2009-12-11,0.8731531776835335,0.8730469750231062,0.0015121890735352995,-0.0702310724802291
2009-12-14,0.8731439312337613,0.8731464862101702,0.001498265581354578,0.0017052893964074022
2009-12-15,0.873134684783989,0.873245997397234,0.001484153642823931,0.07500073444763607
2009-12-16,0.8731254383342166,0.8733455085842979,0.0014698478301602741,0.1497231519927535
2009-12-17,0.8731161918844446,0.8734450197713617,0.0014553424261079374,0.22594537273026552
2009-12-18,0.8731069454346723,0.8735445309584258,0.0014406314017527723,0.3037456515393918
2009-12-21,0.8730976989849001,0.8736440421454895,0.0014257083920936036,0.38320820977082787
2009-12-22,0.8730884525351278,0.8737435533325535,0.0014105666690871618,0.4644238459495462
2009-12-23,0.8730792060853555,0.8738430645196174,0.0013951991118391388,0.5474906253738533
2009-12-24,0.8730699596355833,0.8739425757066812,0.0013795981735626292,0.632514661022262
2009-12-28,0.8730607131858109,0.8740420868937452,0.0013637558448642893,0.7196110004807592
2009-12-29,0.8730514667360386,0.874141598080809,0.0013476636128460359,0.808904636423519
2009-12-30,0.8730422202862664,0.8742411092678729,0.0013313124154234039,0.9005316616274349
2009-12-31,0.8730329738364941,0.8742411092678729,0.0013146925901576058,0.9189489926568563
2010-01-04,0.873023727386722,0.8742411092678729,0.0012977938167727887,0.9380395139947569
2010-01-05,0.8730144809369497,0.8742411092678729,0.0012806050523778208,0.9578506102608634
2010-01-06,0.8730052344871774,0.8742411092678729,0.0012631144582265967,0.9784345137104146
2010-01-07,0.8729959880374051,0.8742411092678729,0.00124530931662382,0.9998489643067131
2010-01-08,0.8729867415876329,0.8742411092678729,0.0012271759363036141,1.0221579833273946
2010-01-11,0.8729890177018405,0.8743055560092389,0.0012307704640732772,1.0696863028718526
2010-01-12,0.8729912938160479,0.8743700027506046,0.0012343503105502226,1.1169510978954948
2010-01-13,0.8729935699302555,0.8744344494919706,0.0012379156031020434,1.1639562164855846
2010-01-14,0.8729958460444629,0.8744988962333367,0.0012414664671183606,1.2107054267543547
2010-01-15,0.8729981221586703,0.8745633429747026,0.0012450030260537422,1.2572024190122015
2010-01-19,0.8730003982728779,0.8746277897160685,0.0012485254014694253,1.303450807869227
2010-01-20,0.8730026743870855,0.8746922364574343,0.0012520337130738882,1.3494541342667203
2010-01-21,0.8730049505012929,0.8747566831988003,0.0012555280787623067,1.395215867441404
2010-01-22,0.8730072266155003,0.8748211299401661,0.0012590086146549335,1.440739406825227
2010-01-25,0.8730095027297079,0.8748855766815321,0.0012624754351344364,1.4860280838846043
2010-01-26,0.8730117788439155,0.8749500234228981,0.00126592865288223,1.5310851638989906
2010-01-27,0.8730140549581228,0.8750144701642639,0.001269368378913834,1.575913847682925
2010-01-28,0.8730163310723303,0.8750789169056298,0.0012727947226132876,1.6205172732524828
2010-01-29,0.8730186071865379,0.8751433636469959,0.0012762077917666543,1.6648985174402162
2010-02-01,0.8730208833007453,0.8752078103883617,0.001279607692594644,1.7090605974569908
2010-02-02,0.8730231594149529,0.8752078103883617,0.0012829945297843795,1.7027749711263083
2010-02-03,0.8730254355291603,0.8752078103883617,0.0012863684065203393,1.6965395357499067
2010-02-04,0.8730277116433678,0.8752078103883617,0.0012897294245144974,1.6903535761499666
2010-02-05,0.8730299877575753,0.8752078103883617,0.0012930776840356889,1.6842163913844606
2010-02-08,0.8730322638717829,0.8752078103883617,0.0012964132839382231,1.6781272943840626
2010-02-09,0.8730345399859902,0.8752078103883617,0.0012997363216897724,1.6720856116000746
2010-02-10,0.8730500795675157,0.8753524396250931,0.001327961783605339,1.7337547555974635
2010-02-11,0.8730656191490409,0.8754970688618244,0.0013554208240220834,1.7938707076732312
2010-02-12,0.8730811587305661,0.875641698098556,0.0013821591226588028,1.8525648212372459
2010-02-16,0.8730966983120915,0.8757863273352873,0.0014082177350058535,1.9099525281753573
2010-02-17,0.8731122378936168,0.8759309565720186,0.0014336337247361668,1.9661358614596687
2010-02-18,0.873127777475142,0.8760755858087502,0.0014584406888511403,2.021205494431367
2010-02-19,0.8731433170566673,0.8762202150454815,0.0014826691970133104,2.0752424040456092
2010-02-22,0.8731588566381926,0.8763648442822128,0.0015063471616222522,2.1283192385529355
2010-02-23,0.8731743962197179,0.8765094735189443,0.001529500151540545,2.1805014506648916
2010-02-24,0.8731899358012432,0.8766541027556757,0.0015521516596252764,2.2318482430182436
2010-02-25,0.8732054753827684,0.8767987319924071,0.0015743233321247154,2.2824133621835094
2010-02-26,0.8732210149642937,0.8769433612291385,0.0015960351663879,2.3322457695397185
2010-03-01,0.873236554545819,0.8770879904658699,0.0016173056820840187,2.3813902113347067
2010-03-02,0.8732520941273443,0.8772326197026012,0.0016381520701496159,2.429887705659351
2010-03-03,0.8732676337088695,0.8773772489393327,0.0016585903229096412,2.477775960523947
2010-03-04,0.873283173290395,0.8773772489393327,0.0016786353482050108,2.4389309168995914
2010-03-05,0.8732987128719202,0.8773772489393327,0.0016983010698686562,2.401538890703233
2010-03-08,0.8733142524534454,0.8773772489393327,0.001717600516496924,2.3655072567012336
2010-03-09,0.8733297920349706,0.8773772489393327,0.0017365459001430945,2.3307514670522194
2010-03-10,0.8733453316164961,0.8773772489393327,0.0017551486862989402,2.297194166118564
2010-03-11,0.8733608711980213,0.8773772489393327,0.0017734196563165235,2.2647644211035574
2010-03-12,0.8733750550851377,0.8774153061607439,0.0017957069366170235,2.249950141206096
2010-03-15,0.8733892389722542,0.8774533633821553,0.0018176098477568482,2.2359718258111
2010-03-16,0.8734034228593707,0.8774914206035667,0.0018391421225001487,2.222774245765589
2010-03-17,0.873417606746487,0.877529477824978,0.0018603166307082058,2.210307111497266
2010-03-18,0.8734317906336037,0.8775675350463892,0.0018811454536713026,2.1985245238288598
2010-03-19,0.87344597452072,0.8776055922678005,0.0019016399503824042,2.1873844973881873
2010-03-22,0.8734601584078365,0.8776436494892119,0.0019218108167965116,2.1768485455550195
2010-03-23,0.873474342294953,0.8776817067106233,0.0019416681389633134,2.1668813177913315
2010-03-24,0.8734885261820695,0.8777197639320347,0.0019612214407909016,2.157450281727908
2010-03-25,0.873502710069186,0.877757821153446,0.00198047972708991,2.1485254436370447
2010-03-26,0.8735168939563023,0.8777958783748573,0.001999451522456548,2.140079101941818
2010-03-29,0.8735310778434189,0.8778339355962685,0.002018144906476488,2.132085629253498
2010-03-30,0.8735452617305354,0.8778719928176799,0.0020365675456668945,2.124521279124926
2010-03-31,0.8735594456176518,0.8779100500390913,0.0020547267225190465,2.117364014279131
2010-04-01,0.8735736295047684,0.8779481072605025,0.0020726293619573065,2.1105933535570043
2010-04-05,0.8735878133918848,0.8779481072605025,0.002090282055490296,2.085983495464177
2010-04-06,0.8736019972790012,0.8779481072605025,0.0021076910832959904,2.0620241817908624
2010-04-07,0.8736161811661178,0.8779481072605025,0.00212486243445302,2.038685434005439
2010-04-08,0.8736303650532341,0.8779481072605025,0.002141801825505176,2.0159391760019787
2010-04-09,0.8736445489403506,0.8779481072605025,0.002158514717524181,1.993759081285363
2010-04-12,0.8736587328274671,0.8779481072605025,0.002175006331816803,1.972120434910412
2010-04-13,0.8736767587046018,0.8780273461974927,0.002201452699887527,1.9762348258098525
2010-04-14,0.8736947845817364,0.8781065851344828,0.0022274386596821166,1.980660851677949
2010-04-15,0.8737128104588711,0.8781858240714729,0.0022529801423573034,1.9853764036827015
2010-04-16,0.8737308363360058,0.8782650630084631,0.002278092098110103,1.9903614415847648
2010-04-19,0.8737488622131404,0.8783443019454532,0.0023027885789825638,1.9955977610168598
2010-04-20,0.873766888090275,0.8784235408824433,0.002327082812862246,2.001068791548833
2010-04-21,0.8737849139674098,0.8785027798194335,0.0023509872697976652,2.0067594208750243
2010-04-22,0.8738029398445444,0.8785820187564236,0.002374513721583428,2.0126558412525557
2010-04-23,0.873820965721679,0.8786612576934139,0.0023976732954326305,2.0187454149634196
2010-04-26,0.8738389915988136,0.8787404966304041,0.002420476522439134,2.025016556099951
2010-04-27,0.8738570174759482,0.8788197355673941,0.002442933381435688,2.0314586264032064
2010-04-28,0.8738750433530829,0.8788989745043843,0.0024650533387722165,2.038061843239342
2010-04-29,0.8738930692302176,0.8789782134413744,0.0024868453844694056,2.044817198091215
2010-04-30,0.8739110951073523,0.8790574523783646,0.002508318065143854,2.051716384188768
2010-05-03,0.8739291209844869,0.8791366913153547,0.0025294795140508087,2.0587517321016398
2010-05-04,0.8739471468616217,0.8791366913153547,0.002550337478547478,2.0348461712951984
2010-05-05,0.8739651727387563,0.8791366913153547,0.002570899345242942,2.0115601126770963
2010-05-06,0.8739831986158909,0.8791366913153547,0.002591172163068822,1.9888654150098126
2010-05-07,0.8740012244930256,0.8791366913153547,0.0026111626644773427,1.9667356967808607
2010-05-10,0.8740192503701602,0.8791366913153547,0.0026308772849495585,1.945146196848411
2010-05-11,0.8740372762472948,0.8791366913153547,0.002650322180975776,1.9240736483526022
2010-05-12,0.8740689576700207,0.8792754427184503,0.0026881328254212576,1.9368406944748602
2010-05-13,0.8741006390927465,0.8794141941215459,0.0027250491900956495,1.9498932526105597
2010-05-14,0.8741323205154723,0.8795529455246415,0.002761107145145447,1.9632070485564714
2010-05-17,0.8741640019381981,0.879691696927737,0.0027963398975632656,1.976760763008713
2010-05-18,0.874195683360924,0.8798304483308326,0.0028307782597076785,1.9905356241115237
2010-05-19,0.8742273647836498,0.8799691997339282,0.0028644508838103233,2.0045150652541497
2010-05-20,0.8742590462063756,0.8801079511370239,0.0028973844675997786,2.0186844362748855
2010-05-21,0.8742907276291014,0.8802467025401194,0.0029296039352809736,2.0330307586259884
2010-05-24,0.8743224090518273,0.8803854539432149,0.002961132597392033,2.0475425169164865
2010-05-25,0.874354090474553,0.8805242053463106,0.002991992292480082,2.0622094807079567
2010-05-26,0.874385771897279,0.8806629567494062,0.003022203513064822,2.077022551589037
2010-05-27,0.8744174533200048,0.8808017081525017,0.003051785517971584,2.0919736314694655
2010-05-28,0.8744491347427307,0.8809404595555973,0.0030807564327968925,2.107055508758094
2010-06-01,0.8744808161654564,0.881079210958693,0.0031091333400059223,2.1222617596786897
2010-06-02,0.8745124975881823,0.8812179623617885,0.003136932359942104,2.137586662445596
2010-06-03,0.8745441790109081,0.8812179623617885,0.0031641687238461386,2.1091742992669014
2010-06-04,0.8745758604336339,0.8812179623617885,0.003190856839828272,2.0816044910720874
2010-06-07,0.8746075418563596,0.8812179623617885,0.003217010352608496,2.0548334574269873
2010-06-08,0.8746392232790855,0.8812179623617885,0.0032426421977301504,2.0288205363231655
2010-06-09,0.8746709047018113,0.8812179623617885,0.00326776465085979,2.003527903472055
2010-06-10,0.8747025861245371,0.8812179623617885,0.0032923893727073044,1.9789203218979725
2010-06-11,0.8747458039923178,0.8813469069886015,0.0033314633665797334,1.9814424683471017
2010-06-14,0.8747890218600983,0.8814758516154145,0.0033695278739426892,1.9845005013987123
2010-06-15,0.8748322397278792,0.8816047962422275,0.0034066167340571062,1.988059427595958
2010-06-16,0.8748754575956597,0.8817337408690405,0.003442761479002905,1.9920878385589451
2010-06-17,0.8749186754634403,0.8818626854958536,0.003477991543825521,1.9965574800608694
2010-06-18,0.8749618933312209,0.8819916301226666,0.003512334452412609,2.0014428827007054
2010-06-21,0.8750051111990015,0.8821205747494797,0.0035458159824438905,2.006721044100546
2010-06-22,0.8750483290667821,0.8822495193762926,0.003578460312225312,2.0123711544064444
2010-06-23,0.8750915469345628,0.8823784640031056,0.003610290151782266,2.018374358344995
2010-06-24,0.8751347648023435,0.8825074086299186,0.003641326860226579,2.0247135482685885
2010-06-25,0.875177982670124,0.8826363532567316,0.0036715905511135486,2.0313731835772253
2010-06-28,0.8752212005379046,0.8827652978835446,0.003701100187256787,2.0383391326760023
2010-06-29,0.8752644184056853,0.8828942425103576,0.003729873666260742,2.04559853425851
2010-06-30,0.875307636273466,0.8830231871371707,0.003757927897856167,2.053139675220024
2010-07-01,0.8753508541412466,0.8831521317639837,0.0037852788739765513,2.0609518829299884
2010-07-02,0.8753940720090272,0.8831521317639837,0.003811941732388876,2.0351989352404485
2010-07-06,0.8754372898768077,0.8831521317639837,0.003837930814586138,2.0101565817329354
2010-07-07,0.8754805077445884,0.8831521317639837,0.003863259718558788,1.985790389018214
2010-07-08,0.875523725612369,0.8831521317639837,0.0038879413469849605,1.962068218320823
2010-07-09,0.8755669434801497,0.8831521317639837,0.003911987951313083,1.9389600321462919
2010-07-12,0.8756101613479302,0.8831521317639837,0.003935411172153353,1.9164377205156573
2010-07-13,0.875663549101654,0.8832903154342849,0.003974189428203962,1.9190746869048112
2010-07-14,0.8757169368553778,0.883428499104586,0.0040118797231370506,1.9221818153556791
2010-07-15,0.8757703246091015,0.8835666827748873,0.004048512442727536,1.9257340260348101
2010-07-16,0.8758237123628252,0.8837048664451885,0.004084116045027677,1.9297086555506848
2010-07-19,0.875877100116549,0.8838430501154896,0.004118717218250937,1.9340851961483922
2010-07-20,0.8759304878702727,0.8839812337857909,0.00415234102199137,1.9388450690538837
2010-07-21,0.8759838756239964,0.8841194174560921,0.0041850110138731186,1.9439714268676482
2010-07-22,0.8760372633777203,0.8842576011263932,0.004216749363419369,1.9494489807682187
2010-07-23,0.8760906511314439,0.8843957847966945,0.004247576954675145,1.9552638489832186
2010-07-26,0.8761440388851677,0.8845339684669956,0.004277513478904358,1.9614034235555309
2010-07-27,0.8761974266388914,0.8846721521372968,0.004306577518501315,1.9678562529055625
2010-07-28,0.8762508143926152,0.884810335807598,0.004334786623104393,1.974611938073406
2010-07-29,0.876304202146339,0.8849485194778992,0.004362157378770282,1.9816610408488107
2010-07-30,0.8763575899000627,0.8850867031482005,0.004388705470956855,1.9889950022630623
2010-08-02,0.8764109776537864,0.8852248868185016,0.004414445741968589,1.9966060701393404
2010-08-03,0.8764643654075103,0.8852248868185016,0.004439392243437605,1.9733605256308102
2010-08-04,0.8765177531612339,0.8852248868185016,0.00446355828434386,1.9507157972616593
2010-08-05,0.8765711409149576,0.8852248868185016,0.004486956475018095,1.9286449404457764
2010-08-06,0.8766245286686815,0.8852248868185016,0.004509598767519156,1.9071226938780321
2010-08-09,0.8766779164224051,0.8852248868185016,0.004531496492732302,1.886125347289647
2010-08-10,0.8767313041761289,0.8852248868185016,0.004552660394495882,1.8656306217440282
2010-08-11,0.8767949878059703,0.8853516019536305,0.004585382206060773,1.8660634518863863
2010-08-12,0.8768586714358116,0.8854783170887595,0.004616990335566148,1.8669403716416597
2010-08-13,0.8769223550656529,0.8856050322238882,0.004647507505832428,1.8682438161399295
2010-08-16,0.8769860386954942,0.885731747359017,0.004676955072462359,1.8699578097333227
2010-08-17,0.8770497223253356,0.8858584624941461,0.00470535311723776,1.8720678234626529
2010-08-18,0.877113405955177,0.8859851776292749,0.004732720532735049,1.8745606491518108
2010-08-19,0.8771770895850182,0.8861118927644037,0.004759075099118506,1.8774242879757228
2010-08-20,0.8772407732148596,0.8862386078995325,0.004784433553946883,1.8806478516668204
2010-08-23,0.8773044568447009,0.8863653230346615,0.004808811655723364,1.884221474795445
2010-08-24,0.8773681404745423,0.8864920381697903,0.004832224241828399,1.8881362367810464
2010-08-25,0.8774318241043836,0.8866187533049191,0.004854685281396962,1.8923840924847664
2010-08-26,0.8774955077342249,0.8867454684400481,0.004876207923634476,1.8969578103898268
2010-08-27,0.8775591913640662,0.8868721835751769,0.004896804542007377,1.901850917515481
2010-08-30,0.8776228749939076,0.8869988987103058,0.004916486774693652,1.907057650324393
2010-08-31,0.8776865586237489,0.8871256138454346,0.004935265561634572,1.9125729109822243
2010-09-01,0.8777502422535902,0.8871256138454346,0.004953151178490305,1.8928094972263683
2010-09-02,0.8778139258834315,0.8871256138454346,0.004970153267768378,1.8735212900555263
2010-09-03,0.8778776095132728,0.8871256138454346,0.004986280867364229,1.8546898135424175
2010-09-07,0.8779412931431142,0.8871256138454346,0.005001542436727047,1.8362976658717631
2010-09-08,0.8780049767729555,0.8871256138454346,0.005015945880840979,1.8183284447538626
2010-09-09,0.8780686604027969,0.8871256138454346,0.005029498572191341,1.8007666793494488
2010-09-10,0.8781353653436663,0.8872245391427068,0.005057419185514315,1.7971960530924789
2010-09-13,0.8782020702845357,0.8873234644399789,0.005084307936729863,1.794028660134606
2010-09-14,0.878268775225405,0.8874223897372508,0.005110181114220189,1.7912505070268252
2010-09-15,0.8783354801662743,0.8875213150345229,0.005135054069036036,1.7888487141038087
2010-09-16,0.8784021851071437,0.8876202403317951,0.005158941268406419,1.7868114299154998
2010-09-17,0.8784688900480131,0.8877191656290672,0.005181856344685999,1.7851277545623663
2010-09-20,0.8785355949888826,0.8878180909263392,0.005203812140172885,1.7837876709262375
2010-09-21,0.8786022999297519,0.8879170162236113,0.005224820748179911,1.7827819829233766
2010-09-22,0.8786690048706214,0.8880159415208835,0.005244893550699031,1.7821022600194334
2010-09-23,0.8787357098114907,0.8881148668181555,0.0052640412529604795,1.781740787344704
2010-09-24,0.87880241475236,0.8882137921154276,0.005282273915155065,1.7816905208315672
2010-09-27,0.8788691196932295,0.8883127174126997,0.0052996009815587004,1.7819450468689273
2010-09-28,0.8789358246340988,0.8884116427099719,0.005316031307272436,1.7824985460318767
2010-09-29,0.8790025295749683,0.8885105680072439,0.0053315731827684645,1.7833457604981289
2010-09-30,0.8790692345158376,0.888609493304516,0.005346234356412322,1.7844819648124284
2010-10-01,0.879135939456707,0.888609493304516,0.005360022055113534,1.7674468034643838
2010-10-04,0.8792026443975762,0.888609493304516,0.00537294300324096,1.7507814434781004
2010-10-05,0.8792693493384457,0.888609493304516,0.005385003439924704,1.7344731661305868
2010-10-06,0.8793360542793152,0.888609493304516,0.005396209134853673,1.7185099378940767
2010-10-07,0.8794027592201845,0.888609493304516,0.005406565402666281,1.702880368337193
2010-10-08,0.879469464161054,0.888609493304516,0.005416077116021356,1.6875736714355112
2010-10-11,0.8795373514782073,0.8886189722260642,0.005424809493271745,1.6740902623623202
2010-10-12,0.8796052387953607,0.8886284511476125,0.0054326761960952095,1.660914810041009
2010-10-13,0.879673126112514,0.8886379300691608,0.005439680980229907,1.648038550280551
2010-10-14,0.8797410134296675,0.888647408990709,0.005445827171647824,1.6354532158879767
2010-10-15,0.8798089007468209,0.8886568879122573,0.005451117674566171,1.6231510111622205
2010-10-18,0.8798767880639743,0.8886663668338055,0.005455554978387159,1.61112458854364
2010-10-19,0.8799446753811276,0.8886758457553537,0.005459141163605258,1.5993670272596459
2010-10-20,0.8800125626982812,0.8886853246769021,0.005461877906714965,1.5878718138240286
2010-10-21,0.8800804500154346,0.8886948035984503,0.005463766484146258,1.5766328242634995
2010-10-22,0.8801483373325878,0.8887042825199986,0.0054648077752493815,1.5656443079592712
2010-10-25,0.8802162246497413,0.8887137614415468,0.005465002264345319,1.554900873005128
2010-10-26,0.8802841119668946,0.8887232403630951,0.005464350041853109,1.5443974729954522
2010-10-27,0.8803519992840481,0.8887327192846434,0.00546285080450015,1.5341293951669883
2010-10-28,0.8804198866012015,0.8887421982061916,0.005460503854616626,1.5240922498303744
2010-10-29,0.8804877739183549,0.8887516771277398,0.005457308098510231,1.5142819610351301
2010-11-01,0.8805556612355082,0.8887516771277398,0.0054532620439123325,1.5029565471516488
2010-11-02,0.8806235485526618,0.8887516771277398,0.0054483637964816275,1.4918476222764214
2010-11-03,0.8806914358698151,0.8887516771277398,0.00544261105534611,1.4809511787558984
2010-11-04,0.8807593231869685,0.8887516771277398,0.005436001107658729,1.470263486427736
2010-11-05,0.8808272105041218,0.8887516771277398,0.0054285308221364474,1.4597810868649106
2010-11-08,0.8808950978212753,0.8887516771277398,0.005420196641546424,1.4495007886324596
2010-11-09,0.8809061711144471,0.8878708260753067,0.005406319625062063,1.288243286352047
2010-11-10,0.8809172444076191,0.8869899750228734,0.0053923840674560165,1.1261680435383408
2010-11-11,0.8809283177007912,0.8861091239704402,0.005378389513683256,0.9632634929970072
2010-11-12,0.8809393909939631,0.8852282729180069,0.005364335502013715,0.7995178382175671
2010-11-15,0.8809504642871349,0.8843474218655737,0.005350221563893751,0.6349190473462587
2010-11-16,0.8809615375803068,0.8834665708131405,0.005336047223803858,0.46945484696215767
2010-11-17,0.8809726108734788,0.8825857197607073,0.0053218119991125445,0.3031127156497715
2010-11-18,0.8809836841666507,0.8817048687082741,0.00530751539992621,0.1358798773590794
2010-11-19,0.8809947574598227,0.880824017655841,0.005293156928934916,-0.032256705454622045
2010-11-22,0.8810058307529945,0.8799431666034077,0.005278736081253899,-0.2013103389200823
2010-11-23,0.8810169040461665,0.8790623155509745,0.005264252344260678,-0.3712946050777776
2010-11-24,0.8810279773393385,0.8781814644985412,0.005249705197427618,-0.5422233694555065
2010-11-26,0.8810390506325104,0.877300613446108,0.005235094112149777,-0.7141107889017975
2010-11-29,0.8810501239256823,0.8764197623936746,0.005220418551567892,-0.8869713196879611
2010-11-30,0.8810611972188542,0.8755389113412415,0.0052056779703863135,-1.0608197258892123
2010-12-01,0.8810722705120262,0.8755389113412415,0.005190871814685733,-1.0659787735713298
2010-12-02,0.8810833438051981,0.8755389113412415,0.0051759995217305,-1.071181023236061
2010-12-03,0.8810944170983701,0.8755389113412415,0.005161060519770349,-1.0764271676038786
2010-12-06,0.881105490391542,0.8755389113412415,0.005146054227836336,-1.0817179150949057
2010-12-07,0.8811165636847139,0.8755389113412415,0.005130980055530766,-1.0870539902918088
2010-12-08,0.8811276369778859,0.8755389113412415,0.005115837402810902,-1.0924361344192905
2010-12-09,0.8810754391966096,0.8745754684775754,0.005251683616746138,-1.23769274643804
2010-12-10,0.8810232414153333,0.8736120256139093,0.0053835953007291895,-1.376629443231029
2010-12-13,0.880971043634057,0.8726485827502432,0.005511854949733334,-1.50992015568488
2010-12-14,0.8809188458527808,0.871685139886577,0.005636711868190452,-1.6381369461710755
2010-12-15,0.8808666480715045,0.8707216970229109,0.005758387400681822,-1.7617694577812486
2010-12-16,0.8808144502902282,0.8697582541592449,0.005877079147067532,-1.8812399585430075
2010-12-17,0.8807622525089518,0.8687948112955788,0.0059929643932442765,-1.9969151204808784
2010-12-20,0.8807100547276756,0.8678313684319127,0.006106202928966924,-2.109115344769883
2010-12-21,0.8806578569463993,0.8668679255682465,0.006216939381559673,-2.218122219279741
2010-12-22,0.880605659165123,0.8659044827045804,0.006325305163506635,-2.324184538219579
2010-12-23,0.8805534613838467,0.8649410398409143,0.0064314201092925535,-2.4275232029042106
2010-12-27,0.8805012636025704,0.8639775969772482,0.006535393860064931,-2.5283352433112674
2010-12-28,0.8804490658212942,0.8630141541135821,0.006637327042068137,-2.626797142465288
2010-12-29,0.8803968680400179,0.862050711249916,0.006737312275217496,-2.7230676033210486
2010-12-30,0.8803446702587416,0.8610872683862498,0.0068354350408336515,-2.8172898663291472
2011-01-03,0.8802924724774653,0.8610872683862498,0.00693177443187165,-2.7706043062959145
2011-01-04,0.8802402746961892,0.8610872683862498,0.007026403804541507,-2.7258618836508948
2011-01-05,0.8801880769149129,0.8610872683862498,0.007119391346725785,-2.682927177117115
2011-01-06,0.8801358791336366,0.8610872683862498,0.007210800575832438,-2.6416776538280144
2011-01-07,0.8800836813523603,0.8610872683862498,0.007300690776512155,-2.602002132075756
2011-01-10,0.8800314835710839,0.8610872683862498,0.0073891173868945075,-2.563799462495193
2011-01-11,0.8799736897176199,0.8610577011148622,0.0074833513252373415,-2.527742956416353
2011-01-12,0.879915895864156,0.8610281338434747,0.007575970662758807,-2.493114461692398
2011-01-13,0.8798581020106919,0.8609985665720871,0.007667033913806475,-2.45982157515221
2011-01-14,0.879800308157228,0.8609689993006995,0.0077565958844303,-2.427780064490444
2011-01-18,0.8797425143037639,0.8609394320293118,0.007844707994545709,-2.396912961900636
2011-01-19,0.8796847204503,0.8609098647579242,0.007931418564887592,-2.367149777656689
2011-01-20,0.879626926596836,0.8608802974865366,0.008016773073352123,-2.3384258153213073
2011-01-21,0.879569132743372,0.860850730215149,0.008100814384630079,-2.3106815734153816
2011-01-24,0.879511338889908,0.8608211629437614,0.00818358295645993,-2.2838622209350166
2011-01-25,0.879453545036444,0.8607915956723738,0.008265117025349322,-2.2579171361801054
2011-01-26,0.8793957511829801,0.8607620284009863,0.008345452774212008,-2.2327995000550764
2011-01-27,0.879337957329516,0.8607324611295986,0.008424624484029685,-2.208465936397209
2011-01-28,0.8792801634760521,0.860702893858211,0.0085026646713632,-2.184876193037341
2011-01-31,0.879222369622588,0.8606733265868234,0.008579604213296158,-2.161992858250787
2011-02-01,0.8791645757691241,0.8606437593154358,0.008655472461188725,-2.1397811080488025
2011-02-02,0.87910678191566,0.8606437593154358,0.008730297344444204,-2.1148217376552214
2011-02-03,0.8790489880621961,0.8606437593154358,0.008804105465341069,-2.0905279723437866
2011-02-04,0.8789911942087321,0.8606437593154358,0.008876922185854362,-2.066868956284583
2011-02-07,0.8789334003552681,0.8606437593154358,0.008948771707279393,-2.043815803788423
2011-02-08,0.8788756065018041,0.8606437593154358,0.009019677143374967,-2.0213414401157066
2011-02-09,0.8788178126483402,0.8606437593154358,0.00908966058766021,-1.9994204577426002
2011-02-10,0.8787311443375599,0.8603032976692577,0.00920681805464526,-2.0015434821159004
2011-02-11,0.87864447602678,0.8599628360230797,0.009321694327742781,-2.004103475920779
2011-02-14,0.878557807716,0.8596223743769014,0.009434372737201624,-2.0070686061016465
2011-02-15,0.8784711394052199,0.8592819127307234,0.009544931121023663,-2.0104101780504555
2011-02-16,0.87838447109444,0.8589414510845452,0.009653442319803343,-2.014102261740226
2011-02-17,0.87829780278366,0.8586009894383672,0.009759974615464205,-2.018121370324487
2011-02-18,0.8782111344728799,0.858260527792189,0.00986459212148645,-2.022446182770775
2011-02-22,0.8781244661620998,0.857920066146011,0.009967355131033048,-2.0270573036153836
2011-02-23,0.8780377978513197,0.8575796044998328,0.010068320428404156,-2.031937054145739
2011-02-24,0.8779511295405398,0.8572391428536547,0.010167541568440302,-2.0370692902967233
2011-02-25,0.8778644612297598,0.8568986812074767,0.010265069127821491,-2.0424392433422005
2011-02-28,0.8777777929189796,0.8565582195612985,0.010360950931647038,-2.0480333801086643
2011-03-01,0.8776911246081996,0.8562177579151204,0.010455232258208937,-2.053839279966197
2011-03-02,0.8776044562974197,0.8558772962689422,0.01054795602447409,-2.0598455262862942
2011-03-03,0.8775177879866397,0.8555368346227642,0.010639162954454504,-2.066041610413752
2011-03-04,0.8774311196758595,0.8555368346227642,0.010728891732359233,-2.040684685731363
2011-03-07,0.8773444513650795,0.8555368346227642,0.010817179142178744,-2.0160169722328334
2011-03-08,0.8772577830542995,0.8555368346227642,0.010904060195144689,-1.9920055504835783
2011-03-09,0.8771711147435195,0.8555368346227642,0.010989568246329885,-1.968619661466715
2011-03-10,0.8770844464327394,0.8555368346227642,0.01107373510150016,-1.9458305271413041
2011-03-11,0.8769977781219594,0.8555368346227642,0.011156591115197454,-1.9236111889017118
2011-03-14,0.8768585166435836,0.8546913266285651,0.01136182246177717,-1.951024150358995
2011-03-15,0.8767192551652075,0.8538458186343659,0.011561727896102712,-1.978375268505663
2011-03-16,0.8765799936868317,0.853000310640167,0.011756579102078508,-2.0056585203850594
2011-03-17,0.8764407322084559,0.8521548026459679,0.011946623387914789,-2.0328697719772135
2011-03-18,0.8763014707300798,0.8513092946517687,0.012132086651159816,-2.0600063943593603
2011-03-21,0.876162209251704,0.8504637866575696,0.012313175894104729,-2.087066961046027
2011-03-22,0.8760229477733282,0.8496182786633706,0.012490081370287679,-2.114051007927859
2011-03-23,0.8758836862949524,0.8487727706691716,0.012662978426222916,-2.140958841850243
2011-03-24,0.8757444248165763,0.8479272626749724,0.012832029089699755,-2.167791387250882
2011-03-25,0.8756051633382005,0.8470817546807733,0.012997383446068999,-2.1945500627708245
2011-03-28,0.8754659018598246,0.8462362466865742,0.013159180836158845,-2.2212366816126683
2011-03-29,0.8753266403814487,0.845390738692375,0.013317550903324753,-2.247853370817612
2011-03-30,0.8751873789030727,0.8445452306981759,0.013472614512257662,-2.2744025056916755
2011-03-31,0.8750481174246969,0.843699722703977,0.01362448455826787,-2.300886656420077
2011-04-01,0.8749088559463211,0.8428542147097778,0.013773266682613734,-2.3273085445304296
2011-04-04,0.8747695944679451,0.8428542147097778,0.013919059906892038,-2.2929263881078876
2011-04-05,0.8746303329895693,0.8428542147097778,0.014061957197425805,-2.259722301359899
2011-04-06,0.8744910715111933,0.8428542147097778,0.01420204596887911,-2.2276267004585963
2011-04-07,0.8743518100328175,0.8428542147097778,0.014339408534922542,-2.196575629066543
2011-04-08,0.8742125485544415,0.8428542147097778,0.014474122512608408,-2.1665101851492166
2011-04-11,0.8740732870760657,0.8428542147097778,0.014606261186146153,-2.1373760176148795
2011-04-12,0.8738635564686117,0.8417495722782571,0.014909567671986859,-2.153917866491368
2011-04-13,0.8736538258611577,0.8406449298467363,0.015203921406806138,-2.171077785211696
2011-04-14,0.8734440952537039,0.8395402874152157,0.015489832787162885,-2.188778168514887
2011-04-15,0.87323436464625,0.8384356449836949,0.01576776106666197,-2.2069537656890676
2011-04-18,0.8730246340387962,0.8373310025521743,0.01603812127362684,-2.225549419265
2011-04-19,0.8728149034313422,0.8362263601206537,0.016301289966469797,-2.2445182795930663
2011-04-20,0.8726051728238883,0.8351217176891329,0.016557610057174373,-2.263820382610948
2011-04-21,0.8723954422164344,0.8340170752576123,0.016807394881155777,-2.2834215076276596
2011-04-25,0.8721857116089804,0.8329124328260915,0.017050931652783874,-2.303292253035148
2011-04-26,0.8719759810015265,0.8318077903945708,0.017288484416392857,-2.3234072831085455
2011-04-27,0.8717662503940726,0.83070314796305,0.017520296580108355,-2.3437447102147555
2011-04-28,0.8715565197866186,0.8295985055315293,0.017746593102485914,-2.364285585001212
2011-04-29,0.8713467891791647,0.8284938631000086,0.017967582388473714,-2.3850134733010315
2011-05-02,0.8711370585717108,0.827389220668488,0.01818345794064284,-2.4059141031387434
2011-05-03,0.8709273279642569,0.8262845782369672,0.018394399803277353,-2.426975068756285
2011-05-04,0.8707175973568029,0.8262845782369672,0.018600575830270385,-2.3887980418071693
2011-05-05,0.870507866749349,0.8262845782369672,0.018802142802447113,-2.352034498250172
2011-05-06,0.8702981361418952,0.8262845782369672,0.018999247415640835,-2.3165948072603406
2011-05-09,0.8700884055344412,0.8262845782369672,0.019192027157364133,-2.2823971088778983
2011-05-10,0.8698786749269873,0.8262845782369672,0.01938061108707401,-2.2493664670406295
2011-05-11,0.8696689443195335,0.8262845782369672,0.01956512053269736,-2.21743413285198
2011-05-12,0.869393943429414,0.8253267888912833,0.019886535084104484,-2.215929238138324
2011-05-13,0.8691189425392947,0.8243689995455994,0.020199078203496954,-2.2154448110383558
2011-05-16,0.8688439416491752,0.8234112101999155,0.0205031555941513,-2.2158897073492345
2011-05-17,0.8685689407590559,0.8224534208542315,0.020799138558899366,-2.2171841287673377
2011-05-18,0.8682939398689364,0.8214956315085475,0.021087367941351427,-2.2192579221145667
2011-05-19,0.8680189389788172,0.8205378421628636,0.02136815750182739,-2.2220491781705105
2011-05-20,0.8677439380886979,0.8195800528171797,0.021641796824182442,-2.2255030699530485
2011-05-23,0.8674689371985785,0.8186222634714956,0.021908553830931172,-2.229570883775985
2011-05-24,0.8671939363084591,0.8176644741258118,0.022168676969403237,-2.2342092065758763
2011-05-25,0.8669189354183398,0.8167066847801279,0.02242239712011217,-2.2393792407312736
2011-05-26,0.8666439345282203,0.815748895434444,0.02266992926935602,-2.245046223526313
2011-05-27,0.866368933638101,0.81479110608876,0.022911473980748585,-2.2511789329957255
2011-05-31,0.8660939327479816,0.8138333167430761,0.02314721869449457,-2.257749265458635
2011-06-01,0.8658189318578623,0.8128755273973921,0.023377338878459268,-2.264731872850343
2011-06-02,0.865543930967743,0.8119177380517082,0.023601999051207766,-2.272103850173259
2011-06-03,0.8652689300776236,0.8119177380517082,0.023821353694016344,-2.239637289769836
2011-06-06,0.8649939291875042,0.8119177380517082,0.024035548066248972,-2.2082371905771625
2011-06-07,0.8647189282973848,0.8119177380517082,0.024244718936333905,-2.1778429514621886
2011-06-08,0.8644439274072654,0.8119177380517082,0.024448995238782637,-2.1483986905210988
2011-06-09,0.864168926517146,0.8119177380517082,0.024648498666197272,-2.119852781828642
2011-06-10,0.8638939256270267,0.8119177380517082,0.02484334420395866,-2.0921574466225197
2011-06-13,0.8635992949953516,0.8117169030203837,0.02505341975546957,-2.0708706628220344
2011-06-14,0.8633046643636764,0.8115160679890591,0.025258298152131858,-2.050359690217143
2011-06-15,0.8630100337320011,0.8113152329577343,0.025458104869197754,-2.0305832284010004
2011-06-16,0.8627154031003259,0.8111143979264097,0.025652958414401274,-2.011503092171544
2011-06-17,0.8624207724686508,0.8109135628950851,0.025842970827321305,-1.9930839189398473
2011-06-20,0.8621261418369757,0.8107127278637606,0.026028248132431174,-1.9752929091356715
2011-06-21,0.8618315112053005,0.810511892832436,0.026208890750962385,-1.9580995953054647
2011-06-22,0.8615368805736253,0.8103110578011115,0.026384993876050162,-1.9414756362332108
2011-06-23,0.8612422499419501,0.8101102227697867,0.026556647815064602,-1.9253946329460325
2011-06-24,0.8609476193102749,0.8099093877384622,0.026723938302548045,-1.9098319639117827
2011-06-27,0.8606529886785997,0.8097085527071375,0.026886946786763677,-1.89476463711164
2011-06-28,0.8603583580469246,0.8095077176758129,0.027045750692502077,-1.880171156987302
2011-06-29,0.8600637274152495,0.8093068826444884,0.027200423662482535,-1.8660314045317579
2011-06-30,0.8597690967835742,0.8091060476131636,0.02735103577941704,-1.8523265290207729
2011-07-01,0.859474466151899,0.8089052125818391,0.027497653770571232,-1.8390388500774772
2011-07-05,0.8591798355202238,0.8089052125818391,0.027640341196452648,-1.818885757634458
2011-07-06,0.8588852048885488,0.8089052125818391,0.027779158625078494,-1.7991902843878325
2011-07-07,0.8585905742568736,0.8089052125818391,0.027914163793119007,-1.779933729817913
2011-07-08,0.8582959436251983,0.8089052125818391,0.02804541175507551,-1.7610984454318364
2011-07-11,0.8580013129935231,0.8089052125818391,0.02817295502153132,-1.7426677597065006
2011-07-12,0.857706682361848,0.8089052125818391,0.02829684368740751,-1.7246259094870786
2011-07-13,0.8573995831226605,0.8088339236459314,0.02841669389142789,-1.7090538280872738
2011-07-14,0.8570924838834727,0.8087626347100237,0.028532722432491258,-1.693839390468187
2011-07-15,0.8567853846442851,0.8086913457741163,0.028644975750399898,-1.6789694391519048
2011-07-18,0.8564782854050975,0.8086200568382086,0.028753498060468057,-1.6644315229487552
2011-07-19,0.8561711861659099,0.808548767902301,0.0288583314543065,-1.6502138503403414
2011-07-20,0.8558640869267223,0.8084774789663933,0.028959515993552537,-1.6363052466373755
2011-07-21,0.8555569876875347,0.8084061900304856,0.029057089797086842,-1.622695114559486
2011-07-22,0.8552498884483472,0.8083349010945782,0.029151089122227403,-1.6093733979220963
2011-07-25,0.8549427892091596,0.8082636121586705,0.029241548440345207,-1.5963305481485648
2011-07-26,0.854635689969972,0.8081923232227628,0.029328500507305167,-1.5835574933550052
2011-07-27,0.8543285907307844,0.8081210342868551,0.029411976429099037,-1.571045609781373
2011-07-28,0.8540214914915967,0.8080497453509474,0.0294920057230038,-1.5587866953650844
2011-07-29,0.853714392252409,0.8079784564150397,0.02956861637456907,-1.5467729452740004
2011-08-01,0.8534072930132215,0.8079071674791323,0.029641834890710005,-1.5349969292335992
2011-08-02,0.8531001937740339,0.8078358785432246,0.029711686349157725,-1.5234515704993796
2011-08-03,0.8527930945348462,0.8078358785432246,0.029778194444496992,-1.5097361284082051
2011-08-04,0.8524859952956587,0.8078358785432246,0.029841381531000733,-1.4962483122991252
2011-08-05,0.8521788960564711,0.8078358785432246,0.02990126866245252,-1.482981140827939
2011-08-08,0.8518717968172834,0.8078358785432246,0.029957875629131527,-1.4699279354520582
2011-08-09,0.8515646975780958,0.8078358785432246,0.03001122099211883,-1.45708230419398
2011-08-10,0.8512575983389084,0.8078358785432246,0.030061322115070198,-1.4444381264893136
2011-08-11,0.8509929984782703,0.8086765832379879,0.0300377998253607,-1.408772129993188
2011-08-12,0.8507283986176324,0.8095172879327512,0.030011917055482704,-1.3731582227384747
2011-08-15,0.8504637987569945,0.8103579926275145,0.02998366769253241,-1.3375884011504227
2011-08-16,0.8501991988963565,0.8111986973222779,0.029953045040555612,-1.3020546499119878
2011-08-17,0.8499345990357186,0.8120394020170413,0.02992004181249081,-1.266548932523786
2011-08-18,0.8496699991750806,0.8128801067118047,0.029884650121344013,-1.2310631817302113
2011-08-19,0.8494053993144427,0.8137208114065679,0.02984686147057005,-1.1955892897838152
2011-08-22,0.8491407994538047,0.8145615161013313,0.029806666743632283,-1.1601190985188141
2011-08-23,0.8488761995931667,0.8154022207960946,0.02976405619271026,-1.1246443892035962
2011-08-24,0.8486115997325289,0.816242925490858,0.029719019426521744,-1.089156872140423
2011-08-25,0.848346999871891,0.8170836301856212,0.02967154539722263,-1.0536481759792706
2011-08-26,0.8480824000112529,0.8179243348803845,0.02962162238634497,-1.0181098367107233
2011-08-29,0.847817800150615,0.8187650395751479,0.029569237989729918,-0.982533286301048
2011-08-30,0.8475532002899772,0.8196057442699112,0.02951437910140859,-0.9469098409301173
2011-08-31,0.8472886004293392,0.8204464489646746,0.029457031896379934,-0.9112306887905884
2011-09-01,0.8470240005687012,0.8204464489646746,0.029397181812230385,-0.9040850165089407
2011-09-02,0.8467594007080633,0.8204464489646746,0.029334813529535462,-0.8969871827170757
2011-09-06,0.8464948008474253,0.8204464489646746,0.02926991095097845,-0.8899361506899299
2011-09-07,0.8462302009867875,0.8204464489646746,0.029202457179115994,-0.8829309076275969
2011-09-08,0.8459656011261495,0.8204464489646746,0.029132434492714503,-0.8759704640495052
2011-09-09,0.8457010012655115,0.8204464489646746,0.02905982432157503,-0.8690538532294942
2011-09-12,0.8454713132393661,0.8211318930814221,0.028947856328620382,-0.8408021610180479
2011-09-13,0.8452416252132209,0.8218173371981696,0.028833616646098202,-0.8123950700517153
2011-09-14,0.8450119371870755,0.8225027813149172,0.02871707816293149,-0.7838247242441784
2011-09-15,0.8447822491609301,0.8231882254316646,0.028598212776111426,-0.7550829801260661
2011-09-16,0.8445525611347847,0.8238736695484122,0.028476991347570937,-0.7261613888201843
2011-09-19,0.8443228731086395,0.8245591136651598,0.028353383658420356,-0.697051176733551
2011-09-20,0.8440931850824941,0.8252445577819073,0.02822735836034941,-0.6677432248517876
2011-09-21,0.8438634970563488,0.8259300018986548,0.02809888292398219,-0.6382280465102699
2011-09-22,0.8436338090302034,0.8266154460154025,0.027967923583952187,-0.6084957635026538
2011-09-23,0.8434041210040579,0.8273008901321499,0.027834445280443102,-0.5785360803731334
2011-09-26,0.8431744329779127,0.8279863342488976,0.02769841159691715,-0.548338256721754
2011-09-27,0.8429447449517673,0.828671778365645,0.027559784693726268,-0.5178910773338308
2011-09-28,0.842715056925622,0.8293572224823925,0.027418525237272045,-0.48718281992319434
2011-09-29,0.8424853688994766,0.8300426665991402,0.027274592324347587,-0.4562012202554168
2011-09-30,0.8422556808733312,0.8307281107158876,0.027127943401258,-0.42493343439035225
2011-10-03,0.8420259928471859,0.8307281107158876,0.02697853417727538,-0.41877301624544155
2011-10-04,0.8417963048210406,0.8307281107158876,0.026826318531938648,-0.41258714243534955
2011-10-05,0.8415666167948952,0.8307281107158876,0.026671248415657545,-0.406374156548472
2011-10-06,0.8413369287687498,0.8307281107158876,0.02651327374302269,-0.4001323320419466
2011-10-07,0.8411072407426046,0.8307281107158876,0.026352342278159233,-0.39385986707220244
2011-10-10,0.8408775527164591,0.8307281107158876,0.02618839951138904,-0.3875548788751933
2011-10-11,0.8406782927669846,0.8312487813255036,0.026013131444448064,-0.36249043916984813
2011-10-12,0.84047903281751,0.8317694519351198,0.02583513152082794,-0.3371216003049459
2011-10-13,0.8402797728680353,0.8322901225447357,0.02565434287650253,-0.3114346121341352
2011-10-14,0.8400805129185607,0.8328107931543517,0.025470706129319794,-0.28541492832193904
2011-10-17,0.839881252969086,0.8333314637639677,0.025284159222752803,-0.25904714281439245
2011-10-18,0.8396819930196112,0.8338521343735839,0.025094637256816373,-0.2323149199713504
2011-10-19,0.8394827330701365,0.8343728049831999,0.024902072304834613,-0.20520091759369757
2011-10-20,0.8392834731206619,0.8348934755928158,0.024706393214582324,-0.1776867019689055
2011-10-21,0.8390842131711873,0.8354141462024319,0.024507525392137047,-0.14975265393106066
2011-10-24,0.8388849532217127,0.8359348168120478,0.02430539056656483,-0.12137786478211113
2011-10-25,0.8386856932722381,0.836455487421664,0.024099906533316867,-0.0925400207461781
2011-10-26,0.8384864333227634,0.83697615803128,0.023890986873929956,-0.0632152744234866
2011-10-27,0.8382871733732887,0.837496828640896,0.023678540649294918,-0.03337810146742446
2011-10-28,0.8380879134238141,0.838017499250512,0.02346247206337525,-0.003001140421682953
2011-10-31,0.8378886534743394,0.8385381698601281,0.023242680093813414,0.02794498668686575
2011-11-01,0.8376893935248647,0.8385381698601281,0.023019058085342468,0.03687276569339003
2011-11-02,0.8374901335753901,0.8385381698601281,0.022791493301311444,0.04598366025790968
2011-11-03,0.8372908736259155,0.8385381698601281,0.022559866427916023,0.05528828099217705
2011-11-04,0.8370916136764409,0.8385381698601281,0.02232405102487975,0.06479810416465201
2011-11-07,0.8368923537269662,0.8385381698601281,0.022083912915327995,0.0745255670710198
2011-11-08,0.8366930937774916,0.8385381698601281,0.02183930950640337,0.08448417666756024
2011-11-09,0.8365600502913452,0.838769755391609,0.021703419924833264,0.10181368226375664
2011-11-10,0.8364270068051988,0.83900134092309,0.021565850110116556,0.11937086202243362
2011-11-11,0.8362939633190521,0.8392329264545708,0.02142656769834065,0.13716443888240076
2011-11-14,0.8361609198329059,0.8394645119860518,0.02128553907027801,0.15520359349314605
2011-11-15,0.8360278763467595,0.8396960975175328,0.02114272928252841,0.1734979964864164
2011-11-16,0.835894832860613,0.8399276830490137,0.02099810199369059,0.19205784359045822
2011-11-17,0.8357617893744665,0.8401592685804946,0.020851619385116767,0.21089389388945246
2011-11-18,0.8356287458883201,0.8403908541119754,0.02070324207575513,0.23001751156800934
2011-11-21,0.8354957024021737,0.8406224396434563,0.020552929030531242,0.24944071152422154
2011-11-22,0.8353626589160273,0.8408540251749373,0.02040063746165757,0.2691762092841889
2011-11-23,0.8352296154298808,0.8410856107064183,0.02024632272219117,0.28923747570806746
2011-11-25,0.8350965719437344,0.8413171962378992,0.02008993819108059,0.3096387970435174
2011-11-28,0.8349635284575879,0.8415487817693801,0.019931435148853646,0.3303953409582205
2011-11-29,0.8348304849714415,0.8417803673008611,0.019770762642995706,0.3515232292711679
2011-11-30,0.8346974414852952,0.842011952832342,0.019607867341951964,0.37303961820452564
2011-12-01,0.8345643979991488,0.842011952832342,0.019442693376553934,0.38305160138842703
2011-12-02,0.8344313545130023,0.842011952832342,0.01927518216751785,0.3932828366267963
2011-12-05,0.8342983110268558,0.842011952832342,0.01910527223748716,0.40374414505075457
2011-12-06,0.8341652675407094,0.842011952832342,0.018932899005889018,0.41444711077748236
2011-12-07,0.8340322240545629,0.842011952832342,0.018757994564640564,0.42540415236184864
2011-12-08,0.8338991805684166,0.842011952832342,0.018580487432469914,0.43662860263547654
2011-12-09,0.833843740115325,0.8423522409239972,0.018519784586862282,0.4594276336620022
2011-12-12,0.8337882996622334,0.8426925290156525,0.018458714941201278,0.4823861997859954
2011-12-13,0.8337328592091419,0.8430328171073077,0.0183972748427154,0.5055073633282303
2011-12-14,0.8336774187560503,0.8433731051989629,0.01833546056736581,0.5287942676591068
2011-12-15,0.8336219783029586,0.8437133932906182,0.018273268317889387,0.5522501400463882
2011-12-16,0.833566537849867,0.8440536813822734,0.01821069422177171,0.5758782946269326
2011-12-19,0.8335110973967754,0.8443939694739286,0.018147734329146854,0.5996821355090243
2011-12-20,0.833455656943684,0.8447342575655838,0.01808438461062076,0.6236651600119195
2011-12-21,0.8334002164905924,0.845074545657239,0.018020640955014745,0.6478309620501025
2011-12-22,0.8333447760375007,0.8454148337488944,0.017956499167025526,0.6721832356698224
2011-12-23,0.8332893355844092,0.8457551218405496,0.017891954964797955,0.696725778746176
2011-12-27,0.8332338951313175,0.8460954099322049,0.017827003977406414,0.7214624968495996
2011-12-28,0.8331784546782259,0.8464356980238601,0.017761641742240663,0.7463974072906696
2011-12-29,0.8331230142251344,0.8467759861155153,0.01769586370229167,0.7715346433535679
2011-12-30,0.8330675737720428,0.8471162742071705,0.01762966520333264,0.7968784587283045
2012-01-03,0.8330121333189513,0.8471162742071705,0.017563041490990326,0.8030579951345271
2012-01-04,0.8329566928658596,0.8471162742071705,0.017495987707701267,0.8093044861410271
2012-01-05,0.832901252412768,0.8471162742071705,0.017428498889547426,0.8156193992660954
2012-01-06,0.8328458119596766,0.8471162742071705,0.017360569962965325,0.8220042474375331
2012-01-09,0.8327903715065849,0.8471162742071705,0.017292195741322382,0.8284605908289415
2012-01-10,0.8327349310534933,0.8471162742071705,0.01722337092135387,0.834990038787759
2012-01-11,0.832689914773361,0.8472618330414969,0.01716486123341369,0.8489388914936168
2012-01-12,0.8326448984932284,0.8474073918758233,0.0171060324842457,0.8629992604182637
2012-01-13,0.8325998822130961,0.8475529507101497,0.01704688137061148,0.8771732595518852
2012-01-17,0.8325548659329636,0.8476985095444761,0.016987404525036873,0.8914630595387953
2012-01-18,0.8325098496528313,0.8478440683788027,0.016927598514044944,0.9058708896745453
2012-01-19,0.8324648333726987,0.8479896272131291,0.0168674598363257,0.9203990399903744
2012-01-20,0.8324198170925664,0.8481351860474554,0.016806984920839776,0.9350498634292685
2012-01-23,0.8323748008124339,0.8482807448817818,0.016746170124853067,0.9498257781187768
2012-01-24,0.8323297845323016,0.8484263037161083,0.01668501173189932,0.9647292697452838
2012-01-25,0.8322847682521691,0.8485718625504347,0.01662350594966733,0.9797628940356903
2012-01-26,0.8322397519720368,0.8487174213847611,0.016561648907809368,0.9949292793518016
2012-01-27,0.8321947356919044,0.8488629802190876,0.01649943665566713,1.0102311294039286
2012-01-30,0.832149719411772,0.849008539053414,0.016436865159911482,1.0256712260899774
2012-01-31,0.8321047031316395,0.8491540978877404,0.01637393030209187,1.04125243246716
2012-02-01,0.8320596868515071,0.8492996567220669,0.01631062787609121,1.0569776958636163
2012-02-02,0.8320146705713747,0.8492996567220669,0.016246953585481675,1.063890904824034
2012-02-03,0.8319696542912423,0.8492996567220669,0.016182903040776672,1.0708834123987239
2012-02-06,0.8319246380111098,0.8492996567220669,0.016118471756573965,1.077956953572263
2012-02-07,0.8318796217309774,0.8492996567220669,0.01605365514858461,1.0851133171765759
2012-02-08,0.831834605450845,0.8492996567220669,0.01598844853054206,1.0923543480694287
2012-02-09,0.8317895891707124,0.8492996567220669,0.01592284711098548,1.0996819494218397
2012-02-10,0.8317576469578037,0.8491788394052444,0.015883042960675695,1.0968422417903942
2012-02-13,0.8317257047448949,0.849058022088422,0.01584307414997701,1.0939996353897126
2012-02-14,0.8316937625319859,0.8489372047715995,0.015802939429511796,1.091154105635037
2012-02-15,0.8316618203190771,0.848816387454777,0.015762637531965152,1.0883056278438241
2012-02-16,0.8316298781061683,0.8486955701379545,0.01572216717172169,1.085454177238429
2012-02-17,0.8315979358932593,0.8485747528211321,0.015681527044492792,1.0825997289489098
2012-02-21,0.8315659936803504,0.8484539355043097,0.01564071582693399,1.0797422580159333
2012-02-22,0.8315340514674416,0.8483331181874872,0.01559973217625216,1.0768817393941688
2012-02-23,0.8315021092545327,0.8482123008706648,0.015558574729802195,1.074018147955672
2012-02-24,0.8314701670416239,0.8480914835538423,0.015517242104672814,1.0711514584935902
2012-02-27,0.8314382248287151,0.8479706662370198,0.015475732897261153,1.0682816457261637
2012-02-28,0.8314062826158062,0.8478498489201975,0.015434045682835733,1.0654086843009882
2012-02-29,0.8313743404028973,0.847729031603375,0.01539217901508745,1.0625325487994142
2012-03-01,0.8313423981899885,0.8476082142865525,0.01535013142566817,1.0596532137415267
2012-03-02,0.8313104559770795,0.8474873969697301,0.015307901423716496,1.0567706535912003
2012-03-05,0.8312785137641707,0.8474873969697301,0.015265487495370282,1.0617992521021804
2012-03-06,0.8312465715512619,0.8474873969697301,0.015222888103265435,1.066868869316879
2012-03-07,0.831214629338353,0.8474873969697301,0.015180101686020521,1.0719801466391234
2012-03-08,0.8311826871254441,0.8474873969697301,0.015137126657706699,1.0771337396443637
2012-03-09,0.8311507449125353,0.8474873969697301,0.015093961407302438,1.0823303184869124
2012-03-12,0.8311188026996263,0.8474873969697301,0.015050604298132516,1.0875705683216157
2012-03-13,0.8311376293843813,0.8474948064562842,0.015068299436761636,1.0855357063051723
2012-03-14,0.8311564560691365,0.847502215942838,0.015085950231274261,1.0835088027677324
2012-03-15,0.8311752827538914,0.8475096254293921,0.015103556837138847,1.0814898008219778
2012-03-16,0.8311941094386465,0.847517034915946,0.01512111940871145,1.0794786441469206
2012-03-19,0.8312129361234014,0.8475244444025001,0.015138638099246692,1.077475276980849
2012-03-20,0.8312317628081565,0.847531853889054,0.01515611306090858,1.0754796441140049
2012-03-21,0.8312505894929114,0.8475392633756081,0.015173544444781207,1.0734916908816947
2012-03-22,0.8312694161776665,0.847546672862162,0.015190932400879296,1.0715113631572317
2012-03-23,0.8312882428624214,0.8475540823487161,0.015208277078158625,1.069538607345264
2012-03-26,0.8313070695471765,0.84756149183527,0.01522557862452631,1.0675733703748933
2012-03-27,0.8313258962319314,0.8475689013218239,0.015242837186850969,1.0656155996932335
2012-03-28,0.8313447229166866,0.847576310808378,0.015260052910972747,1.0636652432587639
2012-03-29,0.8313635496014415,0.847583720294932,0.01527722594171323,1.0617222495350154
2012-03-30,0.8313823762861966,0.847591129781486,0.015294356422885222,1.0597865674841953
2012-04-02,0.8314012029709514,0.84759853926804,0.015311444497302401,1.0578581465610384
2012-04-03,0.8314200296557064,0.84759853926804,0.015328490306788869,1.0554535566472742
2012-04-04,0.8314388563404616,0.84759853926804,0.01534549399218857,1.0530571994491864
2012-04-05,0.8314576830252165,0.84759853926804,0.015362455693374596,1.0506690183513154
2012-04-09,0.8314765097099716,0.84759853926804,0.015379375549258376,1.0482889572747214
2012-04-10,0.8314953363947265,0.84759853926804,0.01539625369779876,1.0459169606704892
2012-04-11,0.8315141630794816,0.84759853926804,0.015413090276010986,1.0435529735131837
2012-04-12,0.8316048052053046,0.8477003962464622,0.015449335395348807,1.0418306437960696
2012-04-13,0.8316954473311277,0.8478022532248846,0.015484962996515288,1.0401578549061792
2012-04-16,0.8317860894569505,0.8479041102033069,0.015519977332228135,1.0385337814177324
2012-04-17,0.8318767315827738,0.8480059671817292,0.015554382544037538,1.0369576261410791
2012-04-18,0.8319673737085967,0.8481078241601515,0.015588182665198704,1.0354286191160067
2012-04-19,0.8320580158344199,0.8482096811385736,0.015621381623432039,1.033946016652351
2012-04-20,0.832148657960243,0.848311538116996,0.015653983243575937,1.0325091004160842
2012-04-23,0.832239300086066,0.8484133950954184,0.015685991250136835,1.031117176557861
2012-04-24,0.832329942211889,0.8485152520738406,0.015717409269740978,1.0297695748822528
2012-04-25,0.832420584337712,0.848617109052263,0.01574824083349207,1.0284656480554617
2012-04-26,0.8325112264635351,0.8487189660306851,0.0157784893792388,1.0272047708493528
2012-04-27,0.8326018685893581,0.8488208230091076,0.01580815825375598,1.0259863394203954
2012-04-30,0.8326925107151812,0.8489226799875298,0.015837250714842908,1.024809770621197
2012-05-01,0.8327831528410042,0.8490245369659521,0.015865769933342294,1.0236745013436919
2012-05-02,0.8328737949668273,0.8491263939443744,0.01589371899508298,1.0225799878917639
2012-05-03,0.8329644370926503,0.8491263939443744,0.01592110090274953,1.01512809638264
2012-05-04,0.8330550792184734,0.8491263939443744,0.01594791857768152,1.0077374453361032
2012-05-07,0.8331457213442963,0.8491263939443744,0.01597417486160534,1.000406765202524
2012-05-08,0.8332363634701194,0.8491263939443744,0.015999872518301067,0.9931348175480487
2012-05-09,0.8333270055959424,0.8491263939443744,0.016025014235206927,0.9859203939875915
2012-05-10,0.8334176477217655,0.8491263939443744,0.016049602624963667,0.9787623151600884
2012-05-11,0.8335498661100403,0.8488670858078807,0.01600896985130819,0.9567898397028168
2012-05-14,0.8336820844983152,0.8486077776713874,0.015967134504353636,0.9347759404796501
2012-05-15,0.83381430288659,0.8483484695348938,0.015924087105995074,0.9127158468526633
2012-05-16,0.833946521274865,0.8480891613984003,0.015879817799259812,0.8906046846579369
2012-05-17,0.8340787396631398,0.8478298532619067,0.01583431633558049,0.8684374688073823
2012-05-18,0.8342109580514145,0.8475705451254131,0.015787572061338174,0.8462090954893897
2012-05-21,0.8343431764396895,0.8473112369889197,0.015739573903630056,0.8239143339350133
2012-05-22,0.8344753948279643,0.8470519288524262,0.015690310355212577,0.8015478177131006
2012-05-23,0.8346076132162392,0.8467926207159326,0.015639769458566898,0.7791040355149812
2012-05-24,0.834739831604514,0.8465333125794391,0.015587938789029324,0.7565773213855072
2012-05-25,0.834872049992789,0.8462740044429454,0.01553480543692454,0.7339618443534063
2012-05-29,0.8350042683810638,0.846014696306452,0.015480355988634358,0.7112515974097773
2012-05-30,0.8351364867693385,0.8457553881699585,0.015424576506529026,0.6884403857781901
2012-05-31,0.8352687051576134,0.845496080033465,0.015367452507681904,0.6655218144151801
2012-06-01,0.8354009235458884,0.8452367718969714,0.015308968941281535,0.6424892746734984
2012-06-04,0.8355331419341632,0.8452367718969714,0.015249110164647597,0.6363407345108204
2012-06-05,0.835665360322438,0.8452367718969714,0.015187859917749005,0.6302014652734584
2012-06-06,0.8357975787107128,0.8452367718969714,0.015125201296113288,0.6240705826959284
2012-06-07,0.8359297970989877,0.8452367718969714,0.015061116722006359,0.6179471927460024
2012-06-08,0.8360620154872627,0.8452367718969714,0.014995587913750635,0.6118303905441224
2012-06-11,0.8361942338755374,0.8452367718969714,0.014928595853037246,0.6057192592292159
2012-06-12,0.8363207560133983,0.8449402398586919,0.014831187099570165,0.5811728884158882
2012-06-13,0.8364472781512592,0.8446437078204123,0.014732043448424043,0.5563674651007046
2012-06-14,0.8365738002891201,0.8443471757821329,0.014631129631532647,0.5312901798272526
2012-06-15,0.8367003224269809,0.8440506437438534,0.014528408762415563,0.5059274857331604
2012-06-18,0.8368268445648418,0.8437541117055739,0.014423842233802185,0.48026503815315585
2012-06-19,0.8369533667027026,0.8434575796672945,0.014317389606630801,0.4542876280729013
2012-06-20,0.8370798888405635,0.8431610476290149,0.01420900848951697,0.4279791086716507
2012-06-21,0.8372064109784244,0.8428645155907354,0.014098654407670708,0.401322314080736
2012-06-22,0.8373329331162853,0.8425679835524559,0.01398628066010981,0.374298969353691
2012-06-25,0.8374594552541462,0.8422714515141764,0.013871838163864673,0.3468895904916998
2012-06-26,0.8375859773920071,0.8419749194758969,0.013755275283694064,0.3190733731874145
2012-06-27,0.8377124995298678,0.8416783874376174,0.013636537645627606,0.2908280687378998
2012-06-28,0.8378390216677287,0.8413818553993377,0.013515567932413887,0.2621298453254318
2012-06-29,0.8379655438055896,0.8410853233610583,0.013392305658677,0.23295313256589104
2012-07-02,0.8380920659434505,0.8407887913227788,0.013266686923261252,0.20327044686642728
2012-07-03,0.8382185880813114,0.8407887913227788,0.013138644135864701,0.1956216497599994
2012-07-05,0.8383451102191722,0.8407887913227788,0.013008105714615574,0.1878583367339136
2012-07-06,0.8384716323570331,0.8407887913227788,0.012874995750717688,0.17997357130129746
2012-07-09,0.838598154494894,0.8407887913227788,0.012739233635664444,0.1719598596380187
2012-07-10,0.838724676632755,0.8407887913227788,0.012600733645774432,0.1638090882681314
2012-07-11,0.8388511987706158,0.8407887913227788,0.012459404477908283,0.15551245291045956
2012-07-12,0.8389787035027102,0.8407340099699969,0.012304183357036688,0.14265932295968853
2012-07-13,0.8391062082348048,0.8406792286172149,0.012145635091181339,0.12951322599443754
2012-07-16,0.8392337129668994,0.8406244472644331,0.01198362762262712,0.11605286323381134
2012-07-17,0.839361217698994,0.840569665911651,0.011818018690649766,0.10225472173378714
2012-07-18,0.8394887224310884,0.8405148845588691,0.011648654690237925,0.08809275878361264
2012-07-19,0.8396162271631831,0.8404601032060871,0.011475369360389065,0.07353802883390795
2012-07-20,0.8397437318952775,0.8404053218533052,0.011297982269742218,0.05855824006730101
2012-07-23,0.8398712366273721,0.8403505405005232,0.011116297059837965,0.0431172242493203
2012-07-24,0.8399987413594666,0.8402957591477412,0.01093009939674906,0.027174298923847373
2012-07-25,0.8401262460915613,0.8402409777949593,0.010739154569525733,0.010683494930188707
2012-07-26,0.8402537508236557,0.8401861964421773,0.010543204657911939,-0.006407385958095272
2012-07-27,0.8403812555557503,0.8401314150893954,0.010341965170806074,-0.024157929583844
2012-07-30,0.8405087602878448,0.8400766337366133,0.010135121029115296,-0.04263654572945961
2012-07-31,0.8406362650199393,0.8400218523838315,0.009922321729341552,-0.061922265057263295
2012-08-01,0.8407637697520339,0.8399670710310495,0.009703175473596842,-0.0821070095199564
2012-08-02,0.8408912744841285,0.8399670710310495,0.0094772419821042,-0.09751818670707592
2012-08-03,0.8410187792162229,0.8399670710310495,0.009244023607088241,-0.113771689674935
2012-08-06,0.8411462839483175,0.8399670710310495,0.009002954229282203,-0.13098066337298112
2012-08-07,0.841273788680412,0.8399670710310495,0.008753385219776132,-0.1492814055995516
2012-08-08,0.8414012934125067,0.8399670710310495,0.008494567458213483,-0.16883995430166607
2012-08-09,0.8415287981446011,0.8399670710310495,0.008225627960440648,-0.18986114143046695
2012-08-10,0.8416063884256259,0.8399692129478412,0.008117478292716144,-0.2016852301599232
2012-08-13,0.8416839787066507,0.8399713548646328,0.00800711332805403,-0.2138877984925546
2012-08-14,0.8417615689876756,0.8399734967814244,0.007894440156865527,-0.22649765793666654
2012-08-15,0.8418391592687003,0.8399756386982162,0.007779358486328378,-0.23954681787182136
2012-08-16,0.8419167495497252,0.8399777806150079,0.007661759788308137,-0.25307096388953676
2012-08-17,0.8419943398307499,0.8399799225317996,0.0075415263160125345,-0.2671100271404126
2012-08-20,0.8420719301117747,0.8399820644485914,0.0074185299637415675,-0.2817088659610041
2012-08-21,0.8421495203927996,0.8399842063653828,0.0072926309379538175,-0.2969180870167904
2012-08-22,0.8422271106738244,0.8399863482821746,0.007163676199963168,-0.3127950411356325
2012-08-23,0.8423047009548491,0.8399884901989663,0.007031497630312062,-0.3294050396743214
2012-08-24,0.8423822912358739,0.839990632115758,0.006895909851404482,-0.34682285175593713
2012-08-27,0.8424598815168989,0.8399927740325498,0.00675670762714789,-0.36513456264356503
2012-08-28,0.8425374717979236,0.8399949159493413,0.006613662734466235,-0.38443990125654903
2012-08-29,0.8426150620789484,0.839997057866133,0.0064665201691654975,-0.40485518398271564
2012-08-30,0.8426926523599731,0.8399991997829247,0.006314993504163624,-0.42651707801007127
2012-08-31,0.842770242640998,0.8399991997829247,0.006158759156151603,-0.44993525283505487
2012-09-04,0.8428478329220228,0.8399991997829247,0.005997449229112446,-0.47497411487377883
2012-09-05,0.8429254232030476,0.8399991997829247,0.005830642476994246,-0.5018698079446365
2012-09-06,0.8430030134840724,0.8399991997829247,0.005657852742845607,-0.5309105481661757
2012-09-07,0.8430806037650972,0.8399991997829247,0.005478513954656806,-0.5624525204600894
2012-09-10,0.843158194046122,0.8399991997829247,0.005291960333322708,-0.5969421658937226
2012-09-11,0.8431852662513752,0.8398359402267102,0.005245363206221738,-0.6385308114969651
2012-09-12,0.8432123384566285,0.8396726806704958,0.0051982068554876845,-0.6809382320743659
2012-09-13,0.8432394106618817,0.8395094211142813,0.005150475920846937,-0.7242028901645743
2012-09-14,0.843266482867135,0.8393461615580669,0.005102154276532573,-0.768365889502741
2012-09-17,0.8432935550723882,0.8391829020018523,0.005053224976525953,-0.8134712168231953
2012-09-18,0.8433206272776415,0.8390196424456379,0.005003670194643367,-0.8595660114865212
2012-09-19,0.8433476994828948,0.8388563828894233,0.004953471158861191,-0.9067008668127626
2012-09-20,0.843374771688148,0.838693123333209,0.0049026080791867745,-0.9549301676416238
2012-09-21,0.8434018438934013,0.8385298637769945,0.004851060068281551,-1.004312469404804
2012-09-24,0.8434289160986546,0.83836660422078,0.004798805053924858,-1.0549109249049742
2012-09-25,0.8434559883039078,0.8382033446645655,0.004745819682268205,-1.1067937660943468
2012-09-26,0.843483060509161,0.838040085108351,0.004692079210666032,-1.1600348494622572
2012-09-27,0.8435101327144143,0.8378768255521366,0.004637557388675104,-1.2147142752420135
2012-09-28,0.8435372049196677,0.8377135659959222,0.004582226325584137,-1.2709190925882732
2012-10-01,0.8435642771249209,0.8375503064397076,0.004526056342560056,-1.3287441052515918
2012-10-02,0.843591349330174,0.8375503064397076,0.004469015807167222,-1.3517613611430934
2012-10-03,0.8436184215354272,0.8375503064397076,0.004411070947618442,-1.3756557461393335
2012-10-04,0.8436454937406805,0.8375503064397076,0.004352185643635505,-1.4004888118424634
2012-10-05,0.8436725659459339,0.8375503064397076,0.004292321190211783,-1.4263283745371753
2012-10-08,0.843699638151187,0.8375503064397076,0.004231436029853906,-1.4532493621773286
2012-10-09,0.8437267103564403,0.8375503064397076,0.0041694854479996735,-1.4813348058801452
2012-10-10,0.8437240732975464,0.8375718614116522,0.004172988776244936,-1.4742938971981319
2012-10-11,0.8437214362386526,0.8375934163835969,0.004176487494136811,-1.4672664203253556
2012-10-12,0.8437187991797588,0.8376149713555415,0.004179981613252136,-1.4602523142364536
2012-10-15,0.8437161621208649,0.8376365263274861,0.004183471145113883,-1.4532515182946908
2012-10-16,0.8437135250619711,0.8376580812994308,0.004186956101191508,-1.446263972248734
2012-10-17,0.8437108880030774,0.8376796362713753,0.004190436492901295,-1.4392896162295121
2012-10-18,0.8437082509441833,0.8377011912433201,0.0041939123316067075,-1.4323283907467623
2012-10-19,0.8437056138852895,0.8377227462152647,0.004197383628618725,-1.4253802366865653
2012-10-22,0.8437029768263956,0.8377443011872092,0.004200850395196189,-1.4184450953074494
2012-10-23,0.8437003397675018,0.8377658561591539,0.004204312642546132,-1.41152290823786
2012-10-24,0.843697702708608,0.8377874111310984,0.004207770381824119,-1.4046136174729598
2012-10-25,0.8436950656497141,0.8378089661030432,0.004211223624134573,-1.397717165371496
2012-10-26,0.8436924285908203,0.8378305210749878,0.0042146723805311075,-1.3908334946532204
2012-11-01,0.8436897915319265,0.8378520760469323,0.004218116662016849,-1.3839625483954436
2012-11-02,0.8436871544730326,0.837873631018877,0.004221556479544763,-1.3771042700303853
2012-11-05,0.8436845174141387,0.837873631018877,0.00422499184401797,-1.375360381698529
2012-11-06,0.8436818803552447,0.837873631018877,0.004228422766290067,-1.3736207700593146
2012-11-07,0.8436792432963509,0.837873631018877,0.004231849257165442,-1.3718854157301863
2012-11-08,0.8436766062374571,0.837873631018877,0.004235271327399587,-1.370154299451472
2012-11-09,0.8436739691785632,0.837873631018877,0.004238688987699404,-1.3684274020855605
2012-11-12,0.8436713321196694,0.837873631018877,0.0042421022487235185,-1.3667047046159568
2012-11-13,0.8436591431631414,0.8379447446701035,0.004251292116922948,-1.3441556909935266
2012-11-14,0.8436469542066133,0.8380158583213299,0.00426042715147728,-1.3217209648405512
2012-11-15,0.8436347652500853,0.8380869719725564,0.0042695077043525724,-1.2993988210568466
2012-11-16,0.8436225762935571,0.8381580856237829,0.004278534122436641,-1.2771875865424023
2012-11-19,0.8436103873370292,0.8382291992750093,0.0042875067476367806,-1.2550856193954607
2012-11-20,0.8435981983805011,0.8383003129262359,0.004296425916975029,-1.2330913081343908
2012-11-21,0.8435860094239731,0.8383714265774622,0.004305291962681052,-1.2112030709442492
2012-11-23,0.8435738204674451,0.8384425402286887,0.004314105212282721,-1.1894193549445926
2012-11-26,0.843561631510917,0.838513653879915,0.004322865988694465,-1.1677386354802264
2012-11-27,0.8435494425543889,0.8385847675311416,0.004331574610303435,-1.146159415432413
2012-11-28,0.8435372535978608,0.838655881182368,0.004340231391053577,-1.124680224550854
2012-11-29,0.8435250646413328,0.8387269948335945,0.004348836640527663,-1.1032996188047584
2012-11-30,0.8435128756848047,0.8387981084848211,0.00435739066402733,-1.0820161797533236
2012-12-03,0.8435006867282768,0.8388692221360474,0.0043658937626512035,-1.0608285139345521
2012-12-04,0.8434884977717487,0.8389403357872739,0.004374346233371151,-1.0397352522709948
2012-12-05,0.8434763088152206,0.8389403357872739,0.0043827483691067206,-1.0349608615269956
2012-12-06,0.8434641198586926,0.8389403357872739,0.004391100458797818,-1.030216483058382
2012-12-07,0.8434519309021645,0.8389403357872739,0.004399402787475673,-1.0255017175818386
2012-12-10,0.8434397419456365,0.8389403357872739,0.004407655636332153,-1.020816172950126
2012-12-11,0.8434275529891084,0.8389403357872739,0.004415859282787441,-1.0161594639859204
2012-12-12,0.8434153640325803,0.8389403357872739,0.004424014000556166,-1.0115312123207238
2012-12-13,0.8433770835601596,0.8388422864119328,0.004433588305587766,-1.0228277493675895
2012-12-14,0.843338803087739,0.838744237036592,0.0044428108427192765,-1.0341574768316928
2012-12-17,0.8433005226153183,0.838646187661251,0.004451683798220074,-1.0455223607589246
2012-12-18,0.8432622421428977,0.8385481382859101,0.00446020925842028,-1.056924369207109
2012-12-19,0.843223961670477,0.8384500889105693,0.0044683892123306155,-1.068365474237137
2012-12-20,0.8431856811980564,0.8383520395352283,0.004476225554109065,-1.0798476538768036
2012-12-21,0.8431474007256357,0.8382539901598872,0.004483720085381908,-1.091372894062282
2012-12-24,0.8431091202532149,0.8381559407845462,0.004490874517426092,-1.102943190563152
2012-12-26,0.8430708397807942,0.8380578914092054,0.004497690473219414,-1.1145605508954912
2012-12-27,0.8430325593083736,0.8379598420338644,0.004504169489364501,-1.1262269962280913
2012-12-28,0.8429942788359529,0.8378617926585235,0.00451031301789213,-1.1379445632862286
2012-12-31,0.8429559983635323,0.8377637432831826,0.004516122427949016,-1.1497153062583723
2013-01-02,0.8429177178911116,0.8376656939078415,0.004521599007374799,-1.16154129870958
2013-01-03,0.8428794374186909,0.8375676445325005,0.004526743964172611,-1.1734246355064624
2013-01-04,0.8428411569462703,0.8374695951571597,0.004531558427877248,-1.1853674347583818
2013-01-07,0.8428028764738494,0.8374695951571597,0.004536043450824652,-1.1757562233492633
2013-01-08,0.8427645960014288,0.8374695951571597,0.0045402000093261174,-1.166248366457993
2013-01-09,0.8427263155290081,0.8374695951571597,0.004544029004750332,-1.156841289162779
2013-01-10,0.8426880350565875,0.8374695951571597,0.004547531264516106,-1.1475324953006374
2013-01-11,0.8426497545841668,0.8374695951571597,0.004550707542998382,-1.1383195641691353
2013-01-14,0.8426114741117462,0.8374695951571597,0.00455355852234986,-1.1292001473900126
2013-01-15,0.8425733358413598,0.8376175429856635,0.004537538129802792,-1.0921765754752453
2013-01-16,0.8425351975709736,0.8377654908141674,0.00452113798696361,-1.0549792487111285
2013-01-17,0.8424970593005872,0.8379134386426713,0.00450435394587487,-1.0175977982621829
2013-01-18,0.8424589210302009,0.8380613864711752,0.004487181698691689,-0.9800215044351487
2013-01-22,0.8424207827598147,0.838209334299679,0.004469616770958192,-0.9422392737337103
2013-01-23,0.8423826444894283,0.838357282128183,0.00445165451446873,-0.9042396143191707
2013-01-24,0.842344506219042,0.8385052299566869,0.004433290099683405,-0.8660106097341373
2013-01-25,0.8423063679486558,0.8386531777851908,0.004414518507664674,-0.8275398907314961
2013-01-28,0.8422682296782693,0.8388011256136946,0.004395334521498788,-0.7888146050354473
2013-01-29,0.8422300914078832,0.8389490734421986,0.0043757327171624625,-0.7498213848427724
2013-01-30,0.8421919531374967,0.8390970212707025,0.004355707453791518,-0.7105463118511703
2013-01-31,0.8421538148671105,0.8392449690992064,0.00433525286330405,-0.6709748795799496
2013-02-01,0.8421156765967241,0.8393929169277102,0.004314362839326211,-0.6310919527202171
2013-02-04,0.8420775383263379,0.839540864756214,0.004293031025363533,-0.5908817232246946
2013-02-05,0.8420394000559516,0.839688812584718,0.004271250802155125,-0.5503276628119327
2013-02-06,0.8420012617855652,0.839688812584718,0.0042490152741417285,-0.5442317929333347
2013-02-07,0.8419631235151789,0.839688812584718,0.004226317254971591,-0.5381306686774558
2013-02-08,0.8419249852447928,0.839688812584718,0.004203149251960187,-0.5320231393239115
2013-02-11,0.8418868469744063,0.839688812584718,0.004179503449410986,-0.5259080214416666
2013-02-12,0.8418487087040201,0.839688812584718,0.004155371690694489,-0.5197840963635033
2013-02-13,0.8418105704336338,0.839688812584718,0.0041307454589715395,-0.5136501074661116
2013-02-14,0.8417821118411466,0.839730613856601,0.004116157726394272,-0.49840120833822477
2013-02-15,0.8417536532486594,0.8397724151284841,0.004101319857558687,-0.483073300543447
2013-02-19,0.8417251946561722,0.8398142164003672,0.004086229127589866,-0.46766302038773006
2013-02-20,0.841696736063685,0.8398560176722504,0.004070882724426134,-0.45216689254886583
2013-02-21,0.841668277471198,0.8398978189441334,0.004055277745433367,-0.4365813239446535
2013-02-22,0.8416398188787109,0.8399396202160165,0.004039411193836525,-0.4209025972123246
2013-02-25,0.8416113602862236,0.8399814214878997,0.0040232799749564015,-0.40512686377030543
2013-02-26,0.8415829016937364,0.8400232227597827,0.004006880892238653,-0.3892501364277651
2013-02-27,0.8415544431012494,0.8400650240316658,0.003990210643061084,-0.3732682815062985
2013-02-28,0.8415259845087621,0.8401068253035489,0.003973265814304066,-0.3571770104341397
2013-03-01,0.8414975259162749,0.8401486265754321,0.003956042877667713,-0.34097187076952445
2013-03-04,0.8414690673237878,0.8401904278473151,0.003938538184718056,-0.3246482366056323
2013-03-05,0.8414406087313007,0.8402322291191983,0.003920747961642989,-0.30820129830432524
2013-03-06,0.8414121501388134,0.8402740303910813,0.0039026683036970725,-0.29162605150275883
2013-03-07,0.8413836915463263,0.8403158316629644,0.0038842951693125226,-0.2749172853284699
2013-03-08,0.8413552329538391,0.8403158316629644,0.0038656243738516673,-0.2688831584117431
2013-03-11,0.8413267743613518,0.8403158316629644,0.0038466515829739868,-0.26281109078400633
2013-03-12,0.8412983157688648,0.8403158316629644,0.00382737230558841,-0.2566993820971803
2013-03-13,0.8412698571763776,0.8403158316629644,0.0038077818863588666,-0.25054626075902753
2013-03-14,0.8412413985838904,0.8403158316629644,0.003787875497728102,-0.2443498793666987
2013-03-15,0.8412129399914032,0.8403158316629644,0.0037676481314214876,-0.2381083097853789
2013-03-18,0.8411878575741484,0.8403799608934188,0.003745944988273376,-0.21567232921430152
2013-03-19,0.8411627751568933,0.8404440901238733,0.0037239457568360133,-0.19299019909210244
2013-03-20,0.8411376927396382,0.840508219354328,0.0037016451580700435,-0.1700523303639587
2013-03-21,0.8411126103223833,0.8405723485847824,0.0036790377117379178,-0.14684865443950565
2013-03-22,0.8410875279051284,0.8406364778152368,0.0036561177257079785,-0.12336859032741233
2013-03-25,0.8410624454878733,0.8407006070456913,0.0036328792845073065,-0.09960100896420089
2013-03-26,0.8410373630706183,0.8407647362761457,0.003609316237057718,-0.07553419444754438
2013-03-27,0.8410122806533634,0.8408288655066002,0.003585422183522406,-0.0511558018484287
2013-03-28,0.8409871982361083,0.8408929947370548,0.0035611904611829726,-0.02645281123836401
2013-04-01,0.8409621158188534,0.8409571239675092,0.0035366141292578895,-0.0014114775210772128
2013-04-02,0.8409370334015984,0.8410212531979636,0.0035116859525635854,0.023982724395873366
2013-04-03,0.8409119509843433,0.8410853824284181,0.003486398383908273,0.0497451596109223
2013-04-04,0.8408868685670884,0.8411495116588726,0.003460743545096046,0.07589209901335367
2013-04-05,0.8408617861498333,0.841213640889327,0.003434713206404518,0.10244079151576467
2013-04-08,0.8408367037325783,0.8412777701197816,0.003408298764383073,0.12940954349788059
2013-04-09,0.8408116213153235,0.8412777701197816,0.0033814912178003202,0.1378530282746935
2013-04-10,0.8407865388980683,0.8412777701197816,0.003354281141548235,0.14644903065176648
2013-04-11,0.8407614564808134,0.8412777701197816,0.003326658658286344,0.1552048743210011
2013-04-12,0.8407363740635584,0.8412777701197816,0.0032986134075815546,0.16412837435839445
2013-04-15,0.8407112916463034,0.8412777701197816,0.003270134512267349,0.1732278814076547
2013-04-16,0.8406862092290485,0.8412777701197816,0.0032412105417092478,0.18251233084695898
2013-04-17,0.8406602586057536,0.841365041236734,0.003199273355951637,0.22029459585542463
2013-04-18,0.8406343079824586,0.8414523123536861,0.003156564905210002,0.25914384648873734
2013-04-19,0.8406083573591638,0.8415395834706385,0.0031130534463435226,0.2991359215398161
2013-04-22,0.8405824067358689,0.8416268545875909,0.0030687048217555263,0.34035461616163953
2013-04-23,0.840556456112574,0.8417141257045432,0.003023482192874042,0.3828928097204099
2013-04-24,0.8405305054892791,0.8418013968214954,0.0029773457344543833,0.4268537971621053
2013-04-25,0.8405045548659843,0.8418886679384477,0.0029302522824165636,0.47235286898982415
2013-04-26,0.8404786042426894,0.8419759390554001,0.00288215492627092,0.5195191969253636
2013-04-29,0.8404526536193945,0.8420632101723524,0.0028330025350737794,0.5684980980491777
2013-04-30,0.8404267029960996,0.8421504812893047,0.002782739203146365,0.6194537710383022
2013-05-01,0.8404007523728049,0.842237752406257,0.0027313035982855054,0.672572625981685
2013-05-02,0.84037480174951,0.8423250235232093,0.002678628190618009,0.728067366919389
2013-05-03,0.840348851126215,0.8424122946401614,0.002624638334214097,0.7861820377489254
2013-05-06,0.8403229005029201,0.8424995657571139,0.0025692511655276665,0.8471983134224874
2013-05-07,0.8402969498796252,0.8425868368740662,0.0025123742718772763,0.9114434183128144
2013-05-08,0.8402709992563304,0.8425868368740662,0.0024539040683577984,0.9437360032112416
2013-05-09,0.8402450486330355,0.8425868368740662,0.0023937238010475455,0.9783034450365115
2013-05-10,0.8402190980097406,0.8425868368740662,0.002331701065528457,1.0154555827631337
2013-05-13,0.8401931473864458,0.8425868368740662,0.0022676846885222065,1.0555653966073777
2013-05-14,0.840167196763151,0.8425868368740662,0.0022015007604850047,1.0990866568595505
2013-05-15,0.8401412461398561,0.8425868368740662,0.002132947518004259,1.1465780163678887
2013-05-16,0.840132778357695,0.842621240468621,0.002116812448827029,1.1755704253841313
2013-05-17,0.8401243105755339,0.8426556440631755,0.0021005191725968304,1.2050989682289475
2013-05-20,0.840115842793373,0.8426900476577303,0.00208406397871416,1.235185143378118
2013-05-21,0.8401073750112119,0.8427244512522851,0.002067443000977331,1.2658517017572222
2013-05-22,0.8400989072290508,0.8427588548468398,0.00205065220824879,1.2971227432371462
2013-05-23,0.8400904394468898,0.8427932584413945,0.002033687394387437,1.3290238224242241
2013-05-24,0.8400819716647286,0.8428276620359493,0.0020165441673750464,1.3615820648226724
2013-05-28,0.8400735038825676,0.8428620656305038,0.0019992179375564606,1.3948262945982233
2013-05-29,0.8400650361004066,0.8428964692250586,0.0019817039049035384,1.4287871753423087
2013-05-30,0.8400565683182456,0.8429308728196133,0.001963997045201848,1.4634973654312782
2013-05-31,0.8400481005360845,0.8429652764141681,0.0019460920950465012,1.498991689812036
2013-06-03,0.8400396327539235,0.8429996800087227,0.0019279835355190671,1.5353073303099194
2013-06-04,0.8400311649717624,0.8430340836032774,0.0019096655744009101,1.5724840368748734
2013-06-05,0.8400226971896014,0.8430684871978322,0.0018911321267591403,1.6105643625495436
2013-06-06,0.8400142294074402,0.8431028907923869,0.0018723767937192486,1.64959392538263
2013-06-07,0.8400057616252793,0.8431028907923869,0.0018533928392128398,1.6710592064351415
2013-06-10,0.8399972938431183,0.8431028907923869,0.0018341731644590496,1.6931863410969303
2013-06-11,0.8399888260609573,0.8431028907923869,0.001814710279903448,1.7160120631461322
2013-06-12,0.839980358278796,0.8431028907923869,0.0017949962742975288,1.7395760416343202
2013-06-13,0.839971890496635,0.8431028907923869,0.0017750227805540986,1.7639211902252185
2013-06-14,0.8399634227144741,0.8431028907923869,0.001754780937957564,1.789094017380241
2013-06-17,0.8399700904905585,0.8430606361326305,0.0017611105774157484,1.754884492606404
2013-06-18,0.8399767582666429,0.8430183814728742,0.0017673922934140383,1.720966656675815
2013-06-19,0.8399834260427272,0.842976126813118,0.0017736265951491424,1.6873341765260672
2013-06-20,0.8399900938188115,0.8429338721533616,0.0017798139808667213,1.6539809026090029
2013-06-21,0.8399967615948959,0.8428916174936052,0.0017859549381841228,1.6209008619515675
2013-06-24,0.8400034293709803,0.842849362833849,0.0017920499444008706,1.5880882515360009
2013-06-25,0.8400100971470646,0.8428071081740927,0.001798099466797478,1.5555374319806956
2013-06-26,0.840016764923149,0.8427648535143363,0.0018041039629231143,1.5232429215080456
2013-06-27,0.8400234326992334,0.8427225988545801,0.0018100638808726335,1.4911993901814338
2013-06-28,0.8400301004753178,0.8426803441948237,0.0018159796595534363,1.4594016543983026
2013-07-01,0.8400367682514022,0.8426380895350675,0.0018218517289426246,1.4278446716270765
2013-07-02,0.8400434360274865,0.8425958348753112,0.0018276805103348745,1.3965235353727086
2013-07-03,0.8400501038035709,0.8425535802155548,0.0018334664165814345,1.365433470361415
2013-07-05,0.8400567715796553,0.8425113255557986,0.0018392098523206334,1.334569827932468
2013-07-08,0.8400634393557397,0.8424690708960423,0.0018449112142002683,1.303928081626081
2013-07-09,0.8400701071318241,0.8424690708960423,0.0018505708910922143,1.2963371334574179
2013-07-10,0.8400767749079084,0.8424690708960423,0.0018561892642995907,1.2888211531794111
2013-07-11,0.8400834426839928,0.8424690708960423,0.0018617667077567967,1.2813787044907765
2013-07-12,0.8400901104600772,0.8424690708960423,0.0018673035882227102,1.2740083888712306
2013-07-15,0.8400967782361615,0.8424690708960423,0.0018728002654673395,1.266708844303176
2013-07-16,0.8401034460122458,0.8424690708960423,0.0018782570924521934,1.2594787440456034
2013-07-17,0.8401123345097136,0.8424515976624971,0.0018829033609998166,1.242370267766372
2013-07-18,0.8401212230071811,0.8424341244289519,0.0018874961690245582,1.2253807238009717
2013-07-19,0.8401301115046486,0.8424166511954068,0.0018920359058434656,1.208507557227816
2013-07-22,0.840139000002116,0.8423991779618615,0.0018965229525687167,1.1917482763307243
2013-07-23,0.8401478884995836,0.8423817047283163,0.0019009576823116193,1.1751004504300009
2013-07-24,0.840156776997051,0.8423642314947711,0.0019053404603796421,1.1585617078011592
2013-07-25,0.8401656654945187,0.8423467582612258,0.0019096716444667633,1.142129733677969
2013-07-26,0.8401745539919862,0.8423292850276807,0.0019139515848374065,1.1258022683356288
2013-07-29,0.8401834424894536,0.8423118117941354,0.0019181806245042177,1.1095771052488093
2013-07-30,0.8401923309869211,0.8422943385605902,0.0019223590993999282,1.0934520893235937
2013-07-31,0.8402012194843888,0.842276865327045,0.0019264873385435365,1.0774251151972394
2013-08-01,0.8402101079818561,0.8422593920934998,0.001930565664201028,1.0614941256047499
2013-08-02,0.8402189964793237,0.8422419188599546,0.0019345943920408475,1.0456571098072998
2013-08-05,0.8402278849767912,0.8422244456264093,0.001938573831284323,1.0299121020814164
2013-08-06,0.8402367734742587,0.8422069723928641,0.0019425042848512338,1.0142571802647424
2013-08-07,0.8402456619717262,0.8422069723928641,0.0019463860495007076,1.0076677345899685
2013-08-08,0.8402545504691938,0.8422069723928641,0.001950219415967619,1.0011293640523915
2013-08-09,0.8402634389666613,0.8422069723928641,0.0019540046690946604,0.99464113722066
2013-08-12,0.8402723274641288,0.8422069723928641,0.001957742087960242,0.9882021440071247
2013-08-13,0.8402812159615963,0.8422069723928641,0.0019614319460023754,0.9818114950114449
2013-08-14,0.8402901044590638,0.8422069723928641,0.0019650745111386854,0.9754683208880217
2013-08-15,0.8402441636266073,0.841287981566929,0.002102430562811952,0.49648152894316255
2013-08-16,0.8401982227941505,0.8403689907409937,0.0022303974469092148,0.07656390885842954
2013-08-19,0.8401522819616937,0.8394499999150586,0.0023505091647400634,-0.2987786889623514
2013-08-20,0.8401063411292371,0.8385310090891235,0.002463914762829558,-0.6393614194285314
2013-08-21,0.8400604002967803,0.8376120182631883,0.0025715016325225937,-0.9521215163259195
2013-08-22,0.8400144594643236,0.8366930274372532,0.0026739722130676336,-1.2421340845797564
2013-08-23,0.839968518631867,0.835774036611318,0.0027718939750762095,-1.5132187804671098
2013-08-26,0.8399225777994104,0.8348550457853829,0.0028657332542447638,-1.7683195065421156
2013-08-27,0.8398766369669536,0.8339360549594478,0.0029558788917205835,-2.0097514902066425
2013-08-28,0.8398306961344969,0.8330170641335125,0.0030426592026003905,-2.239367456980119
2013-08-29,0.8397847553020402,0.8320980733075773,0.003126354440307897,-2.4586725981414492
2013-08-30,0.8397388144695834,0.8311790824816421,0.003207206138107043,-2.6689060881485713
2013-09-03,0.8396928736371267,0.8302600916557069,0.0032854242345250633,-2.871100140522165
2013-09-04,0.8396469328046701,0.8293411008297719,0.0033611925936953132,-3.0661236116696062
2013-09-05,0.8396009919722134,0.8284221100038367,0.0034346733419110442,-3.2547147444760443
2013-09-06,0.8395550511397566,0.8284221100038367,0.003506010316866032,-3.1753874432039484
2013-09-09,0.8395091103073,0.8284221100038367,0.003575331842070362,-3.100970984847994
2013-09-10,0.8394631694748432,0.8284221100038367,0.0036427529812612836,-3.030965736025182
2013-09-11,0.8394172286423867,0.8284221100038367,0.003708377387304076,-2.964940589971404
2013-09-12,0.83937128780993,0.8284221100038367,0.003772298831410758,-2.902521325967838
2013-09-13,0.8393253469774733,0.8284221100038367,0.003834602477815954,-2.843381298769377
2013-09-16,0.8392471725461508,0.8277173259866775,0.004064829679486173,-2.8364894641614544
2013-09-17,0.8391689981148284,0.8270125419695182,0.00428126538595925,-2.8394540046917434
2013-09-18,0.8390908236835058,0.826307757952359,0.004485906275014637,-2.8496060656338917
2013-09-19,0.8390126492521834,0.8256029739351999,0.004680299748182836,-2.865131730545672
2013-09-20,0.8389344748208609,0.8248981899180408,0.004865674175166958,-2.8847564381637882
2013-09-23,0.8388563003895384,0.8241934059008815,0.005043024236145879,-2.9075597899293384
2013-09-24,0.838778125958216,0.8234886218837223,0.005213168953261015,-2.932861798950443
2013-09-25,0.8386999515268935,0.8227838378665632,0.005376792393756344,-2.960150307981476
2013-09-26,0.8386217770955711,0.8220790538494039,0.005534472980988285,-2.98903315690469
2013-09-27,0.8385436026642485,0.8213742698322447,0.005686705085587293,-3.0192057744507914
2013-09-30,0.8384654282329262,0.8206694858150855,0.00583391524664364,-3.0504286856205374
2013-10-01,0.8383872538016037,0.8199647017979265,0.00597647457126855,-3.0825115683152555
2013-10-02,0.8383090793702813,0.8192599177807672,0.006114708359230209,-3.1153017397402443
2013-10-03,0.8382309049389588,0.818555133763608,0.00624890367642851,-3.148675702838848
2013-10-04,0.8381527305076363,0.8178503497464488,0.006379315387841035,-3.182532846688191
2013-10-07,0.8380745560763139,0.8178503497464488,0.006506171016752543,-3.1084652213706656
2013-10-08,0.8379963816449915,0.8178503497464488,0.0066296746980781755,-3.0387662767801666
2013-10-09,0.837918207213669,0.8178503497464488,0.006750010424204308,-2.9730113297693
2013-10-10,0.8378400327823465,0.8178503497464488,0.006867344732341418,-2.910831451602735
2013-10-11,0.8377618583510241,0.8178503497464488,0.006981828946643547,-2.851904387337882
2013-10-14,0.8376836839197016,0.8178503497464488,0.0070936010621533985,-2.795947220526671
2013-10-15,0.8375648061138599,0.8171880880264684,0.007337239410149936,-2.777164127860331
2013-10-16,0.8374459283080181,0.8165258263064881,0.007571169779119064,-2.7631267838196845
2013-10-17,0.8373270505021762,0.8158635645865078,0.007796266094493513,-2.7530468631423437
2013-10-18,0.8372081726963344,0.8152013028665274,0.00801327284806697,-2.7463023220425757
2013-10-21,0.8370892948904926,0.8145390411465472,0.008222830533855138,-2.742395535345304
2013-10-22,0.8369704170846508,0.8138767794265668,0.008425494986583773,-2.740923553435956
2013-10-23,0.8368515392788092,0.8132145177065866,0.008621752320666089,-2.741556552902283
2013-10-24,0.8367326614729672,0.8125522559866062,0.008812030635352373,-2.74402194987309
2013-10-25,0.8366137836671255,0.8118899942666259,0.008996709303260903,-2.7480925043936133
2013-10-28,0.8364949058612837,0.8112277325466456,0.009176126425997449,-2.75357728758533
2013-10-29,0.8363760280554419,0.8105654708266653,0.009350584880846278,-2.7603147351399233
2013-10-30,0.8362571502496,0.8099032091066849,0.009520357271208268,-2.7681672433255677
2013-10-31,0.8361382724437582,0.8092409473867047,0.009685690014578216,-2.777016920484704
2013-11-01,0.8360193946379164,0.8085786856667243,0.009846806745085793,-2.7867622145511115
2013-11-04,0.8359005168320747,0.807916423946744,0.010003911166196392,-2.7973152120632583
2013-11-05,0.8357816390262328,0.807916423946744,0.010157189458543417,-2.743398180492814
2013-11-06,0.8356627612203911,0.807916423946744,0.010306812324955618,-2.6920386632504765
2013-11-07,0.8355438834145493,0.807916423946744,0.010452936737418986,-2.643033260586538
2013-11-08,0.8354250056087075,0.807916423946744,0.010595707437477914,-2.596200567473511
2013-11-11,0.8353061278028657,0.807916423946744,0.010735258231373893,-2.551378203094831
2013-11-12,0.8351872499970239,0.807916423946744,0.010871713113279433,-2.5084203166628325
2013-11-13,0.8350297435214171,0.8073385759459196,0.011102200421050763,-2.4942053399605877
2013-11-14,0.8348722370458104,0.8067607279450953,0.011325800108847716,-2.4820771010036027
2013-11-15,0.8347147305702037,0.8061828799442708,0.011542912447326182,-2.471806899353382
2013-11-18,0.834557224094597,0.8056050319434466,0.011753896935585574,-2.463199423120348
2013-11-19,0.8343997176189902,0.8050271839426222,0.011959077904368953,-2.456086824690516
2013-11-20,0.8342422111433835,0.8044493359417978,0.012158749163373304,-2.450324026038218
2013-11-21,0.8340847046677767,0.8038714879409734,0.012353177884964006,-2.4457849638495155
2013-11-22,0.8339271981921701,0.8032936399401491,0.012542607872446787,-2.442359560591527
2013-11-25,0.8337696917165633,0.8027157919393246,0.012727262328208372,-2.439951261820986
2013-11-26,0.8336121852409566,0.8021379439385005,0.01290734621232294,-2.438475019164431
2013-11-27,0.8334546787653498,0.801560095937676,0.013083048263427384,-2.4378556270278873
2013-11-29,0.8332971722897431,0.8009822479368516,0.013254542739236262,-2.438026342261697
2013-12-02,0.8331396658141365,0.8004043999360273,0.013421990922883932,-2.438927731823816
2013-12-03,0.8329821593385296,0.7998265519352029,0.013585542432541448,-2.440506705415682
2013-12-04,0.832824652862923,0.7992487039343785,0.013745336364871439,-2.442715699148223
2013-12-05,0.8326671463873162,0.7992487039343785,0.013901502297420869,-2.403944677197785
2013-12-06,0.8325096399117096,0.7992487039343785,0.014054161170685562,-2.366625483611739
2013-12-09,0.8323521334361028,0.7992487039343785,0.014203426067068512,-2.330665104701503
2013-12-10,0.8321946269604961,0.7992487039343785,0.014349402901111405,-2.2959786726432903
2013-12-11,0.8320371204848893,0.7992487039343785,0.014492191033064497,-2.2624885688922225
2013-12-12,0.8318796140092826,0.7992487039343785,0.014631883815965498,-2.230123645411878
2013-12-13,0.8316815713194308,0.7984696461597205,0.014891365337293893,-2.2302807303057985
2013-12-16,0.831483528629579,0.7976905883850625,0.015143802193716353,-2.231469997576849
2013-12-17,0.8312854859397273,0.7969115306104044,0.01538954105309394,-2.2335919707243157
2013-12-18,0.8310874432498755,0.7961324728357463,0.01562889786376904,-2.2365601668663997
2013-12-19,0.8308894005600237,0.7953534150610883,0.015862161539846657,-2.240299054430067
2013-12-20,0.8306913578701719,0.7945743572864303,0.016089597094553418,-2.2447423867417875
