txn_id,account_id,merchant_id,txn_date,amount,description
T0001935,A00084,M021,2025-04-07,$-265.34,  PURCHASE 393773  
T0002004,A00013,M004,2025-06-21,-227.32,PURCHASE 354880
T0002158,A00078,M010,18-May-2025,-136.30,PURCHASE 504453
T0002745,A00079,M006,06/06/2025,-9.33,PURCHASE 726945
T0002675,A00044,M018,06/23/2024,-186.21,  PURCHASE 796652  
T0000586,A00006,M013,2024-05-30,-189.27,PURCHASE 862008
T0002111,A00057,M005,11-Jan-2025,-197.41,PURCHASE 240022
T0000837,A00033,M011,25-Jan-2024,-44.20,PURCHASE 958121
T0002341,A00069,M018,05/18/2024,$(99.99),PURCHASE 406291
T0000502,A00066,M030,2024-07-13,$(228.89),PURCHASE 521673
T0002699,A00045,M015,04/26/2025,$-134.40,PURCHASE 380632
T0002628,A00019,M015,06/20/25,-130.02,  PURCHASE 340405  
T0002233,A00039,M030,02-Apr-2024,$-317.27,PURCHASE 735678
T0003076,A00006,M018,06/22/24,-405.28,  PURCHASE 938841  
T0000081,A00036,M008,2024-02-01,$-124.80,PURCHASE 903124
T0001767,A00049,M013,2024-07-18,$-38.71,PURCHASE 808814
T0000281,A00007,M002,02/26/2024,-63.62,PURCHASE 214176
T0000923,A00072,M023,2025-05-06,$-66.92,PURCHASE 532458
T0000765,A00058,M014,05/28/24,-375.26,  PURCHASE 868278  
T0001948,A00048,M011,27-Mar-2024,-385.92,  PURCHASE 270838  
T0001961,A00039,M003,2024-03-12,-26.01,PURCHASE 280765
T0000302,A00068,M027,03/03/24,-60.93,PURCHASE 574978
T0002553,A00011,M007,2024-04-26,$-72.94,PURCHASE 325123
T0001262,A00033,M012,09-Jan-2025,$-224.69,PURCHASE 352586
T0001110,A00090,M002,2025-04-03,$-9.70,  PURCHASE 397249  
T0002065,A00014,,01-Dec-2024, -288.41 ,PURCHASE 418321
T0002921,A00049,M023,02/13/2025,-257.63,  PURCHASE 232308  
T0001858,A00052,M010,03/08/2025,-286.56,  PURCHASE 874635  
T0003205,A99999,M024,04/17/24,-10.79,PURCHASE ORPHAN
T0000279,A00019,M006,2025-04-01,-52.02,PURCHASE 996963
T0000949,A00020,M028,11/30/2024,-398.52,PURCHASE 815321
T0000200,A00039,M017,18-Jun-2024,(271.33),PURCHASE 341535
T0002923,A00061,M022,03/01/25,-129.36,PURCHASE 384889
T0002025,A00054,M024,2024-05-26, $-205.75 ,PURCHASE 374552
T0000608,A00055,M003,2024-06-29,-117.22,  PURCHASE 372050  
T0002439,A00001,M003,24-Apr-2025, $-323.14 ,PURCHASE 476482
T0000732,A00092,,07/02/24, $-417.21 ,PURCHASE 199315
T0000242,A00047,M025,12-Dec-2024,-263.68,PURCHASE 343977
T0001710,A00047,M016,08/19/2024,$(38.34),PURCHASE 551188
T0000889,A00027,M016,2024-09-24,-120.44,PURCHASE 633506
T0001593,A00093,M014,2024-07-31,$-326.21,PURCHASE 499513
T0001971,A00048,M006,2024-03-21, $-222.79 ,  PURCHASE 866113  
T0001144,A00070,M031,07-May-2024,"3,034.84",PAYROLL DEP 543745
T0003178,A00061,M003,03/20/2024,-268.34,PURCHASE 486507
T0002620,A00051,M014,01-Sep-2024,-269.56,PURCHASE 175236
T0001881,A00045,M003,31-Mar-2024,-141.59,PURCHASE 140885
T0000719,A00089,M018,2024-12-03,$-11.31,PURCHASE 904092
T0002345,A00073,M021,01/11/24,-160.98,PURCHASE 381300
T0002642,A00039,M031,2024-05-19,"2,275.51",PAYROLL DEP 675807
T0002338,A00046,M025,2025-01-12,(233.13),PURCHASE 525614
T0002500,A00092,M029,08/24/24,-44.17,PURCHASE 925135
T0002269,A00016,M009,02/17/24,$-143.28,PURCHASE 374722
T0001460,A00017,M014,01/13/25,$(325.41),  PURCHASE 164116  
T0002450,A00074,M025,04-Oct-2024,-194.94,PURCHASE 410397
T0002761,A00063,M018,2024-03-28, $-264.48 ,  PURCHASE 229315  
T0003056,A00039,M024,02/19/2024,(130.30),PURCHASE 203013
T0001204,A00073,M019,03-Dec-2024, -161.12 ,  PURCHASE 800912  
T0002179,A00039,M014,2025-01-07,-178.60,  PURCHASE 511980  
T0002357,A00057,M012,2024-01-20,-260.05,PURCHASE 628272
T0002809,A00025,M031,2024-06-08,,PURCHASE 546802
T0002750,A00090,M028,03/13/2025,-241.99,PURCHASE 605487
T0002006,A00045,,2024-06-13,,PURCHASE 769325
T0000162,A00043,M013,2025-03-24,-327.91,PURCHASE 606545
T0002545,A00002,M007,02/08/2025,$(114.70),PURCHASE 617954
T0002637,A00039,M005,27-Feb-2025,-214.90,PURCHASE 980469
T0000588,A00029,M016,05/24/2025,-225.04,PURCHASE 827186
T0000420,A00042,M015,17-Nov-2024,-318.82,PURCHASE 321321
T0002634,A00016,M004,2025-02-28,-245.71,PURCHASE 522375
T0001714,A00040,M014,04/07/2025,-407.15,  PURCHASE 896567  
T0002585,A00047,M031,01-Mar-2025,$-361.64,  PURCHASE 183831  
T0003110,A00018,M014,16-Jun-2024,$-274.77,PURCHASE 501360
T0001717,A00002,M003,2024-12-30,-365.37,  PURCHASE 331389  
T0001950,A00080,M030,09-Apr-2025,$-208.56,  PURCHASE 159751  
T0001470,A00053,M021,20-Apr-2025,(372.88),  PURCHASE 408834  
T0001559,A00020,M011,01/13/2024,(68.66),PURCHASE 729473
T0000213,A00043,M021,2024-02-06,-3.12,PURCHASE 714549
T0000596,A00035,,2024-06-15,$-91.37,PURCHASE 352009
T0001347,A00020,M010,09-Sep-2024,$-148.93,PURCHASE 835571
T0000970,A00080,M013,02/13/24,-59.67,PURCHASE 861512
T0001277,A00027,M031,05/10/24,-259.61,PURCHASE 258100
T0002558,A00082,M009,03/20/2024,,PURCHASE 372061
T0000537,A00030,M019,2025-01-05,-45.51,PURCHASE 276394
T0000412,A00053,M022,09/09/2024,-42.33,  PURCHASE 211222  
T0002020,A00026,M007,04/27/2024,-244.49,PURCHASE 712057
T0001230,A00072,M004,21-Feb-2024,-143.64,PURCHASE 819727
T0000962,A00045,M012,07/31/2024,$-171.93,PURCHASE 125455
T0001292,A00004,M023,16-Apr-2025,-243.52,PURCHASE 768364
T0002442,A00045,M001,23-May-2024,-388.96,PURCHASE 230857
T0002012,A00040,M008,2025-05-03,-10.68,PURCHASE 268703
T0002467,A00073,M020,2024-01-25,$-405.40,PURCHASE 955324
T0002261,A00038,M029,11/12/2024,-29.07,PURCHASE 756342
T0002351,A00023,M031,04/23/2025,"$3,197.70",  PAYROLL DEP 144366  
T0001375,A00083,M023,14-Dec-2024,$-38.44,PURCHASE 508800
T0002184,A00034,M007,09/30/24,-123.96,PURCHASE 694125
T0001306,A00060,M020,2024-12-30,,PURCHASE 551143
T0000196,A00065,M028,01/11/2024,-404.99,PURCHASE 693868
T0001119,A00075,M027,2025-06-22,-75.09,PURCHASE 309905
T0001581,A00063,M020,07/09/2024,-153.07,PURCHASE 832538
T0000705,A00084,M014,2025-04-05,$(123.63),PURCHASE 634117
T0001667,A00054,M006,2024-03-01,$-326.18,PURCHASE 680796
T0000632,A00025,M020,03/08/24,-91.48,PURCHASE 803956
T0001092,A00072,M030,03/14/2025,-417.69,PURCHASE 524762
T0003125,A00009,M004,17-Jul-2024,$-327.61,PURCHASE 861426
T0001572,A00035,M030,15-Oct-2024,$(140.35),PURCHASE 724157
T0000808,A00082,M023,2024-12-29,$-364.64,PURCHASE 731160
T0000847,A00008,M023,08/21/24,$-295.79,PURCHASE 582595
T0001654,A00006,M016,01/28/2024,-18.29,PURCHASE 521312
T0002281,A00031,M007,2024-08-08,-357.65,PURCHASE 697604
T0002978,A00089,M009,,-198.20,PURCHASE 462310
T0000766,A00048,M031,16-Jan-2025,"$3,871.80",PAYROLL DEP 454180
T0001618,A00053,M011,03/31/25,(133.89),PURCHASE 818789
T0000094,A00064,M003,10-Sep-2024,$-106.49,PURCHASE 988217
T0001775,A00021,M026,19-May-2024,$-75.04,PURCHASE 481136
T0002133,A00073,M010,06/24/25,-202.54,PURCHASE 173301
T0003200,A00017,M023,2025-01-27,(293.12),PURCHASE 998972
T0002080,A00056,M017,07/25/2024,(251.16),  PURCHASE 884684  
T0001937,A00088,M007,2024-04-12, -188.38 ,PURCHASE 393033
T0001819,A00036,M017,04/07/25,$-68.42,PURCHASE 711727
T0002152,A00004,M031,30-Apr-2024,$-213.40,PURCHASE 676427
T0000188,A00035,M027,03/24/2025,$-278.52,PURCHASE 672233
T0002646,A00090,M031,29-Jun-2025,-103.53,PURCHASE 160957
T0001229,A00036,M029,,-37.48,PURCHASE 162412
T0001929,A00058,M007,,-115.63,PURCHASE 741824
T0001001,A00028,M018,2024-08-06,-122.91,PURCHASE 671540
T0001081,A00075,M020,01/19/2025,$-273.33,PURCHASE 527599
T0003210,A99999,M007,14-Feb-2024,$-35.00,PURCHASE ORPHAN
T0002937,A00044,M018,24-Oct-2024,-284.75,PURCHASE 266742
T0000947,A00058,M026,05/05/25,-215.48,PURCHASE 621282
T0001913,A00069,M001,2024-10-22,-188.90,PURCHASE 919227
T0000465,A00092,M001,2025-06-29,-166.41,PURCHASE 823044
T0000157,A00080,M027,07/23/24, $-221.15 ,PURCHASE 317782
T0001441,A00026,M027,07/05/24,$-369.19,  PURCHASE 130731  
T0002922,A00090,M028,05/23/25,-9.46,PURCHASE 758873
T0002556,A00050,M031,02/25/2025,$(252.28),PURCHASE 277508
T0003133,A00091,M015,2025-04-29, -171.33 ,  PURCHASE 824484  
T0001786,A00047,M026,12/04/2024,$(303.89),PURCHASE 274975
T0001005,A00079,M013,2024-04-04,$-339.35,PURCHASE 931845
T0002897,A00013,M008,2025-05-12,$-196.70,PURCHASE 346266
T0000193,A00067,M012,2025-03-22,-59.01,PURCHASE 678469
T0002649,A00046,M017,04/06/25,-394.22,PURCHASE 620247
T0000028,A00052,M010,09-Sep-2024,$-96.77,PURCHASE 432441
T0001748,A00043,M012,05/01/25,-298.98,PURCHASE 736753
T0001414,A00004,M015,06/07/2025,(345.30),  PURCHASE 749814  
T0001638,A00091,M010,2024-05-08, -280.07 ,PURCHASE 994164
T0002330,A00093,M010,10/18/2024,$-240.35,PURCHASE 557574
T0002394,A00055,M031,01-Mar-2025,-262.56,PURCHASE 487670
T0000727,A00019,M002,12/11/24,$-137.04,PURCHASE 933298
T0001214,A00071,M023,2025-05-23,(242.58),PURCHASE 458792
T0001135,A00085,M031,2024-05-22,"$3,859.85",PAYROLL DEP 289485
T0000272,A00087,M007,04/30/2025,-97.36,  PURCHASE 803950  
T0003155,A00085,M002,2024-11-23,(123.28),  PURCHASE 566524  
T0001157,A00013,M030,10/23/2024,$-50.51,  PURCHASE 551712  
T0002329,A00013,M010,03-Apr-2025,-310.19,PURCHASE 165141
T0000167,A00080,M018,11/07/24, -89.26 ,PURCHASE 576535
T0001882,A00009,M022,27-Mar-2025,-299.99,PURCHASE 417801
T0001561,A00065,M002,09-May-2025,$-251.77,PURCHASE 979855
T0002780,A00074,M028,03/20/2025,$-226.41,PURCHASE 170672
T0001434,A00032,M014,2025-06-05,-296.40,PURCHASE 236337
T0000430,A00014,M029,27-Jun-2024,$-212.95,PURCHASE 609990
T0001019,A00074,M008,05/15/2024,-419.23,PURCHASE 218083
T0002993,A00053,M006,2025-04-05,-266.25,PURCHASE 327482
T0003134,A00049,M003,01-Feb-2024,(177.08),PURCHASE 332148
T0002695,A00010,M030,02/09/2025,$-205.98,PURCHASE 105150
T0000558,A00047,M031,2025-05-14,"$1,820.03",PAYROLL DEP 521598
T0000380,A00064,M016,2024-11-15,-321.59,PURCHASE 689567
T0001334,A00019,M022,05/16/2024,(3.40),PURCHASE 769286
T0001095,A00044,M013,22-May-2024,-407.04,PURCHASE 346645
T0001390,A00008,M011,17-Apr-2025,-267.63,PURCHASE 378502
T0002814,A00076,M025,2025-05-11,(153.03),PURCHASE 117213
T0000908,A00054,M028,03/09/2025,$(7.55),PURCHASE 182533
T0001239,A00033,M022,2024-03-03,(397.91),PURCHASE 173131
T0000389,A00006,M014,11/03/2024,$(135.88),PURCHASE 777424
T0000349,A00056,M001,06/17/2025,$-125.25,  PURCHASE 776000  
T0000247,A00052,M031,2024-04-11,"3,981.96",  PAYROLL DEP 331444  
T0000133,A00090,M014,03/21/24,(87.20),PURCHASE 946561
T0000079,A00092,M014,05/21/2024,-80.46,PURCHASE 613426
T0002754,A00068,M012,06/17/2025,-80.85,PURCHASE 845511
T0002057,A00077,M031,09/29/2024,-101.15,PURCHASE 123579
T0003043,A00050,M021,01/14/25,-355.78,PURCHASE 716509
T0000422,A00003,M031,01/04/2025, $-290.85 ,PURCHASE 116656
T0002189,A00051,M002,2025-04-30,-9.50,PURCHASE 451675
T0000274,A00009,M002,2025-04-12, -369.03 ,PURCHASE 902328
T0000638,A00042,M023,03/17/2024,$-258.52,PURCHASE 232423
T0001672,A00067,M031,23-Apr-2024," 5,050.17 ",PAYROLL DEP 853313
T0001209,A00034,M023,15-May-2024,-321.59,PURCHASE 295844
T0002125,A00003,M027,11/25/2024,-72.20,PURCHASE 958505
T0002833,A00030,M005,2024-12-26,-366.10,PURCHASE 667455
T0001944,A00058,M004,12/10/2024, $-297.05 ,PURCHASE 685790
T0000621,A00034,M021,01/27/2024,-324.10,PURCHASE 126518
T0001567,A00042,M016,01/17/2024,(342.00),  PURCHASE 952073  
T0001673,A00046,M008,24-Mar-2024,-116.50,PURCHASE 315082
T0000123,A00084,M004,14-Aug-2024,$-393.60,PURCHASE 193035
T0001912,A00021,M028,05/24/25,-136.45,PURCHASE 736842
T0000473,A00082,M007,24-Jul-2024,-330.46,PURCHASE 447231
T0000140,A00093,M028,04/01/25,-200.90,  PURCHASE 194782  
T0001754,A00059,M023,09/05/2024,-213.73,  PURCHASE 263332  
T0000404,A00035,M014,07/12/24,$-333.46,  PURCHASE 711218  
T0000261,A00041,M005,2024-07-23,$(318.97),PURCHASE 972881
T0001729,A00077,M031,2025-03-31,"2,470.24",  PAYROLL DEP 547048  
T0000374,A00075,M012,05/02/25,$-77.77,PURCHASE 189135
T0002636,A00023,M003,01/05/24,-139.78,PURCHASE 519387
T0002804,A00007,M015,02/18/25,$-218.50,  PURCHASE 873677  
T0000384,A00054,M004,03-Feb-2025,-340.07,PURCHASE 456032
T0000689,A00076,M026,03/20/25,$(307.09),PURCHASE 810902
T0001789,A00036,M030,05/03/25,-129.95,PURCHASE 902023
T0000317,A00012,M009,10/06/2024,-337.57,PURCHASE 804527
T0002322,A00056,M005,06/22/2025,-115.96,PURCHASE 999700
T0001325,A00017,M027,01/02/24,-84.52,PURCHASE 626598
T0002429,A00075,M016,2025-03-10, $-225.24 ,PURCHASE 701822
T0000470,A00047,M031,04/13/2024,-284.80,PURCHASE 847948
T0003193,A00032,M015,2024-08-02,-44.45,PURCHASE 156051
T0002159,A00004,M018,06/09/2025,(62.00),PURCHASE 858639
T0000709,A00056,M001,06/04/2025,-252.53,PURCHASE 962347
T0000932,A00018,M007,2024-04-08,$(12.80),PURCHASE 365744
T0003161,A00057,M015,17-Nov-2024,(245.95),PURCHASE 125073
T0002638,A00040,M031,25-Jan-2024,-57.64,PURCHASE 880854
T0001749,A00062,M009,07/18/24,$-9.70,PURCHASE 245133
T0000285,A00033,M007,26-Aug-2024,$-3.66,PURCHASE 534773
T0001462,A00033,M003,28-Mar-2025,-353.50,PURCHASE 689952
T0002212,A00056,M025,13-Feb-2025,(173.22),PURCHASE 235809
T0001648,A00024,M015,04/13/25, (248.88) ,PURCHASE 437883
T0001919,A00041,M009,10/21/24,$-103.24,PURCHASE 469515
T0002784,A00093,M031,02/23/25,-68.32,PURCHASE 477420
T0002893,A00042,M018,10/03/2024,$-236.15,PURCHASE 781598
T0000598,A00072,M029,2024-04-09,$-312.19,PURCHASE 714841
T0000097,A00061,M031,02/10/2024,-332.13,PURCHASE 186431
T0002830,A00064,M026,01/22/24,-231.34,  PURCHASE 282052  
T0002037,A00041,M019,2025-06-15,-307.58,PURCHASE 214187
T0001845,A00069,M027,28-Jul-2024,(12.05),PURCHASE 648470
T0001077,A00007,M003,03/20/25, -329.76 ,  PURCHASE 115658  
T0000311,A00015,M023,23-Oct-2024, -387.83 ,PURCHASE 277292
T0002514,A00033,M031,06/03/2024,"3,128.33",PAYROLL DEP 469945
T0001129,A00004,M012,04/10/24,-168.60,PURCHASE 378199
T0003025,A00019,M022,06/04/24,-216.03,  PURCHASE 904483  
T0002724,A00084,M008,2024-10-11, -295.43 ,PURCHASE 112610
T0000655,A00026,M019,10-Aug-2024,(54.47),PURCHASE 244408
T0000474,A00092,M015,12/02/2024,-368.34,PURCHASE 589199
T0000503,A00045,M027,2024-08-13,(119.12),PURCHASE 623843
T0000816,A00019,M030,02/17/25, $(353.87) ,  PURCHASE 870651  
T0002697,A00006,M005,12/30/24,$-332.65,  PURCHASE 911298  
T0002400,A00045,M002,03/09/2024,-380.57,PURCHASE 452086
T0001038,A00050,M004,04/03/2024,(335.18),  PURCHASE 687270  
T0003162,A00056,M027,06/25/25,$-248.20,PURCHASE 382629
T0001835,A00017,M020,10/03/2024, -222.01 ,PURCHASE 357565
T0000209,A00084,M018,2025-05-09,-234.40,PURCHASE 996531
T0001190,A00020,M020,05/18/2025,-308.84,PURCHASE 796776
T0000178,A00039,M023,08/18/2024,-298.88,PURCHASE 302897
T0001747,A00015,M029,10/24/24,-285.65,PURCHASE 592464
T0000777,A00077,M011,02/22/25,-257.29,PURCHASE 730553
T0002169,A00091,M001,07/29/24,-321.36,PURCHASE 617045
T0002572,A00029,M013,2025-03-02,-72.23,PURCHASE 346073
T0002403,A00008,M019,16-Oct-2024, $(382.67) ,PURCHASE 955184
T0000377,A00081,M021,16-May-2025,-395.98,PURCHASE 287795
T0002470,A00092,M009,05/17/25,$-79.13,PURCHASE 769779
T0001471,A00069,M008,02/17/2025,(16.50),  PURCHASE 998082  
T0001293,A00080,M013,04/03/2024,-140.12,  PURCHASE 290514  
T0002722,A00033,M008,2025-02-06, -110.32 ,PURCHASE 931482
T0000190,A00088,M006,06/08/25,$(95.07),PURCHASE 992744
T0001563,A00062,M004,07/09/2024,-250.70,PURCHASE 253868
T0000352,A00035,M027,05-Jul-2024,$-298.28,PURCHASE 702433
T0000052,A00079,M017,11/11/24,-371.13,  PURCHASE 312994  
T0001013,A00029,M018,2024-03-22,-392.98,PURCHASE 523257
T0000737,A00059,M027,04/30/2025,-220.67,PURCHASE 974098
T0002409,A00091,M031,14-Sep-2024,-166.91,PURCHASE 428345
T0000017,A00080,M023,05/27/24,-136.15,  PURCHASE 211341  
T0002337,A00026,M022,2024-09-05,-286.55,PURCHASE 467274
T0002240,A00084,M001,01-Jan-2024,$-72.79,PURCHASE 132680
T0000307,A00088,M029,03/01/2025,$-331.98,PURCHASE 571907
T0002333,A00089,M016,25-Jul-2024,(380.97),PURCHASE 352349
T0000050,A00054,M007,2024-02-10,$-338.54,PURCHASE 417915
T0001898,A00010,M011,02/27/2025,$-161.46,PURCHASE 660774
T0001028,A00062,M008,06/29/25,$-182.65,PURCHASE 146008
T0002839,A00011,,2024-07-30,$-190.73,PURCHASE 332373
T0001870,A00007,M023,01/17/2024, -58.53 ,PURCHASE 171092
T0002287,A00025,M027,2025-03-11,-326.41,PURCHASE 953567
T0000136,A00080,M031,15-Feb-2025,"4,824.55",PAYROLL DEP 121215
T0000023,A00003,M020,2024-11-22,-311.30,PURCHASE 414353
T0002939,A00036,M027,04/09/2025,(34.12),PURCHASE 565058
T0000562,A00011,M025,05/10/2024,-328.40,PURCHASE 213119
T0000381,A00005,M012,2025-01-21,(322.62),PURCHASE 948878
T0000976,A00051,M031,03-Oct-2024,"3,532.32",PAYROLL DEP 463778
T0000755,A00082,M003,06/25/24,-79.98,PURCHASE 913284
T0001053,A00077,M016,2024-01-24,$-160.32,PURCHASE 629757
T0002843,A00007,M021,02/24/2025,-75.80,PURCHASE 453255
T0001745,A00011,M026,06/19/2024,-201.12,PURCHASE 406697
T0002286,A00056,M023,02/23/2025,(167.25),PURCHASE 611826
T0001236,A00029,M013,03/01/2024,(302.04),PURCHASE 380028
T0002331,A00076,M016,07-Mar-2025, -51.96 ,PURCHASE 572281
T0000519,A00012,M006,10/22/2024,(76.56),PURCHASE 694639
T0000809,A00018,M011,12/22/2024,$-366.02,PURCHASE 344296
T0000104,A00075,M025,04/21/2025,$-355.30,PURCHASE 418672
T0001717,A00002,M003,2024-12-30,-365.37,  PURCHASE 331389  
T0001811,A00045,M008,03/14/25,-186.14,PURCHASE 886519
T0003112,A00044,M029,2024-06-07,-9.51,PURCHASE 461078
T0002849,A00011,M003,06/26/2025,-99.34,  PURCHASE 922786  
T0002410,A00020,M002,03/10/25,(342.25),PURCHASE 783475
T0000674,A00084,M022,14-Mar-2024,-307.40,PURCHASE 596744
T0001840,A00053,M011,01/28/24,(162.85),PURCHASE 282976
T0000440,A00078,M012,09/22/2024,,PURCHASE 455446
T0000740,A00065,M002,2024-01-14,-272.89,PURCHASE 160006
T0000659,A00010,M017,2025-03-28,-392.84,PURCHASE 129017
T0002138,A00079,M027,03/19/2025,(126.62),PURCHASE 455035
T0003165,A00084,M011,03/06/2024,(108.31),PURCHASE 194756
T0001097,A00015,M020,05/13/24,-143.83,PURCHASE 573813
T0001993,A00040,M023,2024-07-06,$-147.60,PURCHASE 936914
T0002856,A00086,M031,01/27/25,"$3,727.96",  PAYROLL DEP 337728  
T0001275,A00004,M019,11/04/2024,-291.69,PURCHASE 191063
T0002236,A00065,M017,2025-04-07,-230.64,PURCHASE 414210
T0000518,A00044,M009,12/18/24,-315.22,PURCHASE 101655
T0002726,A00078,M011,05/16/2024,-52.68,PURCHASE 481860
T0002542,A00042,M002,01/30/25,-411.79,PURCHASE 882457
T0003011,A00082,M031,02/27/24,-85.69,  PURCHASE 211136  
T0001945,A00018,M015,05/25/24,(401.02),PURCHASE 361062
T0000526,A00072,M010,2024-04-12,-256.19,PURCHASE 133287
T0002388,A00088,,2025-04-16,-380.66,PURCHASE 560720
T0002045,A00051,M005,,$(255.01),PURCHASE 156199
T0002492,A00045,M005,12/12/24,-248.32,PURCHASE 565366
T0001922,A00093,M012,2024-11-04,$-389.96,PURCHASE 910981
T0002516,A00073,M029,06/12/2024,-121.05,PURCHASE 896883
T0002835,A00008,M016,09/11/24,(69.04),PURCHASE 550410
T0001713,A00015,,2025-03-27,-105.19,PURCHASE 810598
T0000013,A00070,M010,05/07/2024,-71.66,PURCHASE 987025
T0003017,A00064,M009,05/21/25,-125.98,PURCHASE 424096
T0001128,A00016,M020,09/09/2024,$-198.37,  PURCHASE 442755  
T0001467,A00044,M031,04-Mar-2025,-380.30,PURCHASE 814931
T0000969,A00023,M028,02/19/2024,-58.17,PURCHASE 283652
T0001192,A00059,M009,09/09/2024,(140.17),PURCHASE 854121
T0002247,A00070,M027,2025-02-01,-157.54,PURCHASE 552588
T0000792,A00089,M007,03/29/2025,-248.59,PURCHASE 383894
T0000832,A00023,M008,05/13/25,-221.02,PURCHASE 991253
T0000547,A00072,M019,07/16/2024,-277.10,  PURCHASE 554691  
T0000140,A00093,M028,04/01/25,-200.90,  PURCHASE 194782  
T0001817,A00067,M030,05/13/2025,-270.17,PURCHASE 289923
T0002431,A00015,M031,02/08/2025,"$1,840.76",  PAYROLL DEP 577327  
T0002630,A00084,M018,2024-05-22,-142.63,PURCHASE 271525
T0003037,A00064,M015,2024-01-27,-254.28,PURCHASE 948520
T0001536,A00085,M027,03/22/2024,-186.32,  PURCHASE 967244  
T0000150,A00087,M006,2024-12-06,$-133.69,  PURCHASE 266131  
T0001860,A00079,M014,04/17/25,$(75.17),PURCHASE 830459
T0001227,A00040,M004,14-Apr-2024,-399.58,PURCHASE 820034
T0001924,A00037,M016,17-Sep-2024,-282.16,PURCHASE 682977
T0000470,A00047,M031,04/13/2024,-284.80,PURCHASE 847948
T0001472,A00033,,2025-02-27,-334.40,PURCHASE 619522
T0002063,A00055,M014,03/27/25,-412.32,PURCHASE 106903
T0002010,A00036,M014,2025-03-11,-21.95,PURCHASE 886950
T0001984,A00063,M031,10/20/2024,"2,023.77",  PAYROLL DEP 525215  
T0000418,A00022,M005,11/03/24,-288.36,PURCHASE 147285
T0000831,A00003,M029,04/10/25,$-411.24,PURCHASE 367861
T0000567,A00027,M029,03/04/2025,(22.83),PURCHASE 735984
T0001670,A00045,M019,2024-05-22,$-361.86,PURCHASE 630188
T0000786,A00023,M019,12/18/24,-358.54,PURCHASE 650750
T0002248,A00002,M023,05/14/24,-271.99,PURCHASE 290955
T0003119,A00057,M009,11-Aug-2024,(398.22),PURCHASE 799165
T0002118,A00093,M028,08-Mar-2025,-315.11,PURCHASE 795317
T0002460,A00017,M012,04/13/25,-337.57,  PURCHASE 783238  
T0002511,A00010,M016,2025-01-05,-405.86,  PURCHASE 150972  
T0001512,A00081,M005,28-Feb-2025,-286.33,PURCHASE 170405
T0001251,A00017,M021,14-Jan-2024,-89.68,PURCHASE 851765
T0003183,A00081,M009,2024-02-14,$-260.89,PURCHASE 245286
T0001447,A00032,M015,2025-04-27,$-252.68,PURCHASE 679364
T0003118,A00049,M012,11/21/2024,-175.28,PURCHASE 288802
T0001707,A00087,M020,10/29/2024,-60.89,PURCHASE 225014
T0002794,A00090,M011,05-Sep-2024,-78.51,PURCHASE 183213
T0000885,A00040,M011,07/20/24,-124.91,PURCHASE 752069
T0001914,A00075,M012,2025-04-12,$-31.57,PURCHASE 273236
T0001965,A00025,M016,10-Dec-2024,(328.21),PURCHASE 645555
T0000945,A00058,M025,06/06/2025,-31.35,PURCHASE 980563
T0002593,A00023,M027,20-May-2024,-276.30,PURCHASE 710719
T0000770,A00040,M020,2024-11-28,-123.03,PURCHASE 507937
T0002910,A00061,M018,29-Oct-2024,$-340.66,PURCHASE 734400
T0001542,A00086,M028,2024-02-20,$-339.72,PURCHASE 298809
T0001920,A00076,M008,02/14/2025, -145.87 ,PURCHASE 780212
T0000958,A00023,M020,01/27/25,-10.27,PURCHASE 230614
T0002604,A00057,M022,02/19/24,-381.85,PURCHASE 533266
T0000520,A00051,M007,2024-07-06,-111.15,PURCHASE 274195
T0001867,A00074,M025,11-Nov-2024,(280.59),PURCHASE 720305
T0001311,A00035,M007,2024-03-06,$-417.31,PURCHASE 975262
T0000718,A00090,M002,02/12/2025,-114.89,PURCHASE 700315
T0002142,A00064,M023,2025-03-13,-279.64,PURCHASE 857465
T0000646,A00047,M004,18-Feb-2025,-94.69,PURCHASE 767837
T0000557,A00074,M016,2024-04-30,-125.41,PURCHASE 774206
T0000778,A00052,M024,06/14/24,-367.73,PURCHASE 132390
T0001778,A00020,M028,04-Mar-2025,-217.39,PURCHASE 997737
T0001732,A00017,M013,28-Mar-2024,-6.64,PURCHASE 728510
T0001625,A00084,M028,06/15/2025, -96.94 ,PURCHASE 347595
T0003151,A00044,M031,02/18/2025,"$1,897.52",PAYROLL DEP 170085
T0000833,A00055,M009,2024-04-17,-354.25,  PURCHASE 363453  
T0001641,A00018,M007,02/10/24,-305.41,PURCHASE 116929
T0002190,A00033,M020,29-Dec-2024, $-315.27 ,PURCHASE 830542
T0002679,A00007,M027,06/20/2025,-135.67,PURCHASE 994997
T0002290,A00031,M028,2024-01-14,(305.79),PURCHASE 362237
T0001218,A00008,M014,03/29/2024,$-36.72,PURCHASE 155826
T0001991,A00074,M022,2024-11-28,-394.29,PURCHASE 727773
T0002541,A00070,M007,03-Oct-2024,$-328.66,  PURCHASE 517079  
T0002206,A00043,M010,21-Mar-2025,$-228.52,PURCHASE 597834
T0002273,A00079,M030,04/17/2025, -88.38 ,PURCHASE 992645
T0001111,A00079,M020,06/30/24,-223.68,  PURCHASE 975468  
T0000985,A00004,M004,07-Dec-2024,-131.44,PURCHASE 550998
T0003204,A99999,M006,27-Jan-2024,-49.74,PURCHASE ORPHAN
T0001163,A00088,M017,03/27/24,-374.54,PURCHASE 629202
T0000287,A00091,M007,01/30/24,-140.82,PURCHASE 604884
T0000957,A00047,M008,10-Oct-2024,$-99.11,PURCHASE 259072
T0002635,A00075,M025,05/08/2024,-168.97,PURCHASE 624809
T0000219,A00074,M004,30-Dec-2024, -52.99 ,PURCHASE 144316
T0001942,A00040,M010,14-Jun-2024,-275.86,PURCHASE 187361
T0002608,A00004,,2025-04-20," 3,080.15 ",PAYROLL DEP 852144
T0002425,A00019,M028,03/29/25,$-315.39,PURCHASE 432580
T0000654,A00030,M005,25-May-2025,-197.45,  PURCHASE 402262  
T0001346,A00069,M020,09/10/24,$-56.14,PURCHASE 469458
T0002557,A00023,M031,2024-06-24,"3,749.47",PAYROLL DEP 124280
T0002308,A00078,M016,10/03/2024,-223.22,PURCHASE 905866
T0000662,A00049,M004,12/05/2024,$-311.78,PURCHASE 876390
T0002808,A00075,M011,05/11/2024,$-164.85,PURCHASE 645986
T0001505,A00049,M020,2024-08-01,$(124.90),PURCHASE 443716
T0002044,A00015,M001,12/01/24,$-356.18,PURCHASE 203868
T0002137,A00033,M026,05/14/25,(22.80),PURCHASE 635462
T0000993,A00012,M013,02/04/24,(82.85),PURCHASE 621789
T0001479,A00032,M012,03/04/2025, $(317.23) ,PURCHASE 208299
T0001873,A00024,M024,02-Apr-2024,$-311.85,PURCHASE 297108
T0003001,A00010,M030,12-Nov-2024,-382.65,PURCHASE 448182
T0000482,A00054,M012,09-Jun-2024,$-109.14,PURCHASE 143141
T0000259,A00082,M019,2025-05-14, $-84.77 ,  PURCHASE 439121  
T0001141,A00058,M009,08/05/2024,$-395.61,PURCHASE 542981
T0000561,A00064,M011,02/08/25,(378.72),PURCHASE 541550
T0001706,A00064,M002,06/21/25,(119.57),PURCHASE 747219
T0000789,A00070,M008,2025-04-02,(105.04),PURCHASE 852227
T0002486,A00009,M016,11/20/2024,$-24.84,PURCHASE 378889
T0003185,A00045,M005,11-Aug-2024,-139.86,PURCHASE 900925
T0001721,A00004,M006,02/01/2025,(295.04),PURCHASE 486715
T0001907,A00049,M026,,$(267.28),PURCHASE 680437
T0001849,A00090,M009,02/22/24,(262.05),  PURCHASE 934789  
T0000994,A00048,M011,,-313.78,PURCHASE 292898
T0001621,A00083,M030,04/21/2024,(266.38),PURCHASE 946494
T0002205,A00040,M031,21-Mar-2025,-244.88,PURCHASE 639858
T0000600,A00058,M020,12/13/2024,-359.93,PURCHASE 740037
T0001373,A00014,M003,02/11/25,$-414.55,PURCHASE 494338
T0000378,A00047,M022,2024-04-08,$-316.42,PURCHASE 374375
T0000499,A00040,M005,2024-01-12,-186.75,PURCHASE 150075
T0000295,A00023,M029,03/13/24,(144.25),PURCHASE 156413
T0003173,A00014,M031,29-Jun-2025,"$1,880.13",PAYROLL DEP 127140
T0000582,A00070,M004,2024-09-30,$-11.84,PURCHASE 101269
T0000750,A00050,M031,2024-09-24,"$2,192.01",PAYROLL DEP 496267
T0000921,A00078,M014,08-Aug-2024,-312.35,PURCHASE 225909
T0000751,A00008,M001,01/02/2025,-69.20,PURCHASE 270651
T0000772,A00025,M024,19-Dec-2024,-413.69,PURCHASE 755216
T0002587,A00073,M013,03-Oct-2024,$-8.77,PURCHASE 543692
T0002134,A00045,M023,2024-05-19,(387.31),PURCHASE 451574
T0000175,A00090,M001,2024-01-14,$(161.82),PURCHASE 816586
T0003213,A99999,M026,2024-10-24, $-95.11 ,PURCHASE ORPHAN
T0001137,A00056,M015,14-Jan-2024,-274.31,  PURCHASE 284693  
T0001224,A00090,M018,03-Apr-2025,$-94.34,PURCHASE 418389
T0001394,A00040,M025,08/30/24,-140.05,PURCHASE 306093
T0000109,A00028,M006,2024-04-21,(190.47),  PURCHASE 585854  
T0001908,A00016,M008,08/12/24,-159.26,PURCHASE 442146
T0002305,A00064,M026,2025-05-12,(240.85),  PURCHASE 894721  
T0001213,A00058,M012,04/17/2024,$-286.98,  PURCHASE 103026  
T0001573,A00035,M013,16-Oct-2024,(411.81),PURCHASE 746479
T0002201,A00070,M029,2025-04-25, -53.46 ,PURCHASE 781366
T0001131,A00020,M026,02/07/25,-352.39,PURCHASE 416778
T0003060,A00038,,12/18/24,-419.55,PURCHASE 836342
T0002437,A00087,M020,22-Nov-2024,-83.36,PURCHASE 855281
T0002885,A00012,M020,04-Jun-2025,-298.62,PURCHASE 242545
T0003126,A00052,M018,2024-02-16,-281.51,PURCHASE 110248
T0001784,A00004,M011,2024-03-05,-236.14,PURCHASE 414465
T0000806,A00083,M015,03/17/25, -191.19 ,PURCHASE 456316
T0001006,A00076,M023,2024-06-13, -226.02 ,PURCHASE 931169
T0001406,A00023,M007,2024-06-13,(228.40),  PURCHASE 619689  
T0000749,A00090,M022,12/21/2024,-335.05,PURCHASE 195166
T0001587,A00005,M007,04/05/25,-87.96,  PURCHASE 521327  
T0001763,A00027,M024,2024-08-05,-104.96,PURCHASE 404313
T0001330,A00074,M026,2025-04-19,-67.29,PURCHASE 144821
T0000141,A00044,M021,,-96.87,PURCHASE 815338
T0002380,A00079,M012,05/03/2024,-170.33,PURCHASE 396022
T0001550,A00084,M002,02/18/2025,$-209.92,PURCHASE 336722
T0002321,A00002,M030,02/03/24,-406.53,PURCHASE 641280
T0002342,A00084,M001,11/10/2024,(110.44),PURCHASE 960284
T0000606,A00082,M011,02/15/25,-145.79,  PURCHASE 671559  
T0002255,A00068,M012,17-Jan-2024,-192.44,PURCHASE 807246
T0001117,A00090,M010,07/05/2024,-129.46,PURCHASE 614462
T0001075,A00067,M020,29-Nov-2024,-381.58,PURCHASE 118349
T0002765,A00038,M031,22-Jul-2024,(417.54),PURCHASE 784232
T0001750,A00071,M020,07/19/24, $(86.52) ,  PURCHASE 754067  
T0001156,A00054,M016,04/11/2024,$-122.54,PURCHASE 437976
T0002928,A00011,M028,2024-10-06, -68.72 ,PURCHASE 544249
T0000441,A00035,M017,05/23/24,$-310.54,  PURCHASE 253672  
T0003034,A00032,M005,2024-12-25,$-395.94,PURCHASE 200195
T0000626,A00017,M007,09/17/2024,-255.75,PURCHASE 327496
T0000834,A00011,M016,05/12/25,-95.32,PURCHASE 736108
T0000385,A00090,M028,07/25/2024,$-409.20,PURCHASE 701380
T0002967,A00046,M028,12-Mar-2024,-273.60,PURCHASE 489715
T0003154,A00078,M017,2024-07-18,-230.91,PURCHASE 495487
T0000872,A00032,M031,01/25/25,"1,998.62",PAYROLL DEP 672084
T0000207,A00022,M003,2024-08-26,$-121.12,PURCHASE 706063
T0002559,A00084,M008,2025-05-16,,PURCHASE 786870
T0000016,A00018,M010,10/23/24, $-204.39 ,PURCHASE 560959
T0001686,A00066,M012,12/14/24,-394.60,PURCHASE 993111
T0002882,A00059,M012,05/12/2025,-3.96,PURCHASE 549753
T0002360,A00084,M002,25-Dec-2024,(76.20),PURCHASE 538849
T0000297,A00072,M010,24-Apr-2025,$-288.43,PURCHASE 746910
T0002952,A00006,M025,05/08/25,-82.46,  PURCHASE 608281  
T0001478,A00045,M010,06/19/24,-151.41,PURCHASE 574631
T0002685,A00055,M014,01-Feb-2024,-188.36,PURCHASE 623885
T0000721,A00074,M031,01/14/2024,"1,868.10",  PAYROLL DEP 416110  
T0001134,A00036,M016,08/03/24,$(41.75),PURCHASE 317312
T0001637,A00042,M013,10/07/2024,-294.50,PURCHASE 571595
T0001463,A00060,M005,06/24/25, -375.59 ,PURCHASE 362848
T0000920,A00040,M004,09/11/2024,-371.80,  PURCHASE 418186  
T0000868,A00008,M027,2024-04-24,$-164.82,PURCHASE 874212
T0001509,A00030,M008,01/04/2024,-211.86,PURCHASE 509799
T0002668,A00011,M013,2025-06-07,-244.86,PURCHASE 326072
T0001999,A00027,M010,16-Aug-2024,$-257.89,PURCHASE 449366
T0002693,A00016,M004,01/29/24, $-235.31 ,PURCHASE 365431
T0001162,A00070,M002,01/27/24,-177.63,  PURCHASE 690798  
T0002314,A00031,,05/12/24,(27.08),PURCHASE 930326
T0001633,A00064,M012,31-Mar-2024,-387.38,  PURCHASE 194864  
T0001665,A00090,M001,2024-09-09,$-175.20,PURCHASE 347845
T0001269,A00045,,08/19/2024,-286.84,  PURCHASE 961878  
T0001442,A00003,M027,2025-06-24,(397.47),PURCHASE 161293
T0002181,A00051,M003,10/02/24,(157.24),  PURCHASE 171766  
T0000614,A00016,M015,26-Apr-2024,-181.64,PURCHASE 821997
T0002763,A00060,M023,03/31/25, (330.14) ,PURCHASE 470186
T0003189,A00042,M026,24-May-2025,$-146.91,PURCHASE 354749
T0000222,A00031,M031,08/30/24,$-258.66,PURCHASE 995825
T0001259,A00023,M029,29-Jan-2025,$-350.79,PURCHASE 969005
T0000069,A00060,M019,08-Jan-2025, (86.32) ,PURCHASE 842776
T0001389,A00012,M011,2025-01-22,-384.18,  PURCHASE 839031  
T0002283,A00025,M017,04/03/24,-277.31,PURCHASE 224100
T0001947,A00007,M012,08/25/24,$-230.36,PURCHASE 104468
T0000927,A00007,M014,05/21/2025,-153.26,PURCHASE 589218
T0000979,A00030,M019,,-83.76,  PURCHASE 320846  
T0000987,A00072,M001,2024-06-04,-199.49,  PURCHASE 833986  
T0001405,A00037,M011,2025-05-21,(401.37),PURCHASE 298712
T0000579,A00014,M022,06/30/2024,$(256.46),PURCHASE 205102
T0001313,A00041,M005,01/10/24, $(140.69) ,PURCHASE 306851
T0000098,A00019,M007,03/21/24,-409.29,PURCHASE 774396
T0002396,A00083,M010,14-Jun-2024,-350.01,PURCHASE 229436
T0000629,A00009,M009,03/09/25,-343.23,PURCHASE 763432
T0002704,A00057,M013,07/29/24,-228.78,PURCHASE 407587
T0001271,A00065,M028,2025-04-16,$-286.68,PURCHASE 779587
T0001061,A00027,M003,05/17/2024,(132.78),PURCHASE 665422
T0003045,A00033,M016,04/30/24,-268.41,PURCHASE 991042
T0001017,A00062,M020,03/01/2024,-281.09,PURCHASE 706424
T0000879,A00044,M011,2024-07-21,(198.40),PURCHASE 742069
T0001774,A00033,M007,06/14/24,(173.17),PURCHASE 114302
T0000680,A00042,M031,08/21/24,"1,988.21",  PAYROLL DEP 873768  
T0000027,A00022,M031,22-Jun-2025,-75.22,PURCHASE 774558
T0003208,A99999,M009,2025-05-15,(84.18),PURCHASE ORPHAN
T0000165,A00023,M011,03/17/24,$(103.45),PURCHASE 346415
T0000103,A00046,M008,2025-03-05,$-176.58,PURCHASE 155230
T0002528,A00070,M005,03/09/25,-145.66,  PURCHASE 397466  
T0002244,A00072,M003,04/13/2024,$-67.09,  PURCHASE 470162  
T0001408,A00032,M008,04/10/2025,$(172.74),  PURCHASE 238144  
T0001598,A00044,M025,10/04/2024,-286.33,PURCHASE 302163
T0002197,A00048,M015,01/22/25,-399.39,PURCHASE 864357
T0000797,A00042,M011,01/14/25,-306.04,  PURCHASE 105948  
T0002416,A00012,M030,08/25/24,(193.41),PURCHASE 960481
T0002188,A00089,M026,12-Mar-2024, -292.05 ,PURCHASE 653323
T0000331,A00061,M011,2024-02-16,$-29.36,  PURCHASE 355479  
T0000358,A00092,M026,03/29/25,-306.58,PURCHASE 250616
T0001089,A00050,M006,05/26/2025,-384.63,  PURCHASE 717604  
T0001477,A00002,M021,31-Jan-2025,-22.92,PURCHASE 540172
T0002960,A00067,M016,12-Mar-2025,-67.29,PURCHASE 209861
T0002506,A00013,M013,09/26/24,-150.47,  PURCHASE 403614  
T0003167,A00021,M016,01/16/2025,$-194.42,PURCHASE 754400
T0000250,A00074,M018,07/02/2024,-176.13,PURCHASE 209159
T0000321,A00053,M013,10/10/2024,-165.04,PURCHASE 310416
T0000850,A00013,M018,2025-02-20, -411.73 ,PURCHASE 715983
T0001132,A00044,M003,11/24/2024,-147.65,PURCHASE 198114
T0001930,A00001,M010,04/24/25,$-71.79,PURCHASE 335946
T0002022,A00006,M027,2024-09-14,-166.83,PURCHASE 143570
T0003104,A00075,M012,30-Oct-2024,$-151.09,PURCHASE 547248
T0001482,A00070,M024,26-Apr-2024,-97.34,PURCHASE 524484
T0000438,A00012,M029,2025-02-18,-128.74,PURCHASE 667059
T0001565,A00082,M003,03/22/24,-123.63,PURCHASE 541685
T0002815,A00050,,11/06/24,-172.33,PURCHASE 459951
T0002779,A00068,M007,2024-05-10,$-326.56,PURCHASE 954978
T0000607,A00061,M020,11/23/24,-325.84,PURCHASE 321766
T0000764,A00086,M001,2024-10-27,$(189.30),PURCHASE 515461
T0001921,A00084,M005,04-Jun-2024,$-226.68,PURCHASE 923925
T0000624,A00056,M026,02/04/25,$-12.16,PURCHASE 428817
T0002971,A00012,M027,05/24/25,$-353.34,PURCHASE 153365
T0000949,A00020,M028,11/30/2024,-398.52,PURCHASE 815321
T0000617,A00088,M031,02/09/2025,"3,073.79",  PAYROLL DEP 933762  
T0000580,A00030,,2024-04-12,-48.88,PURCHASE 380658
T0001699,A00017,M020,2024-01-01,$(405.30),PURCHASE 939912
T0002268,A00085,M005,05/20/2025,(134.17),PURCHASE 588574
T0000784,A00078,M010,01/06/2025,-396.98,  PURCHASE 879860  
T0001989,A00074,M006,01/21/2024,-182.84,  PURCHASE 111112  
T0003072,A00078,M012,21-Jan-2024,-85.55,PURCHASE 415349
T0000743,A00043,M006,2024-11-20,-380.69,  PURCHASE 978409  
T0000323,A00005,M001,06/01/24,-392.02,PURCHASE 640418
T0001709,A00065,M025,02/16/2024, $(393.99) ,PURCHASE 211403
T0000068,A00080,M006,24-Jul-2024,-405.23,PURCHASE 354200
T0001198,A00077,M006,2025-01-25,-114.67,PURCHASE 346903
T0003133,A00091,M015,2025-04-29, -171.33 ,  PURCHASE 824484  
T0001887,A00004,M009,25-Jun-2025, -210.07 ,PURCHASE 245911
T0000132,A00011,M029,02/05/2024,$-218.51,  PURCHASE 275284  
T0000954,A00054,M031,02/06/25,"2,442.36",PAYROLL DEP 390551
T0002860,A00010,M004,01/20/25,$-25.65,PURCHASE 302657
T0000813,A00019,M028,07-Mar-2024,-274.88,PURCHASE 116619
T0000245,A00055,M006,06/02/2025,-371.18,PURCHASE 665136
T0000453,A00085,M004,2025-05-31, $-115.29 ,PURCHASE 119527
T0001113,A00048,M025,02-Jun-2025,$-190.56,PURCHASE 453669
T0000072,A00003,M021,02/15/2024,-285.51,PURCHASE 371306
T0000300,A00056,M014,03/17/25,$-239.53,  PURCHASE 846490  
T0000194,A00064,M029,07/20/2024,-264.30,PURCHASE 707021
T0000887,A00076,M025,2024-02-11,$-276.84,PURCHASE 111196
T0000990,A00046,M022,02/06/2025,-70.89,PURCHASE 954209
T0002560,A00060,M027,10/06/24,-19.82,PURCHASE 271358
T0002888,A00048,M029,04/16/2024,$-268.48,PURCHASE 902101
T0001644,A00088,M021,25-Jan-2025,$(142.63),PURCHASE 375469
T0000197,A00022,M031,01/02/25,"$4,389.01",PAYROLL DEP 929906
T0000645,A00010,M004,2025-05-20, $-287.04 ,PURCHASE 379108
T0002073,A00055,M030,11/07/2024,-116.01,PURCHASE 456371
T0001624,A00040,M028,06/07/25,-185.09,PURCHASE 541160
T0000785,A00015,M008,01/28/25,-14.68,PURCHASE 881668
T0000342,A00062,M001,26-Mar-2024,-292.05,PURCHASE 116703
T0002219,A00009,M031,2024-07-21,$-254.26,PURCHASE 683105
T0002003,A00065,M019,02/13/2024,-18.82,PURCHASE 152486
T0002246,A00009,M013,2024-09-18,-169.56,PURCHASE 876634
T0001116,A00062,M027,05/14/2024,,PURCHASE 456442
T0002622,A00009,M025,11/15/24,-294.78,PURCHASE 632118
T0001793,A00070,M023,11/14/24,$-140.58,PURCHASE 838091
T0003098,A00071,M024,2025-06-07,$-302.64,  PURCHASE 210678  
T0003207,A99999,M026,08/18/24,-87.72,PURCHASE ORPHAN
T0000961,A00010,M016,12/16/24,$-214.65,PURCHASE 977594
T0000105,A00024,M025,2025-05-20, $-84.49 ,PURCHASE 344315
T0001656,A00064,M022,2024-01-29,$-311.23,PURCHASE 319231
T0001651,A00037,M013,2024-02-16,-266.07,  PURCHASE 773515  
T0000451,A00034,M018,27-Apr-2024,$-73.12,PURCHASE 277409
T0002540,A00007,M025,08/03/2024,-62.53,PURCHASE 968125
T0000566,A00001,M010,24-Jan-2025, -294.97 ,PURCHASE 154164
T0000415,A00056,M013,06/15/2024,$-121.82,PURCHASE 945522
T0000506,A00017,M020,03/14/25,$-36.11,PURCHASE 349628
T0000779,A00083,M026,2025-03-30,-76.76,  PURCHASE 267003  
T0001844,A00065,M012,21-Mar-2025,-341.58,  PURCHASE 240038  
T0000787,A00030,M010,2024-03-07,-89.08,PURCHASE 623019
T0002245,A00031,M031,02/12/24,$-416.67,PURCHASE 647514
T0002674,A00092,M014,06/25/2024,-381.31,PURCHASE 818507
T0002229,A00025,M017,2024-07-21,$-152.04,PURCHASE 925116
T0002902,A00074,M026,05/30/2024,-387.05,PURCHASE 125247
T0001757,A00084,M018,03/29/2024,-322.29,PURCHASE 312775
T0002926,A00085,M027,02/23/2025,(144.06),PURCHASE 692752
T0002153,A00029,M031,03/18/24,"$4,090.44",  PAYROLL DEP 307331  
T0000177,A00072,M002,10/21/2024,-389.34,PURCHASE 113595
T0002034,A00074,M001,02/19/25,-415.09,PURCHASE 902390
T0000894,A00048,M021,2024-08-21,-351.63,PURCHASE 461506
T0000861,A00042,M031,2025-01-29,-227.25,PURCHASE 633458
T0001804,A00091,M022,2024-07-29,$-290.64,  PURCHASE 927124  
T0001336,A00068,M005,07/03/2024,$(301.10),PURCHASE 167070
T0000918,A00043,M027,07-Aug-2024,$-129.51,  PURCHASE 327337  
T0003168,A00060,M030,04/07/25,-418.57,PURCHASE 356720
T0002393,A00007,M019,2025-05-13,-200.63,PURCHASE 101464
T0002551,A00053,M016,11/16/2024, (129.95) ,PURCHASE 679285
T0002053,A00086,M008,01/24/25,-195.28,PURCHASE 295559
T0000715,A00041,M016,10/26/24, -335.24 ,PURCHASE 891634
T0001581,A00063,M020,07/09/2024,-153.07,PURCHASE 832538
T0000936,A00051,M016,2024-12-11,-17.32,PURCHASE 110793
T0000436,A00023,M025,20-Mar-2025,(18.47),PURCHASE 937886
T0002510,A00017,M028,18-Mar-2025,-180.04,  PURCHASE 512440  
T0003047,A00044,M028,01/21/25,-26.42,  PURCHASE 330952  
T0001248,A00013,M029,,(132.68),PURCHASE 270407
T0001180,A00084,,2024-02-21,-112.31,PURCHASE 893002
T0002126,A00049,M031,06/28/2025,"4,381.82",  PAYROLL DEP 619401  
T0001912,A00021,M028,05/24/25,-136.45,PURCHASE 736842
T0000021,A00035,M015,16-Mar-2024,-321.76,PURCHASE 513037
T0001590,A00092,M030,21-May-2024, $-4.01 ,PURCHASE 300183
T0001964,A00039,M005,05-Feb-2025,$-252.69,PURCHASE 923624
T0003055,A00057,M004,2024-03-28,$(370.79),  PURCHASE 499724  
T0002132,A00032,M014,2024-12-02,$-78.89,  PURCHASE 495184  
T0002453,A00088,M015,03/10/25,-275.71,  PURCHASE 242699  
T0002995,A00020,M014,2024-09-09,-378.33,PURCHASE 505683
T0002735,A00069,M010,01/17/2024,-300.07,PURCHASE 150567
T0002415,A00013,M021,2024-07-14,(82.94),PURCHASE 122378
T0002719,A00056,M004,08-Jun-2025,$-206.11,PURCHASE 559699
T0000217,A00041,,11/19/2024, $-218.38 ,PURCHASE 960959
T0000501,A00076,M003,15-Jul-2024,-94.98,PURCHASE 535872
T0002002,A00080,M012,2025-01-29,-281.41,PURCHASE 826380
T0002299,A00039,M021,15-Sep-2024,-18.04,PURCHASE 729686
T0002851,A00078,M003,10/25/2024,-213.94,PURCHASE 598652
T0000126,A00008,M029,2024-03-16, -159.57 ,PURCHASE 743453
T0002848,A00017,,02/04/25,(19.50),PURCHASE 965415
T0002876,A00022,M014,05-Feb-2024,-212.32,  PURCHASE 982620  
T0001205,A00030,M010,06-Feb-2025,-364.75,  PURCHASE 101662  
T0002446,A00004,M010,2025-04-19,-353.32,PURCHASE 368820
T0000492,A00056,M023,2024-11-13,-280.22,PURCHASE 581250
T0002752,A00009,M026,04/25/2025,-261.90,PURCHASE 239723
T0000468,A00070,M029,2024-02-04,(356.49),PURCHASE 756602
T0000564,A00006,M009,2025-06-07,$-322.73,PURCHASE 840777
T0001084,A00001,M030,06/13/2024,-253.95,PURCHASE 170420
T0000360,A00054,M002,,-346.11,PURCHASE 929653
T0002076,A00024,M018,27-Apr-2025,-183.05,PURCHASE 330881
T0000107,A00041,M029,2025-06-16,$(158.33),PURCHASE 178465
T0002288,A00012,M026,2024-10-31,-207.91,  PURCHASE 525766  
T0000450,A00040,M018,30-Mar-2025, (256.06) ,PURCHASE 535092
T0002914,A00049,M006,22-Aug-2024,-295.15,PURCHASE 494005
T0000170,A00008,M031,02/28/25,"3,953.02",  PAYROLL DEP 628689  
T0002478,A00089,M026,2025-04-16,(261.98),PURCHASE 932952
T0001027,A00069,M022,23-Jul-2024,$-354.08,PURCHASE 356779
T0002224,A00043,M019,28-Mar-2025,$-285.17,PURCHASE 107573
T0002480,A00027,M016,2025-06-12,-138.33,PURCHASE 201676
T0000999,A00046,M019,,$-108.98,  PURCHASE 516263  
T0001863,A00021,M012,05/06/2025, $-36.58 ,  PURCHASE 903765  
T0002373,A00026,M023,29-Jan-2025,-337.20,PURCHASE 698667
T0000553,A00034,M011,11/08/24, $(355.47) ,PURCHASE 188693
T0001290,A00012,M024,05/23/25,$(278.90),PURCHASE 750436
T0000637,A00091,M003,2025-03-22,-82.71,  PURCHASE 155040  
T0000652,A00051,M031,01-Apr-2024,-160.53,PURCHASE 652501
T0001288,A00090,M019,10/01/2024,$-322.60,PURCHASE 704223
T0001663,A00055,M005,12/13/24,-123.78,  PURCHASE 412276  
T0003198,A00075,M019,01/30/2024,-94.69,  PURCHASE 670119  
T0001691,A00006,M031,17-Oct-2024,"$2,744.24",  PAYROLL DEP 411595  
T0000538,A00057,M004,07/02/24,-411.78,PURCHASE 135644
T0001063,A00073,M003,2024-12-09,-41.46,PURCHASE 527030
T0000435,A00084,M017,14-Apr-2025, $(334.35) ,PURCHASE 172961
T0002580,A00062,M015,19-Feb-2024,-341.92,PURCHASE 627614
T0000008,A00060,M008,11/17/24,(403.54),PURCHASE 912609
T0000964,A00071,M006,09/23/2024,-94.38,  PURCHASE 499973  
T0002162,A00022,M026,2024-09-15, (382.84) ,PURCHASE 723214
T0001238,A00030,M012,08/11/24,-348.46,PURCHASE 292565
T0001958,A00083,M019,01/26/24,-7.34,PURCHASE 111961
T0001185,A00032,M019,16-Jan-2024,-218.28,PURCHASE 281287
T0001759,A00010,M015,08/28/2024,-220.27,PURCHASE 281917
T0001679,A00072,M004,29-Mar-2024,-87.77,PURCHASE 117011
T0001753,A00056,M017,2024-08-13,$-211.66,PURCHASE 522491
T0000319,A00004,M031,04/04/2024,"3,820.07",PAYROLL DEP 190582
T0003020,A00015,M006,26-Jun-2024,$-244.42,PURCHASE 544251
T0001158,A00050,M027,22-Feb-2024,(380.00),  PURCHASE 791288  
T0003026,A00070,M015,01/13/25,$-13.48,PURCHASE 801215
T0001437,A00056,M031,11/10/24,"4,268.60",PAYROLL DEP 452613
T0002017,A00069,M005,02/27/25,$(216.50),PURCHASE 252328
T0002853,A00076,M012,09/06/24, -19.13 ,PURCHASE 867291
T0002060,A00061,M015,02/04/2025,-7.94,PURCHASE 552029
T0001044,A00044,M017,2025-05-03,(382.58),PURCHASE 429372
T0002166,A00042,M004,01/04/25,-346.82,PURCHASE 327497
T0000026,A00092,M007,04-Jun-2024,-174.13,PURCHASE 244789
T0002776,A00065,M024,04/20/2024,$-275.73,PURCHASE 884989
T0003122,A00062,M015,03/14/2025, -107.40 ,PURCHASE 651059
T0000665,A00083,M020,03/25/2025,$(54.37),PURCHASE 636362
T0003069,A00031,M024,11/29/2024,-221.18,PURCHASE 598970
T0001480,A00023,M029,2024-07-09,-157.88,PURCHASE 668552
T0000239,A00046,M025,2024-07-22,-42.18,PURCHASE 266316
T0002167,A00077,M031,2024-07-30,-66.22,PURCHASE 846087
T0002402,A00039,M024,2024-04-11,(200.43),PURCHASE 286941
T0002334,A00076,M026,01/07/25,-81.12,PURCHASE 932917
T0000065,A00034,M020,12/28/2024,$-252.38,PURCHASE 686716
T0001056,A00040,M008,2024-05-05,(339.40),PURCHASE 925620
T0002368,A00052,M002,2025-04-21,$-4.21,PURCHASE 572737
T0001874,A00021,M008,06/19/24, -329.55 ,PURCHASE 815085
T0001994,A00074,M008,01/21/2024, -118.61 ,PURCHASE 543653
T0001264,A00045,M031,01-Oct-2024,-378.92,PURCHASE 595125
T0002293,A00069,M016,01/06/25,-46.18,PURCHASE 264580
T0000876,A00048,M017,02/12/25,$(88.87),PURCHASE 748938
T0001064,A00066,M011,01/22/2024,-102.10,PURCHASE 200647
T0001000,A00053,M029,2024-10-07,-230.91,PURCHASE 421078
T0001708,A00045,M016,01/26/2025,-360.97,PURCHASE 325914
T0001003,A00014,M030,2025-01-05, -123.42 ,PURCHASE 227339
T0001426,A00010,M003,12/20/2024,-210.20,PURCHASE 302011
T0001143,A00035,M029,27-Jun-2025,$-47.64,  PURCHASE 107945  
T0003127,A00031,M020,03/11/2024,$(18.74),PURCHASE 682742
T0001616,A00062,M005,2024-05-16,-94.77,  PURCHASE 279582  
T0002024,A00036,M030,01/26/2024,-329.31,PURCHASE 708343
T0002362,A00032,M028,2024-12-30,,PURCHASE 584819
T0003071,A00050,M017,08/10/24,(28.22),PURCHASE 841063
T0000576,A00084,,2024-10-28,-264.02,PURCHASE 116398
T0000901,A00008,M023,03/09/2024,-201.78,PURCHASE 113597
T0001225,A00054,M005,01-Nov-2024,(228.26),PURCHASE 512586
T0001766,A00077,M026,2025-02-10,-269.83,PURCHASE 565413
T0001057,A00082,M021,2024-09-03,(286.05),PURCHASE 526400
T0002900,A00005,M001,2024-03-20, -325.74 ,PURCHASE 664608
T0000206,A00026,M031,06/26/25,-337.56,  PURCHASE 830550  
T0000716,A00048,M004,09/10/24,-76.47,PURCHASE 607236
T0001957,A00071,M012,23-Oct-2024,-177.44,PURCHASE 704624
T0000517,A00052,M014,2025-03-09,-108.45,  PURCHASE 531603  
T0000795,A00008,M017,08/25/2024,-130.35,PURCHASE 804524
T0003013,A00086,M014,05/31/24,-381.70,PURCHASE 454871
T0001807,A00030,M022,31-Aug-2024,-281.37,PURCHASE 113243
T0000854,A00032,M031,06/25/25,"2,911.32",PAYROLL DEP 280767
T0002486,A00009,M016,11/20/2024,$-24.84,PURCHASE 378889
T0001115,A00090,,12/06/2024,"$4,970.75",  PAYROLL DEP 714812  
T0001048,A00070,M030,01-Oct-2024,$-54.05,PURCHASE 105213
T0002507,A00053,M020,10/10/2024,-193.76,PURCHASE 575074
T0002862,A00043,M004,2024-12-22,-134.73,PURCHASE 723667
T0002082,A00016,M030,02/07/2025,-329.57,PURCHASE 809493
T0002266,A00012,M026,01/16/24,$-287.00,PURCHASE 644544
T0000703,A00029,M005,04/26/25, $(365.56) ,PURCHASE 655021
T0000825,A00083,M007,08/15/2024,$-308.83,PURCHASE 939133
T0002070,A00083,M024,10/21/2024,-141.15,PURCHASE 708286
T0000644,A00060,M011,05/29/2025,(25.17),PURCHASE 408287
T0003097,A00034,M008,13-Nov-2024,-273.38,PURCHASE 368093
T0000673,A00017,M017,2024-06-14,-340.22,PURCHASE 949355
T0001025,A00021,M029,03/05/2024,$-47.67,PURCHASE 997423
T0000243,A00039,M031,07/16/2024,"$3,084.41",PAYROLL DEP 669097
T0000971,A00038,M019,2024-12-28,-302.55,PURCHASE 624001
T0000367,A00064,M020,03/28/2025,(221.14),PURCHASE 234966
T0002631,A00080,M007,2024-01-31,-268.86,PURCHASE 603485
T0003137,A00043,M026,2024-03-28,$-373.88,  PURCHASE 507689  
T0001148,A00091,M023,2024-04-20,-28.35,PURCHASE 847237
T0001174,A00050,M003,05/28/24,$-187.67,PURCHASE 293680
T0000253,A00038,M010,05/18/2024,-5.74,  PURCHASE 962283  
T0000587,A00058,M012,07/05/2024,-136.15,PURCHASE 941105
T0001808,A00090,M002,05/08/25,-12.65,PURCHASE 109264
T0001121,A00057,M003,17-Feb-2025,(280.37),PURCHASE 480829
T0003010,A00012,M001,06/09/24,$-383.03,PURCHASE 631047
T0000599,A00006,M021,19-Apr-2025,-41.90,PURCHASE 268870
T0000313,A00086,M012,06/03/2024,-339.87,PURCHASE 459502
T0002945,A00084,M007,01/31/24,$-157.30,PURCHASE 416819
T0001421,A00036,M009,03/11/2025,(165.01),PURCHASE 390801
T0002057,A00077,M031,09/29/2024,-101.15,PURCHASE 123579
T0001983,A00044,M008,2024-02-18,$(115.68),PURCHASE 539103
T0002619,A00051,M011,04/24/2025,-155.12,PURCHASE 416162
T0001240,A00088,,,-151.52,PURCHASE 354778
T0000258,A00015,M011,02/07/2025, (37.42) ,PURCHASE 911414
T0001940,A00022,M018,2025-03-21, (101.93) ,PURCHASE 606231
T0001526,A00054,M022,04-Oct-2024,-50.50,PURCHASE 207957
T0000466,A00082,M003,06/17/2024,-264.04,  PURCHASE 450541  
T0002966,A00040,M013,06/18/24, $-335.60 ,PURCHASE 140162
T0000398,A00087,M030,04/27/25,-353.77,PURCHASE 630930
T0000909,A00054,M025,2024-06-09,$-133.97,  PURCHASE 714969  
T0000857,A00068,M031,2025-02-02,-51.53,PURCHASE 297488
T0001287,A00091,M013,2025-04-29,$-29.38,PURCHASE 938108
T0000684,A00018,M024,07/29/2024,-342.20,PURCHASE 678190
T0001354,A00080,M031,03/03/2024,"3,650.84",PAYROLL DEP 683303
T0001956,A00028,M023,03-Jan-2025,$-374.03,PURCHASE 704116
T0000953,A00056,M021,2024-12-11,-340.59,PURCHASE 457983
T0001523,A00034,M010,08/31/24,$-289.52,PURCHASE 538878
T0001599,A00047,M013,2025-03-31,-338.26,PURCHASE 520244
T0001903,A00048,M021,2024-05-03,$-52.13,PURCHASE 472865
T0000661,A00040,M025,07-Jan-2024,$(367.84),PURCHASE 449682
T0002071,A00024,M004,05/12/2024,(152.56),  PURCHASE 839329  
T0002174,A00030,M028,01/28/24,(383.75),PURCHASE 325960
T0000429,A00058,M020,26-Jun-2024,-208.24,PURCHASE 119011
T0000168,A00071,,2025-04-08,-277.77,PURCHASE 492052
T0001196,A00093,M015,05/06/2024,-403.46,PURCHASE 707418
T0000664,A00074,M001,28-Jul-2024,$(350.25),PURCHASE 960116
T0001341,A00063,M031,03/04/2024,"3,153.57",PAYROLL DEP 338171
T0000131,A00084,M027,2024-08-20,-164.42,PURCHASE 347088
T0001212,A00090,M005,29-Sep-2024, $-254.52 ,PURCHASE 377174
T0001228,A00040,M002,31-Mar-2025,-289.37,PURCHASE 430434
T0002376,A00090,M001,08-Jun-2025,-311.37,PURCHASE 716179
T0001245,A00010,,07-May-2024,$-206.84,PURCHASE 557735
T0001772,A00040,M015,07/04/2024, -237.01 ,  PURCHASE 117469  
T0001622,A00088,M028,,$-276.41,PURCHASE 612181
T0002973,A00067,M023,11/16/2024,-175.68,PURCHASE 502457
T0000353,A00056,M012,02/05/24,-64.69,PURCHASE 623676
T0002018,A00066,M031,2025-02-17,"2,364.17",PAYROLL DEP 879677
T0000125,A00027,M016,19-Jan-2025,$-331.90,PURCHASE 135035
T0001911,A00017,M012,06/06/2024,(310.69),PURCHASE 991070
T0000483,A00050,M026,2025-03-18,(210.48),PURCHASE 186422
T0002033,A00045,M029,2025-04-20,-237.12,PURCHASE 641866
T0003051,A00009,M006,16-Sep-2024,-394.48,PURCHASE 440213
T0001838,A00076,M001,03/02/2025,(258.49),PURCHASE 841009
T0000981,A00078,M009,25-Apr-2025,-243.63,PURCHASE 263156
T0002682,A00091,M005,01/23/25,-378.94,PURCHASE 401874
T0000337,A00051,M004,2024-11-29,-139.00,PURCHASE 593869
T0002574,A00081,M028,2024-12-17,-176.31,PURCHASE 304428
T0002302,A00054,M017,2024-11-06,$-20.89,PURCHASE 941934
T0000490,A00043,M031,2024-06-30,"$4,142.68",PAYROLL DEP 344359
T0003106,A00014,M021,, $-220.47 ,PURCHASE 538663
T0002028,A00015,M007,05/30/2025,-31.86,PURCHASE 429989
T0002401,A00082,M024,21-Mar-2025,-338.11,PURCHASE 552035
T0002847,A00001,M015,2025-06-22,$(37.51),PURCHASE 262585
T0000256,A00016,M014,12/22/24,$-176.69,  PURCHASE 111989  
T0000533,A00019,M004,29-May-2025,-117.03,PURCHASE 495007
T0001054,A00077,M018,2024-04-21,$-293.82,PURCHASE 739731
T0001298,A00056,,20-Feb-2024,$-197.30,PURCHASE 807181
T0000946,A00084,M002,03/02/2024,(366.07),PURCHASE 735894
T0001266,A00047,M027,11/09/24,-145.48,PURCHASE 516363
T0002225,A00051,M014,2024-10-19,(327.72),  PURCHASE 156177  
T0000615,A00037,,03/30/24,$-40.38,PURCHASE 671194
T0002770,A00090,M008,27-May-2025,-329.36,PURCHASE 988737
T0002223,A00079,M001,04/01/24,-99.37,PURCHASE 441053
T0001469,A00033,M013,2025-05-03,$-315.57,  PURCHASE 774721  
T0001451,A00002,M026,02/04/25,-417.21,PURCHASE 798751
T0000810,A00004,M031,05/20/24,-186.33,PURCHASE 498895
T0002689,A00093,M020,05-Mar-2024,-126.16,PURCHASE 892373
T0000693,A00029,M015,2024-11-17,-77.98,PURCHASE 254037
T0002768,A00053,M001,07/05/24,-401.47,PURCHASE 377034
T0002589,A00080,M008,05/30/25,-14.97,PURCHASE 989840
T0000159,A00045,M002,2024-10-30,$(44.62),  PURCHASE 874415  
T0001744,A00018,M031,04/23/2025,-384.67,PURCHASE 769944
T0003135,A00063,M002,08/16/24,-327.05,PURCHASE 642001
T0000996,A00030,M026,04-Jan-2025,(259.40),PURCHASE 254985
T0000063,A00079,M022,01/19/2025,$-247.31,PURCHASE 380989
T0001936,A00037,M025,2025-06-29,-380.42,PURCHASE 820528
T0002582,A00030,M024,11-Mar-2025,(249.17),PURCHASE 886381
T0002436,A00067,M018,2024-10-14,-377.81,PURCHASE 810238
T0002515,A00077,M011,14-May-2024, $-103.32 ,  PURCHASE 428591  
T0003212,A99999,M025,24-Apr-2025,-47.43,PURCHASE ORPHAN
T0002985,A00085,M030,11/23/24,-125.41,PURCHASE 677336
T0003128,A00050,M013,07/29/2024,$-17.17,PURCHASE 181990
T0001166,A00055,M030,16-Feb-2024,-178.82,PURCHASE 741522
T0000262,A00089,M001,11/08/2024,-141.39,PURCHASE 753306
T0002026,A00075,M031,06/12/2025,-360.73,PURCHASE 190097
T0000505,A00040,M001,2025-05-08,-256.76,PURCHASE 113937
T0002108,A00050,M002,04/14/2025,-417.50,PURCHASE 260592
T0001853,A00051,M026,2024-09-27,-236.93,PURCHASE 567353
T0000401,A00083,M007,12/01/2024,-38.19,PURCHASE 121741
T0001606,A00090,M016,03/08/2024,-251.69,PURCHASE 385984
T0002931,A00075,M031,2024-04-24,(286.71),  PURCHASE 736889  
T0001047,A00029,M002,02/10/2024,-172.61,  PURCHASE 117819  
T0002256,A00085,M029,02/03/25,(253.44),  PURCHASE 245735  
T0001776,A00072,M026,11/30/24,-290.89,PURCHASE 485329
T0003014,A00079,M007,03-Mar-2024, $-121.61 ,PURCHASE 264586
T0002664,A00018,M007,07/26/24,-416.87,  PURCHASE 608420  
T0001304,A00066,M016,26-Feb-2025, $-336.75 ,PURCHASE 694212
T0001273,A00073,M002,04-Mar-2024,$-388.73,PURCHASE 125780
T0002564,A00039,M018,2025-03-22,$-172.11,PURCHASE 969750
T0002422,A00043,M026,2024-08-23, -391.52 ,PURCHASE 869628
T0002792,A00080,M010,04/05/24,-205.12,PURCHASE 652760
T0001842,A00021,M010,24-Aug-2024,$-55.88,PURCHASE 637277
T0002962,A00009,M006,2025-04-29,-214.38,PURCHASE 606664
T0001405,A00037,M011,2025-05-21,(401.37),PURCHASE 298712
T0002681,A00070,M029,2024-07-06,$(5.56),PURCHASE 308930
T0000455,A00025,M031,07-Apr-2025,"4,562.99",PAYROLL DEP 605608
T0001486,A00093,M019,10/01/2024,-87.71,  PURCHASE 568019  
T0001483,A00056,M008,2024-07-17,-83.38,PURCHASE 107594
T0002183,A00069,M030,01/23/2025,$-110.67,PURCHASE 990548
T0001123,A00060,M006,02/24/2024,$-302.53,PURCHASE 564412
T0003181,A00043,M007,08/03/24,$-144.63,PURCHASE 550653
T0000248,A00056,M027,2025-05-18,(36.34),PURCHASE 486996
T0000669,A00064,M022,12-Oct-2024,-129.32,  PURCHASE 790982  
T0002891,A00008,M017,2024-09-11,-409.55,PURCHASE 336130
T0001951,A00081,M031,01/26/25,"$2,116.96",PAYROLL DEP 436341
T0001107,A00083,M008,2024-10-21,-6.17,PURCHASE 178129
T0001655,A00017,M005,2025-06-15,(358.65),PURCHASE 293136
T0002123,A00043,M009,12/30/24,-140.90,PURCHASE 355314
T0000814,A00048,,16-Feb-2024,$-76.96,PURCHASE 725165
T0002974,A00047,M015,2024-01-06,-371.45,  PURCHASE 160487  
T0002611,A00071,M015,2025-06-03,$-195.69,PURCHASE 686509
T0001736,A00088,M015,08/10/24, (136.32) ,PURCHASE 641400
T0001734,A00016,M016,2024-10-25,-146.86,PURCHASE 151157
T0002901,A00035,M002,14-Jan-2025,-201.83,PURCHASE 233146
T0001584,A00081,M020,01/01/2024,$(81.77),PURCHASE 618671
T0001015,A00008,M031,2024-09-27,$(237.02),PURCHASE 208919
T0001620,A00029,M018,08/03/2024,-216.39,PURCHASE 517955
T0001080,A00059,M004,2024-03-05,$-350.66,  PURCHASE 451106  
T0000324,A00045,M001,03/12/24,$-163.30,  PURCHASE 449636  
T0002644,A00054,M001,01/05/2025,$-194.82,PURCHASE 614204
T0001555,A00027,M003,20-Dec-2024,-306.96,PURCHASE 749230
T0002014,A00015,M024,02/02/2024,-303.21,PURCHASE 520962
T0001552,A00019,,10/08/2024,-232.33,PURCHASE 536189
T0002494,A00077,M022,03/22/24,$-206.58,PURCHASE 863582
T0003040,A00043,M005,2024-04-22,$(148.77),PURCHASE 555671
T0000096,A00030,M005,2025-01-04,-164.31,  PURCHASE 907788  
T0002354,A00033,M016,27-May-2025,$-377.90,  PURCHASE 851477  
T0002519,A00067,M011,2025-05-16,-110.28,PURCHASE 436058
T0000997,A00010,M031,20-Jul-2024,-307.94,  PURCHASE 578608  
T0001045,A00050,M031,01/27/2024,"1,966.10",PAYROLL DEP 859063
T0001419,A00038,,04/02/2024, -172.38 ,  PURCHASE 877395  
T0000484,A00041,M012,04/10/2024,(18.96),PURCHASE 816742
T0001337,A00020,M004,08/10/24,-120.35,PURCHASE 217353
T0000186,A00053,M009,02/25/24,$-235.72,PURCHASE 554059
T0001980,A00042,M019,04/23/25,$-174.82,PURCHASE 173494
T0002298,A00038,M013,03/31/2025,$-163.55,PURCHASE 470758
T0000399,A00029,M001,30-Nov-2024,,PURCHASE 309794
T0002650,A00041,M009,02/03/2024,-46.63,PURCHASE 329674
T0002468,A00073,M030,11-Feb-2024,$(165.40),  PURCHASE 228733  
T0000464,A00088,M011,02/23/2024,-183.37,  PURCHASE 895891  
T0001261,A00062,M023,14-Nov-2024,$-38.29,PURCHASE 351052
T0000402,A00050,M028,07/22/24, $-73.37 ,PURCHASE 694797
T0000226,A00080,M021,2024-07-22,-273.69,PURCHASE 872303
T0000668,A00014,M028,01-Jan-2025, -212.84 ,PURCHASE 468959
T0001764,A00002,M014,11/11/24,-255.87,PURCHASE 208890
T0002932,A00080,M020,03/16/2024, $-201.67 ,PURCHASE 122161
T0001765,A00049,M016,10-Apr-2024,-169.02,  PURCHASE 347660  
T0000682,A00034,M024,2024-01-11,$-316.82,  PURCHASE 362062  
T0002489,A00056,M004,16-Dec-2024, $-61.79 ,PURCHASE 105095
T0000648,A00030,M001,04/30/25,(77.02),PURCHASE 596846
T0002104,A00025,M018,2024-11-27,(226.28),PURCHASE 258047
T0001990,A00063,M023,01/17/24, -408.07 ,PURCHASE 426908
T0000930,A00048,M013,01/17/25,-221.14,PURCHASE 211596
T0000815,A00092,M006,2024-06-10,-393.43,PURCHASE 214705
T0002758,A00010,M025,10-Mar-2024,-240.48,PURCHASE 702083
T0002670,A00044,M026,10/14/24,$-300.21,PURCHASE 901417
T0000768,A00018,M002,2024-09-06,-159.06,PURCHASE 390302
T0000195,A00029,M018,2024-09-23,$-199.87,PURCHASE 405134
T0000329,A00047,M021,2024-02-16,(57.43),PURCHASE 278980
T0001634,A00027,M019,17-Sep-2024,-183.50,PURCHASE 987681
T0000036,A00040,M005,2024-04-07,(202.10),PURCHASE 445637
T0002913,A00053,M021,2025-05-24,-183.49,PURCHASE 506091
T0000343,A00045,M015,,-324.86,PURCHASE 764170
T0000341,A00024,M029,2024-06-01,(5.12),PURCHASE 656921
T0001495,A00058,M030,06/21/2024, -93.37 ,PURCHASE 276971
T0000986,A00023,M011,2024-12-10,$(250.47),PURCHASE 549359
T0001196,A00093,M015,05/06/2024,-403.46,PURCHASE 707418
T0000439,A00019,M021,2025-06-17,-69.73,PURCHASE 861800
T0000521,A00073,M019,2024-03-06,$-100.90,  PURCHASE 797640  
T0000454,A00025,M014,05/08/24,-188.97,PURCHASE 276358
T0000057,A00073,M031,20-Oct-2024,"4,564.73",PAYROLL DEP 256130
T0001456,A00011,M013,2025-02-01,-300.29,PURCHASE 676665
T0003203,A99999,M015,06/25/2025, $(11.88) ,PURCHASE ORPHAN
T0001254,A00012,M003,06/14/2024,-176.35,PURCHASE 737658
T0000061,A00085,M010,2025-02-11,-70.74,PURCHASE 892313
T0001792,A00024,M008,03/01/24,-37.96,PURCHASE 452349
T0001310,A00012,M029,11/17/24, -61.74 ,PURCHASE 785578
T0002035,A00019,M027,07/21/24,$-415.93,PURCHASE 701604
T0000610,A00025,M022,07/22/2024,-244.23,PURCHASE 868738
T0000205,A00020,M003,05/30/25,-204.09,PURCHASE 780768
T0001972,A00087,M031,04-Jan-2025,-116.25,PURCHASE 158252
T0001041,A00091,M011,2024-03-23, -195.19 ,PURCHASE 128648
T0001702,A00014,M010,02/11/2025,$-194.75,PURCHASE 657322
T0002688,A00029,M027,01/04/2024,(68.85),PURCHASE 600408
T0002173,A00093,M020,10-Feb-2025,$-105.40,PURCHASE 617107
T0000228,A00084,M020,10/25/2024,-271.82,PURCHASE 572161
T0000316,A00090,M026,01/13/24, -190.16 ,PURCHASE 768387
T0000937,A00039,M015,03/11/24,-117.57,PURCHASE 223384
T0001970,A00089,M019,,$-166.59,  PURCHASE 631164  
T0001386,A00049,M020,12/23/24,,  PURCHASE 450081  
T0002555,A00023,M024,2025-06-25,$-92.70,PURCHASE 567595
T0000359,A00010,M031,12/09/2024,(249.31),PURCHASE 584567
T0000905,A00037,M020,01/28/2025,-137.13,PURCHASE 170176
T0002451,A00064,M021,2024-11-18,(283.12),PURCHASE 720623
T0002301,A00022,M031,06/21/2025,"2,580.55",PAYROLL DEP 856668
T0001401,A00017,M013,05/01/2025,$-412.90,PURCHASE 620103
T0000928,A00076,M021,06/02/25,-63.49,  PURCHASE 955908  
T0000771,A00084,M005,2024-12-20,-195.63,PURCHASE 133833
T0000504,A00063,M004,24-Jun-2024,-253.14,PURCHASE 448176
T0002047,A00034,M031,2024-08-24,"4,086.79",PAYROLL DEP 493706
T0001223,A00077,M017,01/03/25,-321.56,  PURCHASE 386270  
T0001627,A00043,M023,15-Aug-2024,-345.84,PURCHASE 180058
T0002398,A00047,M009,2024-12-14,-199.94,  PURCHASE 698401  
T0002971,A00012,M027,05/24/25,$-353.34,PURCHASE 153365
T0003044,A00036,M014,03/01/24,-219.69,PURCHASE 741684
T0002372,A00029,M021,12-Jul-2024,-33.71,PURCHASE 731408
T0002537,A00050,M022,05-Aug-2024, -125.62 ,PURCHASE 630348
T0002323,A00043,M028,11-Jul-2024,-60.58,PURCHASE 459971
T0000560,A00033,M015,10/02/2024, (276.67) ,PURCHASE 843670
T0000711,A00073,M026,2024-04-29,-35.97,PURCHASE 761257
T0002253,A00045,M026,01/12/24,-357.30,PURCHASE 578919
T0001823,A00084,M006,07/23/24,-251.69,PURCHASE 889886
T0000368,A00019,M003,2024-05-08,$(180.14),PURCHASE 305888
T0002550,A00054,M029,12/16/24,-91.64,  PURCHASE 329342  
T0002659,A00030,M013,08/02/2024,(185.61),PURCHASE 595084
T0000568,A00087,,07-Jan-2025,-43.40,PURCHASE 478939
T0000489,A00016,M007,2025-02-04,-398.60,PURCHASE 770043
T0002878,A00021,M022,12/01/2024,-394.18,PURCHASE 379866
T0001899,A00023,M004,02-Jan-2024,$-222.73,PURCHASE 547840
T0000736,A00057,M029,01/01/24,-407.42,PURCHASE 896925
T0000156,A00068,M009,2024-04-13,-262.71,PURCHASE 396439
T0003095,A00034,M021,25-Jul-2024,-286.67,PURCHASE 793041
T0001976,A00069,M023,06/28/25,(44.58),PURCHASE 620462
T0001244,A00027,M025,2024-06-14, -232.65 ,PURCHASE 860801
T0001617,A00090,M028,19-Nov-2024,$-336.37,PURCHASE 588652
T0001367,A00055,M020,18-Feb-2024,-41.68,PURCHASE 473945
T0000214,A00075,M024,04/02/24,-349.01,PURCHASE 303974
T0001188,A00013,M004,06/28/24,-283.12,PURCHASE 381390
T0000035,A00011,M031,09-Jul-2024,"$2,946.18",  PAYROLL DEP 525187  
T0001758,A00084,M030,2025-03-06,-93.52,PURCHASE 161040
T0000046,A00070,M010,05/23/2024,-100.65,PURCHASE 348411
T0002208,A00044,M031,12/24/24,"4,926.09",PAYROLL DEP 558713
T0003184,A00040,M014,18-Nov-2024,(300.08),PURCHASE 213927
T0001520,A00033,M013,03/03/2024, -321.17 ,PURCHASE 948910
T0001130,A00083,M017,04/21/2025,-363.13,PURCHASE 799764
T0000624,A00056,M026,02/04/25,$-12.16,PURCHASE 428817
T0000462,A00063,M018,27-May-2025,-83.80,PURCHASE 882209
T0001554,A00049,M006,01-Sep-2024,(363.24),PURCHASE 734407
T0002046,A00089,M011,2024-02-26,-179.86,  PURCHASE 908783  
T0000282,A00035,M024,2024-06-30,$(244.43),PURCHASE 170953
T0000090,A00078,M031,06/18/2024," 3,927.05 ",PAYROLL DEP 323788
T0001378,A00042,M021,25-Jun-2025,-256.72,PURCHASE 654823
T0001149,A00035,M031,04-Jan-2025,$-117.90,PURCHASE 692583
T0002120,A00052,M025,09/01/24,-413.04,PURCHASE 701283
T0001816,A00059,M019,,$-164.59,PURCHASE 342563
T0000047,A00038,M009,14-Aug-2024,-28.42,PURCHASE 619696
T0000799,A00054,M024,11/29/24,-86.17,PURCHASE 441293
T0000773,A00092,M010,01/24/24,-235.04,PURCHASE 990941
T0002865,A00045,M031,2024-11-24, -135.39 ,PURCHASE 228184
T0001852,A00073,M001,11/27/2024,-272.26,PURCHASE 459824
T0002963,A00087,M020,05/14/2024,(305.80),  PURCHASE 371523  
T0001843,A00082,M018,03-Nov-2024,-255.08,PURCHASE 652400
T0001769,A00029,M012,07/11/24,-403.15,  PURCHASE 405039  
T0000037,A00071,M004,29-Aug-2024,-197.07,PURCHASE 823821
T0000690,A00091,M031,06/15/2025, $-162.00 ,PURCHASE 387721
T0000604,A00031,M021,02/13/24,-26.79,PURCHASE 494077
T0001576,A00055,M026,04/02/2024, -42.15 ,PURCHASE 368079
T0000086,A00044,M013,10/02/24,$-191.48,PURCHASE 486999
T0000514,A00024,M002,13-Mar-2024,$-416.86,PURCHASE 908735
T0000676,A00016,M031,01/24/2024,-123.89,PURCHASE 402062
T0002077,A00015,M006,2025-01-08,-21.85,  PURCHASE 736765  
T0000268,A00016,M007,04/04/25,$-275.08,PURCHASE 649249
T0002633,A00004,M007,08/18/24,$-146.88,PURCHASE 875568
T0001609,A00090,M020,01/02/2024,-107.66,PURCHASE 470959
T0000757,A00064,M029,2025-02-13,-121.09,PURCHASE 802416
T0002447,A00055,M031,28-Feb-2024,-97.90,PURCHASE 718543
T0001314,A00077,M014,05-May-2024,-329.64,PURCHASE 739287
T0000328,A00040,M022,06/19/25, $-365.87 ,PURCHASE 612643
T0001029,A00017,M018,15-Mar-2024, $-187.01 ,PURCHASE 716038
T0003049,A00046,M018,01/31/25,-195.31,PURCHASE 636107
T0002484,A00046,M022,28-Mar-2025,-236.41,PURCHASE 976535
T0002098,A00064,M007,05/14/2025, -243.42 ,PURCHASE 828006
T0000875,A00084,M005,08/20/24,-353.34,PURCHASE 565455
T0002459,A00031,M031,09/08/24,"$3,252.27",  PAYROLL DEP 242309  
T0001777,A00091,M016,01/24/25,-332.01,PURCHASE 168769
T0000182,A00047,M018,06/27/2025,(346.48),PURCHASE 743512
T0001379,A00037,M007,2024-09-29,(180.41),PURCHASE 291076
T0000838,A00074,M002,10/10/24,-138.32,PURCHASE 673862
T0002554,A00064,M015,24-Dec-2024,$-163.29,PURCHASE 203523
T0001973,A00058,M024,04/22/2025,(10.47),PURCHASE 279107
T0002009,A00036,M009,09/23/24,-238.31,PURCHASE 688446
T0002884,A00081,M004,03-Jul-2024,(284.99),  PURCHASE 350043  
T0003209,A99999,M020,08/10/24,-55.28,PURCHASE ORPHAN
T0002172,A00004,M019,11-Jul-2024,-258.23,PURCHASE 462146
T0000327,A00018,M031,11/11/2024, $-350.88 ,PURCHASE 144894
T0001856,A00067,M003,01/20/2024,-12.06,  PURCHASE 188142  
T0001875,A00005,M007,05-May-2025,-40.60,PURCHASE 639090
T0000161,A00059,M021,05/04/25,(372.51),PURCHASE 208751
T0000819,A00013,M005,12-May-2024,(97.06),PURCHASE 337212
T0001344,A00006,M028,11-Apr-2024,$-214.88,PURCHASE 166375
T0000416,A00037,M016,01/11/25, -188.75 ,PURCHASE 486123
T0002433,A00053,M020,06/19/25,-374.64,PURCHASE 576006
T0002536,A00011,M029,2024-11-08,-58.50,PURCHASE 444374
T0001101,A00032,M022,02/12/25, $(263.71) ,PURCHASE 477861
T0000998,A00024,M029,05-Mar-2024,-176.99,PURCHASE 333727
T0000340,A00038,M007,05/15/2025,-249.69,PURCHASE 443194
T0000585,A00006,M010,2024-11-04,-148.28,PURCHASE 845859
T0000325,A00088,M028,04/02/2024,-403.71,PURCHASE 141241
T0002906,A00031,M021,26-Feb-2024,-153.77,  PURCHASE 607872  
T0000033,A00086,M013,2024-02-07,-331.58,PURCHASE 412886
T0003101,A00068,M030,05/28/24,-217.84,PURCHASE 664061
T0002841,A00049,M003,01/09/2025,-49.02,PURCHASE 198825
T0001358,A00063,M016,2024-02-23,-384.13,PURCHASE 942683
T0001591,A00045,M024,09/25/24,-32.60,PURCHASE 648110
T0002249,A00064,M005,2024-03-01,-95.22,PURCHASE 629421
T0002508,A00045,M011,01-Apr-2024,-148.57,PURCHASE 313210
T0001332,A00067,M021,2024-06-09,(37.91),PURCHASE 410454
T0001300,A00016,M031,09/25/2024, $-388.04 ,PURCHASE 741714
T0001949,A00034,M008,,-81.98,PURCHASE 706274
T0000959,A00045,M030,06/18/2024,-94.88,  PURCHASE 505487  
T0001508,A00015,M013,13-Jan-2025,$-354.14,  PURCHASE 640769  
T0003093,A00092,M003,15-May-2024,-17.87,  PURCHASE 480828  
T0002702,A00087,M021,2024-07-25,-190.45,PURCHASE 537267
T0000675,A00025,M015,2024-05-21,$(181.27),PURCHASE 223655
T0001049,A00088,M016,06/30/2024,-210.85,PURCHASE 167282
T0002445,A00089,M017,01/17/2024,$-196.15,PURCHASE 399122
T0001831,A00037,M025,2024-11-17,-24.98,PURCHASE 872672
T0000774,A00089,M006,23-Oct-2024,-322.79,PURCHASE 728357
T0002870,A00070,M029,11-Mar-2025,-125.54,  PURCHASE 335212  
T0003062,A00083,M021,11/13/2024,$-390.77,PURCHASE 463054
T0000460,A00072,M012,09-Jan-2024,$-393.42,PURCHASE 475202
T0000459,A00020,M021,24-Mar-2024,-274.58,PURCHASE 952262
T0003061,A00032,M007,02/04/2024, -37.82 ,PURCHASE 685510
T0001889,A00081,M031,2024-07-14,(53.91),PURCHASE 447270
T0000623,A00007,M019,01/24/24,$-364.51,PURCHASE 289401
T0001206,A00003,M016,10/02/2024,-20.50,PURCHASE 312129
T0001892,A00049,M004,09/22/24,-378.54,PURCHASE 616043
T0000903,A00074,M023,02-Aug-2024,-100.34,PURCHASE 681955
T0001140,A00028,M025,05/23/25,$(43.52),PURCHASE 442505
T0001752,A00060,M001,06/04/24,-213.13,PURCHASE 591495
T0001109,A00045,M011,2024-04-20,(87.36),PURCHASE 863197
T0002367,A00037,M007,21-Feb-2024,$-121.61,PURCHASE 106829
T0000361,A00055,M022,2025-04-28,-375.25,PURCHASE 390683
T0002729,A00024,M012,04/02/25,-34.51,PURCHASE 975677
T0001497,A00081,M003,2024-07-03, (357.90) ,PURCHASE 283504
T0000130,A00078,M009,10-Jul-2024,-186.37,PURCHASE 201400
T0001818,A00040,M006,04/26/2024, $-204.23 ,PURCHASE 152302
T0002227,A00077,M017,2024-07-28,,PURCHASE 200703
T0002237,A00045,M015,22-Sep-2024, (182.44) ,  PURCHASE 286037  
T0001910,A00001,M013,06-Dec-2024,-388.80,PURCHASE 845115
T0002282,A00045,M031,10-Feb-2025,"$2,728.76",PAYROLL DEP 315570
T0001680,A00040,M030,05-Jan-2024,$(220.15),  PURCHASE 992426  
T0000513,A00052,M031,05-Jan-2024,"3,502.38",PAYROLL DEP 491270
T0003042,A00091,M031,12/06/24,"$2,719.08",PAYROLL DEP 490111
T0001039,A00033,M008,2024-08-25,-381.64,PURCHASE 455584
T0002747,A00055,M027,2025-04-26,(315.08),  PURCHASE 240720  
T0000785,A00015,M008,01/28/25,-14.68,PURCHASE 881668
T0000650,A00016,M012,04/08/25, -415.74 ,  PURCHASE 844653  
T0001087,A00044,M007,19-Dec-2024,$-94.01,  PURCHASE 276888  
T0002731,A00060,M003,10-Oct-2024,-136.37,PURCHASE 247993
T0000292,A00038,M002,15-May-2024,$-194.56,PURCHASE 723155
T0002089,A00037,M013,04/22/2025,$-42.16,PURCHASE 102741
T0001513,A00034,M017,2025-06-15,$-314.31,PURCHASE 704886
T0000845,A00028,M029,02/13/2025,-379.28,PURCHASE 552266
T0000620,A00090,M026,24-Aug-2024,-55.68,PURCHASE 978012
T0002793,A00065,M028,12/20/24,(154.04),  PURCHASE 376767  
T0001566,A00084,M006,2024-05-15,-106.50,PURCHASE 244564
T0002276,A00001,M019,13-May-2024,-249.35,PURCHASE 233760
T0001418,A00061,M001,2024-01-03,-231.74,  PURCHASE 722585  
T0000347,A00069,M009,30-May-2025,-25.71,PURCHASE 657742
T0000078,A00045,M023,06/25/2024,-336.86,PURCHASE 222629
T0001545,A00018,M019,04/26/2025,-258.58,PURCHASE 799535
T0001371,A00090,M003,07/07/24,-133.71,PURCHASE 443343
T0000039,A00083,M017,03/24/2024,$-296.47,PURCHASE 700521
T0001241,A00089,M015,03/31/24,$-94.72,PURCHASE 578715
T0000884,A00021,M019,05/18/2025,(146.38),  PURCHASE 810277  
T0001535,A00009,M025,01/01/24,(125.45),PURCHASE 472097
T0001787,A00031,M027,06/01/2024,-284.74,PURCHASE 619999
T0000955,A00001,M016,2025-03-13,$-251.23,PURCHASE 940223
T0000346,A00056,M008,05/21/2024,-228.03,PURCHASE 889759
T0002890,A00025,M017,05/10/2025,-316.84,PURCHASE 854491
T0000290,A00084,M003,2024-02-02,-210.27,PURCHASE 217683
T0002924,A00050,M012,26-Feb-2024,-418.34,PURCHASE 395881
T0002481,A00039,M013,2024-06-29,-174.93,PURCHASE 209454
T0002504,A00041,M022,06/22/2025,$-117.94,PURCHASE 311989
T0001857,A00015,M005,05/30/25,-381.03,  PURCHASE 326738  
T0000458,A00045,M031,12/02/24,"4,152.27",PAYROLL DEP 533232
T0000575,A00001,,11-Sep-2024,-225.93,PURCHASE 839730
T0001331,A00031,M031,10-Jun-2025,"4,074.00",PAYROLL DEP 992687
T0001647,A00075,M009,2024-09-15,(160.61),PURCHASE 256045
T0002918,A00019,M025,01/28/25,-363.26,PURCHASE 885148
T0001521,A00013,M019,03/23/2024,-343.44,PURCHASE 906841
T0000812,A00084,M003,2025-03-01,,PURCHASE 942438
T0001603,A00032,M027,05/27/24, -87.12 ,PURCHASE 977131
T0000038,A00067,M016,08/12/2024,-66.88,PURCHASE 663628
T0001153,A00081,M031,08-Feb-2024," 4,027.35 ",PAYROLL DEP 894073
T0002220,A00045,M022,24-Apr-2025,$-283.28,PURCHASE 199198
T0000817,A00054,M004,06/21/25,(9.23),  PURCHASE 535239  
T0002844,A00090,M025,04/11/24,$-105.05,PURCHASE 438772
T0002786,A00017,M031,11/13/24,-149.21,PURCHASE 111049
T0000725,A00078,M019,2024-04-20,-409.65,  PURCHASE 448583  
T0002590,A00021,M021,04/25/2025,$-44.58,PURCHASE 104657
T0001066,A00053,M007,11/24/24,-44.68,PURCHASE 633804
T0001002,A00036,M031,12/02/24,-203.10,PURCHASE 369581
T0000712,A00084,M030,02/09/2024,(297.03),  PURCHASE 765318  
T0000951,A00063,M010,07/14/2024,$-83.00,PURCHASE 297502
T0001182,A00055,M011,,-295.15,PURCHASE 156307
T0000051,A00052,M025,04/30/24,$-202.71,PURCHASE 913185
T0001681,A00087,M020,03/17/2024,-91.87,PURCHASE 296631
T0001504,A00073,M024,2024-10-21,-84.99,PURCHASE 540636
T0001443,A00082,M018,04/17/24, $-348.31 ,PURCHASE 113847
T0001943,A00083,M001,2024-08-24,-164.34,PURCHASE 887154
T0001402,A00030,M023,09/28/24,$-272.25,  PURCHASE 301765  
T0000312,A00047,M003,,$-55.88,  PURCHASE 369437  
T0001030,A00009,M030,08/02/24,-101.71,PURCHASE 897872
T0001975,A00062,M023,08/09/24,-271.66,PURCHASE 260986
T0000294,A00040,,30-Apr-2024,-117.11,PURCHASE 433955
T0000511,A00071,M016,02/11/25,-187.05,PURCHASE 120773
T0001458,A00048,M025,2024-04-23,-34.84,PURCHASE 902241
T0000237,A00030,M014,05/20/2025,-132.93,  PURCHASE 984522  
T0000005,A00080,M011,2024-07-03,-45.78,PURCHASE 565471
T0002365,A00028,M028,30-Oct-2024,$(48.15),PURCHASE 886302
T0001635,A00077,M021,2024-05-05,-241.65,PURCHASE 739379
T0002207,A00060,M014,20-Nov-2024,-199.36,PURCHASE 568449
T0002023,A00089,M031,06/29/25,"2,318.50",  PAYROLL DEP 733636  
T0001952,A00031,M015,28-Apr-2024,,PURCHASE 393407
T0002176,A00005,M028,09-Jul-2024,$-373.86,PURCHASE 878771
T0002652,A00093,M001,2024-11-03,$-243.95,PURCHASE 751635
T0001821,A00070,M028,2024-11-19,(59.22),PURCHASE 537789
T0000117,A00037,M009,09/10/2024,-225.55,PURCHASE 936124
T0001859,A00053,M012,06/03/24,-186.37,PURCHASE 330519
T0001632,A00005,M030,01/09/2025,-69.79,PURCHASE 686741
T0001062,A00022,M019,2024-12-17,(61.09),PURCHASE 731205
T0000003,A00019,M027,2025-06-11,$-229.44,PURCHASE 787584
T0001017,A00062,M020,03/01/2024,-281.09,PURCHASE 706424
T0001931,A00075,M001,01-Oct-2024,-84.74,PURCHASE 806262
T0002067,A00052,M029,10/05/2024,-344.64,PURCHASE 555856
T0000414,A00001,M002,2024-10-16,$-313.16,  PURCHASE 908323  
T0000583,A00059,M010,05/30/2024,-97.19,  PURCHASE 277795  
T0001286,A00019,M011,05/04/24,(64.92),PURCHASE 633429
T0000530,A00067,M003,09/22/24,$-49.45,PURCHASE 233606
T0002101,A00003,M020,02/03/2024, $(201.33) ,PURCHASE 819183
T0001305,A00075,M008,05/31/24,(239.26),PURCHASE 220375
T0002379,A00017,M001,02/14/2025,-405.05,  PURCHASE 690275  
T0001854,A00016,M022,27-Feb-2024,-361.31,PURCHASE 494675
T0002390,A00065,M011,03/19/2024,-209.40,PURCHASE 384870
T0002147,A00009,M010,14-Apr-2025,-46.48,PURCHASE 712139
T0002406,A00049,M031,30-May-2024,-336.30,PURCHASE 206725
T0002109,A00070,M005,,(375.62),PURCHASE 128149
T0000738,A00025,M026,28-Mar-2025,-107.47,PURCHASE 996922
T0002816,A00034,M001,2024-08-24, $-296.83 ,PURCHASE 452022
T0002614,A00071,M029,04-Dec-2024,-6.89,PURCHASE 147240
T0002346,A00040,M029,06/15/2025,$(53.76),PURCHASE 797291
T0002106,A00063,M027,03/02/2025,$-11.11,PURCHASE 956235
T0001016,A00077,M031,05/09/2024,-345.85,PURCHASE 704704
T0003187,A00025,M029,05/23/2025,-358.27,PURCHASE 866651
T0003039,A00044,M015,05/24/24,-395.50,  PURCHASE 653587  
T0002122,A00003,M003,04-Feb-2025,$(117.69),PURCHASE 627764
T0003159,A00010,M003,07/21/24, $-272.95 ,PURCHASE 577554
T0003005,A00003,M027,05/18/24,$-226.68,PURCHASE 543763
T0001830,A00033,M002,11-Jul-2024,-53.67,PURCHASE 318008
T0001492,A00017,M018,01/08/24,-204.45,PURCHASE 345868
T0002093,A00028,M011,05-Sep-2024,$-156.52,  PURCHASE 531041  
T0000508,A00056,M022,2024-02-25,$-415.15,  PURCHASE 292461  
T0001775,A00021,M026,19-May-2024,$-75.04,PURCHASE 481136
T0002055,A00067,M031,14-Aug-2024,"2,675.51",PAYROLL DEP 450165
T0001586,A00067,M031,05/07/2024,"$4,236.51",PAYROLL DEP 895206
T0001272,A00084,M027,12/15/24,$-64.54,  PURCHASE 526495  
T0000364,A00066,M020,06-Jul-2024,-316.85,  PURCHASE 818739  
T0000271,A00003,M008,08/24/2024,-289.64,PURCHASE 846606
T0002116,A00086,M005,2024-01-13,-148.12,  PURCHASE 815839  
T0003084,A00053,M017,03/18/24,$-25.86,PURCHASE 591758
T0002673,A00009,M004,24-Jan-2025,-180.91,  PURCHASE 917323  
T0002774,A00046,M020,2024-11-22, $-351.96 ,PURCHASE 310608
T0000408,A00058,M027,05/26/25,-120.18,PURCHASE 376570
T0002318,A00093,M012,18-Jun-2024,$-357.32,PURCHASE 773885
T0001012,A00010,M004,12-Apr-2024,$-409.42,PURCHASE 182668
T0002426,A00005,M010,08/10/2024,-255.84,  PURCHASE 628344  
T0001839,A00084,M005,2024-11-14, (128.13) ,PURCHASE 287782
T0000084,A00056,M018,2024-03-01,-120.21,  PURCHASE 999695  
T0000048,A00040,M011,01/25/2025,$-293.36,PURCHASE 336290
T0000761,A00012,M002,15-Feb-2025,-129.33,PURCHASE 490935
T0001918,A00049,M004,03-Sep-2024, $-147.19 ,PURCHASE 229047
T0003214,A99999,M016,05/24/2024,-10.01,PURCHASE ORPHAN
T0000892,A00083,M023,08/26/24,-36.11,PURCHASE 734868
T0001826,A00049,M004,18-Jul-2024,-337.57,PURCHASE 890954
T0002869,A00068,M009,03/12/2024,-369.35,PURCHASE 889466
T0001682,A00036,M016,02/08/2024,-128.79,  PURCHASE 277544  
T0002983,A00042,M011,03/29/2024,-226.18,PURCHASE 298907
T0000572,A00058,M031,10/23/2024,"3,724.99",PAYROLL DEP 638430
T0000907,A00084,M021,23-Jul-2024, $-81.48 ,PURCHASE 648931
T0000922,A00056,M024,03-May-2024,-400.16,PURCHASE 860017
T0000192,A00084,M020,,(277.98),PURCHASE 276831
T0000275,A00039,M025,02/11/25, -348.12 ,  PURCHASE 249149  
T0000486,A00006,M024,2025-02-11,-315.39,PURCHASE 583814
T0000528,A00004,M011,06/13/24,$-379.40,  PURCHASE 229077  
T0001941,A00033,M002,04/06/2024,-120.57,  PURCHASE 508872  
T0001615,A00065,M005,06/02/24,-372.61,PURCHASE 976583
T0001069,A00078,M031,2024-05-07," 4,067.89 ",PAYROLL DEP 691881
T0001374,A00076,M019,02/23/2024,$(247.29),PURCHASE 338944
T0000846,A00079,M005,03/19/24,-137.13,PURCHASE 922312
T0000432,A00003,M002,04/14/24,$(214.55),PURCHASE 842563
T0001099,A00003,M025,04/07/2025,-35.52,PURCHASE 616393
T0001541,A00029,M013,05/03/2025,-234.84,PURCHASE 112957
T0001618,A00053,M011,03/31/25,(133.89),PURCHASE 818789
T0003083,A00087,M027,05/17/2024,-85.73,PURCHASE 322732
T0002979,A00056,M021,2024-05-03,$-114.44,PURCHASE 847828
T0002618,A00025,M029,2025-02-13,-212.39,PURCHASE 646380
T0000410,A00050,M029,03/22/2025,-389.65,  PURCHASE 986925  
T0001191,A00004,M018,2024-07-15,-227.72,PURCHASE 669273
T0000189,A00077,M001,17-Jan-2025,$(233.82),PURCHASE 189261
T0000818,A00080,M016,01/01/2024,-378.11,  PURCHASE 201080  
T0000902,A00019,M020,03/15/25,-56.97,PURCHASE 596524
T0000087,A00032,M015,05-Apr-2024,-267.73,PURCHASE 964915
T0001250,A00077,M028,05/14/2024,-221.88,PURCHASE 305817
T0002818,A00012,M028,12/22/24,-376.48,PURCHASE 321423
T0001302,A00001,M005,02-Dec-2024,-255.47,  PURCHASE 907966  
T0003082,A00056,M031,13-Feb-2025,"4,451.85",PAYROLL DEP 400106
T0000369,A00081,M022,2024-02-14,(7.28),  PURCHASE 803175  
T0000027,A00022,M031,22-Jun-2025,-75.22,PURCHASE 774558
T0002592,A00092,M022,04-Aug-2024,(198.16),  PURCHASE 191302  
T0001351,A00079,M003,10/18/24,-400.65,PURCHASE 354313
T0000804,A00087,M002,02/19/24, (383.71) ,PURCHASE 937055
T0002956,A00087,M013,13-Feb-2024, -208.12 ,PURCHASE 403764
T0000856,A00046,M010,03-May-2024,-392.91,PURCHASE 302542
T0000433,A00037,M011,06-Jun-2024,,PURCHASE 975365
T0003024,A00009,M020,2024-10-02,-11.57,PURCHASE 176886
T0002272,A00015,,03/25/24,$-112.81,PURCHASE 400056
T0000139,A00082,M015,02/29/2024,(24.08),PURCHASE 229890
T0000590,A00007,M027,07-Mar-2025,(96.65),  PURCHASE 829937  
T0003057,A00006,M029,2025-05-21,$-41.83,  PURCHASE 927962  
T0001199,A00089,M031,05/26/2025,"$4,927.83",PAYROLL DEP 151774
T0001799,A00076,M007,03/06/2024,$-360.47,PURCHASE 866670
T0000639,A00084,M017,02-Apr-2025,-223.00,PURCHASE 336800
T0002669,A00025,M009,12/18/2024,-198.82,PURCHASE 298401
T0003158,A00057,M013,08-Jul-2024,$-328.94,PURCHASE 319928
T0002061,A00025,M006,10/25/2024,$(88.60),PURCHASE 879212
T0002965,A00043,M025,2024-04-14,-21.74,  PURCHASE 910814  
T0001722,A00073,M008,11/19/24,-404.25,PURCHASE 887869
T0001619,A00050,M019,06/10/25,(30.02),PURCHASE 899125
T0001548,A00058,M022,01/05/24,(154.99),PURCHASE 551530
T0000099,A00062,M030,,-184.18,  PURCHASE 225245  
T0000739,A00061,M006,14-Jul-2024,(392.14),PURCHASE 444406
T0002251,A00090,M013,01/07/24,-330.77,PURCHASE 883444
T0001274,A00038,M031,02/16/2024," 4,930.63 ",  PAYROLL DEP 585610  
T0002463,A00008,M004,03-May-2025,-288.91,PURCHASE 813448
T0002350,A00076,M005,03/09/24,-385.21,PURCHASE 376790
T0002613,A00015,M025,11/01/24, $-137.04 ,PURCHASE 417885
T0002408,A00061,M027,04/14/2024,$-369.05,  PURCHASE 850010  
T0001800,A00006,M018,2024-06-09,(105.66),PURCHASE 915806
T0002803,A00093,M020,02/13/2025,-376.10,PURCHASE 562886
T0002992,A00065,M030,2025-06-20,-69.57,PURCHASE 379193
T0003188,A00051,M005,06/11/2024,-13.47,PURCHASE 860035
T0000696,A00090,M011,10/16/2024,-256.11,PURCHASE 408347
T0001755,A00005,M014,05/22/24,-179.51,PURCHASE 721013
T0001329,A00078,M010,06/10/24,-51.80,PURCHASE 720140
T0002696,A00077,M028,02/29/2024,,PURCHASE 557552
T0001323,A00086,M029,11/21/24,$(321.72),PURCHASE 366891
T0001982,A00023,M004,01/20/2025,-143.76,PURCHASE 779046
T0002575,A00069,M023,2025-01-07,-51.87,PURCHASE 254453
T0000726,A00023,M016,07/31/24,-250.45,PURCHASE 897527
T0002005,A00013,M024,04/29/25,-149.92,PURCHASE 467544
T0002297,A00005,M007,22-Feb-2024,-65.71,PURCHASE 723407
T0000877,A00084,M007,01/18/2025,-166.81,PURCHASE 753887
T0001459,A00031,M031,07-Jun-2024,-269.67,PURCHASE 260965
T0002880,A00046,M016,01/25/2025,-216.84,  PURCHASE 788001  
T0000829,A00014,M007,03/05/2025,-106.66,PURCHASE 861244
T0000439,A00019,M021,2025-06-17,-69.73,PURCHASE 861800
T0000802,A00048,M027,23-Sep-2024,$-124.52,PURCHASE 429212
T0001506,A00039,M027,01/21/2024,$-355.88,PURCHASE 276894
T0000710,A00044,M017,2025-03-12,-55.62,PURCHASE 553263
T0001582,A00045,M006,10/23/2024,-365.20,PURCHASE 582543
T0001493,A00079,M015,28-Feb-2024,$-301.74,PURCHASE 627912
T0001195,A00056,M016,05-Jan-2025, -254.35 ,PURCHASE 892358
T0003175,A00002,M011,11/16/2024,-217.35,PURCHASE 197722
T0001688,A00012,M008,10/08/24,-5.12,PURCHASE 142493
T0000469,A00025,M013,02/23/24,-170.50,PURCHASE 575436
T0002258,A00059,M024,01/31/25,-228.24,PURCHASE 519452
T0001083,A00009,M025,05/23/24,-362.88,PURCHASE 615998
T0000043,A00083,M012,16-May-2024,$-52.47,PURCHASE 892911
T0000844,A00061,M031,05/28/2024,"2,628.51",PAYROLL DEP 695681
T0000444,A00046,M012,09-Jun-2024,$-387.35,PURCHASE 648171
T0002820,A00040,M021,2024-07-07,-268.23,PURCHASE 736976
T0002100,A00045,M031,02/08/2024,-384.98,PURCHASE 158528
T0002568,A00027,M017,08/23/2024,-367.45,PURCHASE 747253
T0002802,A00068,M011,05/25/25,-390.78,PURCHASE 481471
T0002502,A00064,M029,03/22/25,$-136.71,PURCHASE 619158
T0001349,A00067,M021,10/06/24,-268.40,  PURCHASE 566670  
T0001901,A00057,M008,12/08/2024,-152.04,PURCHASE 445771
T0001164,A00040,M002,03-May-2025,$-114.40,PURCHASE 709196
T0002917,A00045,M003,2024-11-28,-302.23,PURCHASE 420601
T0003086,A00034,M006,08/21/2024, -405.21 ,  PURCHASE 819363  
T0000491,A00078,M031,06/14/2025,"2,911.03",  PAYROLL DEP 879241  
T0000414,A00001,M002,2024-10-16,$-313.16,  PURCHASE 908323  
T0002250,A00028,M019,2025-01-31, $(321.09) ,PURCHASE 168264
T0002102,A00055,M006,03/15/2024, $-244.02 ,PURCHASE 126099
T0001136,A00091,M030,12/17/24,-223.66,PURCHASE 407874
T0002591,A00062,M014,2024-12-15,-312.45,PURCHASE 501674
T0002262,A00034,M017,07/11/2024,(116.51),  PURCHASE 796130  
T0002994,A00031,M030,05-Jan-2024,-357.54,PURCHASE 146688
T0000867,A00035,M009,2024-10-18,-48.24,PURCHASE 622156
T0001788,A00043,M011,12/24/2024,-401.05,PURCHASE 756208
T0000858,A00022,M003,11-Apr-2024,-279.68,PURCHASE 672922
T0001152,A00070,M014,09/29/24, $-44.77 ,  PURCHASE 568641  
T0001397,A00030,M004,01/13/2024,-395.85,PURCHASE 671422
T0000119,A00086,M031,05/17/2025,"1,990.97",PAYROLL DEP 945619
T0000822,A00061,M018,04/09/25,-186.42,PURCHASE 295370
T0001320,A00028,M025,12/17/24,-225.58,PURCHASE 361204
T0002168,A00036,M007,2024-01-12,$(291.06),  PURCHASE 404676  
T0002606,A00072,M025,2024-09-13,$-311.20,PURCHASE 489508
T0001392,A00031,M017,10/04/24, $-317.83 ,PURCHASE 936016
T0000240,A00029,M016,2025-06-17,-269.26,PURCHASE 763653
T0001608,A00013,M016,2024-01-15,-269.97,  PURCHASE 758439  
T0000120,A00048,M031,03/01/24,"3,794.47",PAYROLL DEP 491738
T0000310,A00068,M018,20-Mar-2024,(335.81),PURCHASE 637566
T0001757,A00084,M018,03/29/2024,-322.29,PURCHASE 312775
T0000169,A00005,M024,05/23/2024,$-303.89,PURCHASE 579247
T0002424,A00043,M027,06/25/2024,$(230.26),PURCHASE 752306
T0000336,A00045,M002,14-Feb-2024,-388.67,PURCHASE 856445
T0001527,A00028,M021,05/25/24, (216.09) ,PURCHASE 728177
T0002448,A00044,M001,13-Jun-2024,(120.81),PURCHASE 546698
T0000172,A00093,M013,11/25/2024,$-177.58,  PURCHASE 408463  
T0001851,A00015,M024,24-Sep-2024,-287.85,  PURCHASE 556064  
T0002193,A00090,M017,2024-10-12, -255.72 ,  PURCHASE 113379  
T0000510,A00050,M007,11/14/24,$-105.13,  PURCHASE 385066  
T0001376,A00040,M015,04/13/2025,-74.18,PURCHASE 698752
T0000370,A00051,M012,2024-10-11,-149.87,PURCHASE 959398
T0001151,A00014,M027,03/26/25,$-185.43,  PURCHASE 971044  
T0002474,A00063,M031,01/05/2025,"3,917.17",PAYROLL DEP 236502
T0000366,A00025,M023,22-Jun-2025, (232.81) ,PURCHASE 118223
T0001181,A00019,M007,11/22/24,$(328.79),PURCHASE 937738
T0003024,A00009,M020,2024-10-02,-11.57,PURCHASE 176886
T0001894,A00021,M026,2024-03-31,-306.12,PURCHASE 797732
T0000199,A00012,M013,,-408.61,PURCHASE 733561
T0001977,A00004,M019,05/12/24,-57.50,PURCHASE 337863
T0000449,A00047,M017,02/24/2024,$-81.98,PURCHASE 119895
T0001423,A00019,M007,2024-06-02,$-268.18,PURCHASE 391225
T0002136,A00084,M015,2024-06-14,$(366.71),PURCHASE 180213
T0002343,A00012,M022,2024-12-01,-292.00,PURCHASE 507026
T0001297,A00017,M019,01/30/25,$-180.90,PURCHASE 475488
T0002581,A00042,M018,01-Sep-2024,$-269.86,PURCHASE 957703
T0001568,A00060,M001,,-157.69,PURCHASE 978098
T0001962,A00012,M006,06/20/24,$-99.67,  PURCHASE 340947  
T0000111,A00086,M028,02/01/2024,-191.57,  PURCHASE 112537  
T0002381,A00001,M014,05/22/2025,-197.73,PURCHASE 667636
T0002454,A00084,M011,21-Apr-2024,-281.59,PURCHASE 835865
T0001416,A00048,M009,23-Aug-2024,$-215.61,PURCHASE 653421
T0001046,A00063,M005,05/05/24, -335.64 ,PURCHASE 278505
T0000007,A00075,M012,08/29/2024,$(154.02),PURCHASE 565504
T0001011,A00073,M003,2024-12-14,-409.63,PURCHASE 399006
T0002509,A00051,M003,2025-03-23,(196.48),PURCHASE 228625
T0002369,A00007,M001,04/08/2024,$-348.47,PURCHASE 752632
T0003003,A00016,M006,2025-03-08,(257.43),PURCHASE 595115
T0000940,A00064,M031,2024-05-15,-255.37,PURCHASE 827514
T0002332,A00021,M026,19-Jan-2025,$(67.58),PURCHASE 944386
T0000790,A00069,M007,10/11/24,$-308.80,PURCHASE 355790
T0001359,A00056,M023,03/13/25,-54.24,PURCHASE 724223
T0000479,A00024,M010,07/12/2024,(332.26),PURCHASE 712454
T0001059,A00056,M001,01/28/24,-247.40,PURCHASE 113757
T0001265,A00077,M026,2025-05-29,$-29.51,PURCHASE 661498
T0003067,A00061,M015,05/21/2025,-136.28,  PURCHASE 346129  
T0001623,A00011,M002,02/07/2024,$-192.60,PURCHASE 736166
T0001010,A00046,M018,11/20/24,$-345.84,PURCHASE 243570
T0000873,A00088,M020,01/30/2025,-164.28,PURCHASE 767625
T0000040,A00038,M007,2025-03-28, -301.95 ,PURCHASE 535604
T0000054,A00083,M027,12/11/24,-206.75,PURCHASE 246757
T0000556,A00023,M006,20-Jun-2025,-34.33,PURCHASE 491416
T0000304,A00013,M028,17-Feb-2025,$-125.68,PURCHASE 476695
T0000960,A00036,M015,02/22/25, -65.71 ,PURCHASE 315093
T0001597,A00068,M017,10/24/24,$-23.63,PURCHASE 488054
T0001530,A00068,M006,12/13/24,$-270.54,PURCHASE 721109
T0003138,A00044,M002,2024-10-13,-417.90,PURCHASE 367725
T0001159,A00018,M022,2024-03-26,-295.66,PURCHASE 253727
T0000351,A00019,M008,06/24/2024,$-204.93,PURCHASE 274444
T0000920,A00040,M004,09/11/2024,-371.80,  PURCHASE 418186  
T0000685,A00069,M017,11/22/2024,-46.53,PURCHASE 243792
T0000077,A00020,M007,2024-07-10,-193.80,PURCHASE 741003
T0000171,A00017,M014,2024-02-19,-352.79,PURCHASE 865979
T0000129,A00023,M016,25-Oct-2024,-354.85,PURCHASE 670557
T0002596,A00023,M031,23-Jun-2024,-344.01,PURCHASE 186288
T0002038,A00077,M030,27-Aug-2024,(3.53),PURCHASE 503415
T0000896,A00051,M025,31-Mar-2024, -385.11 ,PURCHASE 980515
T0001959,A00077,M031,07/05/24,(274.03),PURCHASE 599497
T0002783,A00011,M008,06/30/2024,(335.51),PURCHASE 492759
T0001281,A00025,M031,07/06/24,-361.22,PURCHASE 370816
T0002852,A00069,M014,14-Mar-2025,-414.57,PURCHASE 483259
T0001454,A00014,M023,10/15/2024,$-314.94,  PURCHASE 407059  
T0003153,A00049,M015,01/31/2025,$-139.83,PURCHASE 299793
T0000498,A00036,M015,09/05/24, $-61.49 ,PURCHASE 408433
T0000982,A00074,M014,19-Aug-2024,-204.58,  PURCHASE 720434  
T0000356,A00067,M003,2024-10-11,$-227.52,PURCHASE 433193
T0001880,A00051,M028,2024-09-04,$-24.69,PURCHASE 302576
T0000534,A00011,M030,08/03/2024,(340.94),PURCHASE 510840
T0000874,A00071,M021,08/17/2024,$-307.82,  PURCHASE 552708  
T0002257,A00015,,2025-01-19,-245.88,  PURCHASE 567654  
T0002822,A00023,M001,2024-11-19,$-289.66,PURCHASE 320994
T0002733,A00025,M025,09/14/24,-332.82,PURCHASE 225185
T0000678,A00016,M018,2024-03-01, -343.59 ,PURCHASE 944797
T0001450,A00050,M031,05/27/2025,"$2,377.04",PAYROLL DEP 514461
T0001960,A00045,M015,03/25/2025,-20.05,PURCHASE 621144
T0002629,A00025,M005,11-Jun-2025,$-8.37,PURCHASE 805271
T0002456,A00003,M006,14-Nov-2024,-336.21,PURCHASE 158681
T0001658,A00061,M013,11/07/2024, -127.43 ,PURCHASE 636869
T0000729,A00051,M015,05/04/24,-365.69,PURCHASE 246659
T0000308,A00080,M028,08-Jan-2024,-307.79,  PURCHASE 139704  
T0002064,A00029,M016,10/29/24,-108.66,PURCHASE 899048
T0000527,A00043,M015,04/23/25,$-401.26,PURCHASE 833907
T0002957,A00073,M030,2024-05-20, -111.66 ,  PURCHASE 833979  
T0001455,A00042,M020,19-Apr-2024, (340.51) ,PURCHASE 174730
T0003143,A00073,M014,12/13/2024,-33.74,PURCHASE 427213
T0000158,A00032,M030,14-Jan-2024,-49.05,PURCHASE 858724
T0002013,A00029,M001,2025-05-07,$-358.33,PURCHASE 453386
T0000627,A00077,M016,05/09/24,-86.08,PURCHASE 557244
T0000917,A00009,M007,08-Jun-2025,-80.07,PURCHASE 697905
T0001067,A00087,M018,11-May-2025,-271.61,PURCHASE 142301
T0002490,A00065,M004,2024-12-23,-156.21,PURCHASE 708524
T0000379,A00046,M004,03/16/2025, -162.97 ,PURCHASE 917241
T0002041,A00068,M022,02/01/25,-41.57,PURCHASE 230409
T0001436,A00055,M002,31-Jul-2024,-175.13,PURCHASE 252645
T0001356,A00062,M031,01/15/24, $(189.43) ,  PURCHASE 509340  
T0002872,A00041,M025,04/10/2024,-364.20,PURCHASE 401982
T0001203,A00084,,,-43.72,PURCHASE 291238
T0002785,A00038,M001,09/08/24,-388.02,PURCHASE 151503
T0001449,A00041,M014,11-Feb-2024,$-236.38,PURCHASE 857905
T0003080,A00084,M013,2024-02-05,$-258.83,PURCHASE 807906
T0001937,A00088,M007,2024-04-12, -188.38 ,PURCHASE 393033
T0001571,A00047,M005,06/30/2025,-362.89,  PURCHASE 370311  
T0000338,A00007,M015,2024-08-09,$-77.25,PURCHASE 452207
T0000235,A00003,M024,05-Oct-2024,$(224.82),PURCHASE 577461
T0001035,A00020,M029,28-Jun-2024,$(178.29),PURCHASE 833675
T0001399,A00073,M031,03/08/2024," 4,204.74 ",PAYROLL DEP 383873
T0001252,A00058,M023,04/15/2024,-83.88,  PURCHASE 526936  
T0001219,A00046,M014,18-Apr-2025,(250.55),PURCHASE 785397
T0001926,A00027,M002,02/01/24,(319.08),PURCHASE 702536
T0001694,A00025,M015,11-Feb-2024, $-221.59 ,PURCHASE 207297
T0001946,A00076,M001,24-Jun-2024, -61.63 ,PURCHASE 577621
T0001445,A00006,M020,29-Dec-2024,$-410.73,PURCHASE 767033
T0000202,A00031,M013,07/03/24,(252.93),PURCHASE 189913
T0001210,A00029,M029,01/06/24,-241.37,PURCHASE 223499
T0002317,A00047,M012,02/25/2024,-69.28,PURCHASE 752686
T0003054,A00009,M011,03/22/24,-26.33,PURCHASE 491853
T0002186,A00057,M023,30-Sep-2024,-44.28,PURCHASE 936598
T0001256,A00082,M001,2024-05-01,-211.95,PURCHASE 512359
T0001342,A00065,M029,01/29/25, -403.21 ,PURCHASE 219584
T0001507,A00069,M016,2024-09-30,-73.15,PURCHASE 700414
T0002016,A00015,M020,08/16/24,-131.11,PURCHASE 558943
T0000031,A00001,M023,04/12/24,(199.99),PURCHASE 784607
T0002858,A00080,M031,01/05/2025,"2,050.25",PAYROLL DEP 908822
T0000204,A00075,M005,2024-08-23,-48.27,PURCHASE 200976
T0002143,A00022,M027,04-Apr-2025,$-115.02,PURCHASE 963899
T0000835,A00040,M031,01/26/25," $2,166.51 ",PAYROLL DEP 350205
T0000481,A00005,M013,30-Apr-2025,$-269.09,PURCHASE 345770
T0002595,A00092,M011,01/06/2025,$-194.30,PURCHASE 469748
T0003195,A00031,M016,,(82.29),PURCHASE 381978
T0002094,A00092,M030,2024-11-12,-333.67,PURCHASE 677778
T0001215,A00061,M028,2024-05-19,(198.99),  PURCHASE 925803  
T0001381,A00021,M015,19-Jun-2024,-198.16,  PURCHASE 317816  
T0000878,A00029,M030,06/09/2024,-218.80,PURCHASE 386596
T0002110,A00005,M031,03/17/24,-179.91,PURCHASE 177878
T0002058,A00042,M001,03/15/2024,-76.06,PURCHASE 338423
T0001860,A00079,M014,04/17/25,$(75.17),PURCHASE 830459
T0002588,A00023,M027,06/15/25,$-137.30,PURCHASE 831412
T0000895,A00083,M006,09/14/24,-29.96,  PURCHASE 183835  
T0001060,A00055,M010,24-May-2025,-346.21,PURCHASE 813158
T0001124,A00012,M030,2024-07-09,(15.20),PURCHASE 531950
T0001731,A00018,M025,07/27/24,-91.62,PURCHASE 824920
T0000616,A00046,M007,10/23/24,$-95.94,PURCHASE 932308
T0002831,A00087,M004,10/15/2024,$-132.68,PURCHASE 229996
T0001532,A00092,M029,07/18/24,-113.32,PURCHASE 365375
T0001484,A00051,M027,08/24/24,$-405.79,PURCHASE 449532
T0002062,A00023,M018,09/15/2024,-61.09,  PURCHASE 594616  
T0000628,A00081,M028,06/26/24,-373.01,PURCHASE 932673
T0001328,A00009,M026,05/24/2025, $-74.10 ,  PURCHASE 669100  
T0001118,A00055,M010,27-Mar-2025,(271.19),PURCHASE 275855
T0000066,A00023,M009,01/24/2025,(128.57),PURCHASE 180657
T0001503,A00056,M004,2024-07-21, $-8.18 ,PURCHASE 243882
T0002163,A00042,M017,08/26/24,-299.09,PURCHASE 284445
T0000298,A00072,M029,12/04/2024,$(138.43),PURCHASE 395968
T0000899,A00030,M022,2025-03-20, $-380.54 ,PURCHASE 384048
T0002413,A00007,M026,10/17/2024,(409.42),PURCHASE 950209
T0000299,A00045,M021,04/19/24,-32.58,  PURCHASE 266744  
T0002643,A00044,M016,03/13/2025,$(181.73),PURCHASE 911959
T0002461,A00037,M029,2024-05-23,(355.97),  PURCHASE 307739  
T0003077,A00038,M018,28-Feb-2024,(285.63),PURCHASE 312250
T0000410,A00050,M029,03/22/2025,-389.65,  PURCHASE 986925  
T0003048,A00044,M004,01-Mar-2024,-194.87,PURCHASE 312579
T0001613,A00088,M013,01/04/25,(301.75),PURCHASE 319977
T0001432,A00004,M011,04/19/2024,-101.66,PURCHASE 424143
T0000249,A00069,M031,06/25/2025," 2,039.32 ",PAYROLL DEP 657487
T0003046,A00030,M029,11/25/2024,-367.35,  PURCHASE 972560  
T0001684,A00027,M011,2024-12-11, -76.18 ,PURCHASE 396742
T0000651,A00083,M001,06/15/25,-64.67,PURCHASE 705640
T0000383,A00089,M018,2024-12-11,-138.99,PURCHASE 829765
T0002899,A00072,M031,2024-04-05,-249.15,PURCHASE 981877
T0001429,A00090,M031,02/22/2025," 2,089.86 ",PAYROLL DEP 881857
T0000522,A00038,M017,08-Jan-2024,-414.54,PURCHASE 488796
T0001294,A00002,M001,2024-03-11,-326.01,  PURCHASE 397892  
T0000022,A00071,M017,05/27/2024,(170.38),PURCHASE 256175
T0000667,A00002,M031,02/02/25," 2,829.39 ",PAYROLL DEP 246070
T0000864,A00007,M009,09-Sep-2024,-370.77,PURCHASE 785072
T0001876,A00092,M003,21-Nov-2024,-148.64,PURCHASE 224704
T0000216,A00054,M025,05/10/2025,-144.64,PURCHASE 370343
T0002854,A00037,M025,03/20/24,$-154.19,PURCHASE 894152
T0000074,A00076,M017,2025-04-11,-204.38,PURCHASE 949541
T0001248,A00013,M029,,(132.68),PURCHASE 270407
T0002187,A00070,M021,28-Nov-2024,$-191.06,  PURCHASE 189164  
T0000395,A00007,M012,01/06/2025,-345.51,PURCHASE 157328
T0002667,A00032,M031,07/26/24, $-115.32 ,PURCHASE 650853
T0000758,A00080,M012,07/01/2024,(154.07),  PURCHASE 341249  
T0001539,A00081,M013,07/09/24,$-79.94,PURCHASE 575744
T0002677,A00072,M002,02/18/2025,-217.99,PURCHASE 194691
T0002432,A00057,M005,05/30/24,-286.15,PURCHASE 788847
T0000198,A00026,M011,02/10/24,$-46.04,PURCHASE 697856
T0000965,A00014,M018,04/04/2024,-23.88,PURCHASE 392042
T0003059,A00059,M025,2024-04-08, $-197.57 ,PURCHASE 591561
T0002512,A00005,M002,03/19/24,-286.42,PURCHASE 109466
T0000890,A00008,M012,2024-09-05, $-30.09 ,PURCHASE 872279
T0001453,A00084,M013,01-Nov-2024, $(33.32) ,PURCHASE 952880
T0001761,A00034,M013,2024-09-05, (74.05) ,PURCHASE 807137
T0000241,A00073,M008,05/02/24,-6.72,  PURCHASE 193826  
T0002216,A00036,M016,10-May-2024,(374.49),PURCHASE 939853
T0002879,A00065,M007,20-Feb-2024, $-312.00 ,PURCHASE 199456
T0001740,A00088,M014,03/09/2024,$-139.42,PURCHASE 706603
T0000236,A00087,M005,,$(23.70),  PURCHASE 862427  
T0002097,A00001,M007,05/09/2024,-297.27,PURCHASE 426750
T0002483,A00007,M013,04/18/24,-111.75,PURCHASE 211798
T0003081,A00029,M017,06/10/2025,$-393.30,PURCHASE 396059
T0001595,A00083,M023,06-Apr-2025,$(414.88),PURCHASE 418961
T0003194,A00046,M022,2025-05-12,-380.91,PURCHASE 401496
T0002027,A00055,M019,04/28/24,-281.77,PURCHASE 388243
T0001850,A00060,M014,05/06/25,$-183.20,PURCHASE 120974
T0001404,A00062,M014,04-Feb-2025,-303.84,  PURCHASE 455429  
T0002923,A00061,M022,03/01/25,-129.36,PURCHASE 384889
T0002760,A00005,M005,05/14/25,-170.23,PURCHASE 902989
T0000938,A00009,M002,10/27/24,$(124.05),PURCHASE 609867
T0000270,A00042,M027,29-Mar-2025,-375.85,PURCHASE 899484
T0001474,A00046,M007,10/25/24,(80.04),PURCHASE 218627
T0000545,A00068,M007,02/15/24,$-62.08,  PURCHASE 390870  
T0000247,A00052,M031,2024-04-11,"3,981.96",  PAYROLL DEP 331444  
T0002576,A00031,M019,28-Sep-2024,(141.63),PURCHASE 413820
T0001161,A00014,M029,2024-05-03,$-371.40,PURCHASE 491956
T0000044,A00091,M027,03/10/25,$(98.77),PURCHASE 133782
T0000826,A00010,M004,06/19/24,$-286.73,PURCHASE 667092
T0002091,A00026,M025,10-Jul-2024,-419.87,PURCHASE 349448
T0000148,A00016,M010,2025-01-15,(196.39),PURCHASE 595158
T0001824,A00080,M030,2025-02-24,-236.75,PURCHASE 718636
T0000467,A00062,M027,2024-12-14,-142.11,  PURCHASE 755725  
T0001676,A00046,M027,2024-06-03,-370.67,PURCHASE 175868
T0001698,A00045,M011,15-Jan-2024,-233.41,PURCHASE 905469
T0001661,A00059,M008,06/10/2024,-366.76,PURCHASE 920779
T0003070,A00033,M017,09-Jan-2025,(186.77),PURCHASE 889238
T0001630,A00066,M017,09/30/24, -124.73 ,PURCHASE 343167
T0002597,A00014,M021,05/06/25,-381.54,PURCHASE 269983
T0003075,A00016,M012,08-Apr-2025,-355.38,PURCHASE 219299
T0001659,A00051,M019,25-Feb-2024,-399.47,PURCHASE 960822
T0002332,A00021,M026,19-Jan-2025,$(67.58),PURCHASE 944386
T0000882,A00002,M014,06/29/2025,-69.00,PURCHASE 218867
T0001579,A00090,M004,2024-12-04,-233.90,PURCHASE 582351
T0000032,A00082,M021,10/21/2024,$-27.67,PURCHASE 139110
T0002356,A00036,M015,25-Jun-2025,$-378.38,PURCHASE 748161
T0000793,A00022,M021,06/10/2025,$-127.95,PURCHASE 561419
T0000080,A00009,M031,02/24/24,-7.00,PURCHASE 817956
T0000649,A00057,M031,22-Apr-2024,"$1,859.13",PAYROLL DEP 912915
T0002144,A00085,M011,2025-01-12,$-374.43,  PURCHASE 623979  
T0000934,A00046,M001,26-May-2025,-109.66,PURCHASE 715644
T0001052,A00066,M031,02/03/2025,$-315.87,PURCHASE 808576
T0002732,A00009,M017,10-Feb-2024,(42.52),  PURCHASE 564234  
T0002291,A00066,M029,04/01/24,-203.66,PURCHASE 584221
T0002099,A00054,M014,2024-05-25,(374.04),PURCHASE 492717
T0002743,A00037,M029,2024-07-09,-93.73,PURCHASE 436168
T0000445,A00078,M001,11/06/24,$-332.93,  PURCHASE 326053  
T0002677,A00072,M002,02/18/2025,-217.99,PURCHASE 194691
T0002811,A00014,M014,07/22/2024,-143.10,PURCHASE 691524
T0000389,A00006,M014,11/03/2024,$(135.88),PURCHASE 777424
T0000713,A00054,M009,08/13/2024,(199.04),  PURCHASE 193020  
T0001640,A00084,M009,07-Feb-2025,(75.51),PURCHASE 832900
T0000060,A00049,M030,05/01/2025, -34.00 ,PURCHASE 429761
T0000154,A00058,M019,2024-08-04,-213.43,PURCHASE 908713
T0000424,A00006,M016,,$-11.18,PURCHASE 450067
T0001403,A00054,M031,08-Aug-2024," 1,840.80 ",PAYROLL DEP 916878
T0000563,A00065,M008,01/14/24, -24.70 ,PURCHASE 395932
T0002155,A00005,M020,2024-12-14,(240.71),PURCHASE 759757
T0000083,A00027,M004,03/30/2024,-326.44,PURCHASE 763508
T0003066,A00037,M004,2025-01-14,-90.87,PURCHASE 314729
T0001833,A00045,M029,05/10/25,$-81.47,PURCHASE 316211
T0000151,A00090,,03/15/2025,-202.08,  PURCHASE 893612  
T0002751,A00011,,2024-04-09,$-28.65,PURCHASE 281840
T0002744,A00030,M007,11/26/24,-243.45,PURCHASE 392818
T0000543,A00056,M009,2024-06-14,-358.05,PURCHASE 543601
T0000116,A00063,M009,05/29/2025,-77.98,PURCHASE 594596
T0002074,A00026,M030,04/19/2024,-140.45,PURCHASE 566953
T0000849,A00077,M016,29-Jan-2024,(182.66),PURCHASE 831073
T0001461,A00059,M016,09/26/2024, -224.66 ,PURCHASE 433499
T0002927,A00083,M030,04/05/25,-308.97,  PURCHASE 442868  
T0001827,A00070,M006,09/05/2024,-253.77,PURCHASE 541553
T0001231,A00047,M031,2024-12-13,"2,760.57",PAYROLL DEP 586220
T0003008,A00055,M014,07-Feb-2024, (34.47) ,PURCHASE 211547
T0002953,A00048,M027,19-Sep-2024,-374.53,PURCHASE 424655
T0002239,A00042,M020,05/05/2024,(95.41),PURCHASE 101331
T0000355,A00089,M005,05/05/2025,(285.73),PURCHASE 442220
T0001168,A00018,M031,05/08/24,"$5,090.05",  PAYROLL DEP 339025  
T0000601,A00005,M005,09-Apr-2024,-322.55,PURCHASE 576900
T0001650,A00028,M031,2024-03-27,-30.07,PURCHASE 115500
T0002278,A00019,M013,06/21/25,-234.68,PURCHASE 331924
T0002936,A00004,M019,12-Jul-2024,(342.27),PURCHASE 813006
T0003022,A00010,M022,24-Sep-2024,$-414.98,PURCHASE 400754
T0002986,A00062,M001,02/17/24,-120.26,  PURCHASE 895765  
T0003099,A00023,M012,03-Jan-2024,$-46.85,  PURCHASE 217536  
T0000348,A00078,M029,03/08/2024,$-193.93,PURCHASE 389346
T0000900,A00014,M028,2024-11-06,-232.07,PURCHASE 267584
T0001782,A00020,,2024-10-02,$-308.58,PURCHASE 895331
T0002155,A00005,M020,2024-12-14,(240.71),PURCHASE 759757
T0002738,A00006,M028,21-Dec-2024,(82.29),PURCHASE 687202
T0002549,A00074,M015,2024-04-10, -205.64 ,PURCHASE 823791
T0002170,A00027,M016,02/29/2024,(192.23),  PURCHASE 178896  
T0001693,A00039,M021,29-May-2024,-224.27,PURCHASE 834222
T0001824,A00080,M030,2025-02-24,-236.75,PURCHASE 718636
T0001197,A00049,M011,2024-03-03,$-203.68,PURCHASE 366121
T0000525,A00071,M024,02/16/24,-138.74,PURCHASE 548702
T0003166,A00081,M008,2025-01-25,-190.16,PURCHASE 727394
T0000053,A00067,M031,05/29/24,"$3,681.26",PAYROLL DEP 697467
T0000041,A00043,,2024-11-11,$-109.11,PURCHASE 667451
T0001338,A00084,M017,2024-10-11,$-43.26,PURCHASE 552975
T0001201,A00066,M004,07-May-2025,-7.67,PURCHASE 859699
T0001468,A00070,M029,30-Apr-2025,$-196.23,  PURCHASE 128962  
T0002526,A00014,M015,2024-01-08,-265.40,PURCHASE 264847
T0001974,A00060,M030,02/26/24,-322.84,  PURCHASE 490555  
T0001043,A00066,M012,01/27/2024,-133.46,PURCHASE 267011
T0001682,A00036,M016,02/08/2024,-128.79,  PURCHASE 277544  
T0000231,A00068,M011,12/31/24,-363.39,PURCHASE 831510
T0000215,A00031,M004,28-Jun-2024,$-235.95,PURCHASE 664032
T0000264,A00068,M030,2024-10-04,(278.26),PURCHASE 499194
T0003009,A00024,M031,11/26/24,$(132.68),PURCHASE 995705
T0002934,A00073,M001,15-Oct-2024,-40.65,PURCHASE 776186
T0001242,A00063,M019,07/09/2024,-310.31,PURCHASE 539437
T0002663,A00027,M014,2024-03-17, -122.62 ,PURCHASE 987536
T0000762,A00071,M014,04/24/24,$-224.72,PURCHASE 718820
T0003192,A00066,M025,06/19/25,(333.88),PURCHASE 265009
T0001896,A00011,M019,10/23/2024, -299.61 ,PURCHASE 422568
T0001073,A00052,M025,2024-04-20,-339.55,PURCHASE 157433
T0002229,A00025,M017,2024-07-21,$-152.04,PURCHASE 925116
T0003087,A00010,M025,2024-04-26,$-10.07,PURCHASE 678191
T0002200,A00077,M028,06/12/25,$-274.69,PURCHASE 406595
T0000277,A00034,M021,09/13/24,$-381.29,PURCHASE 480573
T0000224,A00005,M028,05/17/2024,-265.98,  PURCHASE 150026  
T0001768,A00028,M019,09/04/24,-226.29,PURCHASE 732565
T0002829,A00078,M022,09/20/24,$(352.98),PURCHASE 146700
T0002051,A00090,M007,09/01/2024,-135.13,PURCHASE 977239
T0002324,A00050,M026,03/04/25, -222.32 ,PURCHASE 638236
T0002444,A00038,M009,03/04/25,-65.11,PURCHASE 829498
T0002434,A00078,M016,03/06/2024, -196.79 ,  PURCHASE 334048  
T0002127,A00016,M006,2024-10-30,-346.04,PURCHASE 853151
T0003038,A00063,M011,19-Jan-2025,-407.10,  PURCHASE 801635  
T0001850,A00060,M014,05/06/25,$-183.20,PURCHASE 120974
T0001805,A00074,M003,2024-05-15,$(23.21),  PURCHASE 425587  
T0001803,A00051,M029,2024-11-13,-26.06,PURCHASE 916957
T0001350,A00047,M010,02/25/25,-29.24,PURCHASE 724205
T0002040,A00005,M007,06/04/2024,-333.59,PURCHASE 793375
T0002796,A00040,M006,2024-08-14,-342.43,PURCHASE 400577
T0000477,A00043,M026,05/20/24,-372.05,PURCHASE 279683
T0001285,A00074,M004,03/09/2024,-224.67,PURCHASE 609153
T0000848,A00075,M031,24-Jun-2024,"3,324.79",PAYROLL DEP 471628
T0001037,A00090,M026,06/25/24,-188.60,PURCHASE 305803
T0001794,A00037,M007,2024-06-26,-119.93,PURCHASE 626470
T0000578,A00041,M029,20-Mar-2025,-202.75,  PURCHASE 864915  
T0000595,A00050,M021,03-May-2025,(171.93),  PURCHASE 209471  
T0001933,A00031,M017,03/10/2024, -363.28 ,  PURCHASE 234660  
T0001909,A00027,M029,09/07/2024,-166.86,PURCHASE 522471
T0001283,A00015,M012,09/16/2024,$-236.61,PURCHASE 762003
T0002961,A00045,M001,2024-03-26,(335.15),  PURCHASE 216268  
T0003073,A00039,M025,05/03/25,-161.35,  PURCHASE 347851  
T0002078,A00052,,2025-04-04,-231.62,  PURCHASE 362263  
T0000127,A00012,M014,17-Jun-2024,$-68.51,PURCHASE 865433
T0000950,A00034,M018,16-May-2025,$-218.59,PURCHASE 638462
T0001125,A00048,M008,03/18/2024,-233.66,PURCHASE 927695
T0000898,A00045,M015,04/19/2025, -191.56 ,PURCHASE 432108
T0002828,A00008,M009,13-Jan-2025,-121.40,PURCHASE 534202
T0000910,A00048,M011,2025-05-03,(349.86),PURCHASE 742863
T0001852,A00073,M001,11/27/2024,-272.26,PURCHASE 459824
T0000565,A00065,M028,07/04/2024, $-249.53 ,  PURCHASE 253311  
T0000823,A00045,M011,04/08/24, -321.28 ,PURCHASE 199178
T0001934,A00066,M006,19-Jun-2024,(338.73),PURCHASE 253875
T0001762,A00044,M029,2024-11-06,$-293.82,  PURCHASE 177227  
T0001511,A00015,M031,15-Aug-2024,$-381.02,PURCHASE 888992
T0001796,A00081,M025,15-May-2024,(157.74),PURCHASE 719152
T0002221,A00043,M026,03/06/25,$-154.29,PURCHASE 555503
T0002806,A00065,M016,05/27/25, -140.33 ,  PURCHASE 510918  
T0000382,A00066,M014,2024-12-15,-146.92,PURCHASE 721314
T0002705,A00084,M009,03/15/25,-374.30,PURCHASE 627286
T0002232,A00011,M031,29-Nov-2024,-241.77,PURCHASE 563997
T0001489,A00069,M023,03/03/2024, -47.16 ,  PURCHASE 320079  
T0000494,A00011,M027,2024-10-31,-340.76,PURCHASE 791095
T0002285,A00028,M024,12/24/2024,-413.69,PURCHASE 752911
T0001510,A00024,M002,01/17/24,$-245.51,PURCHASE 987546
T0001268,A00028,M029,07/19/24,(68.64),PURCHASE 948920
T0002265,A00022,M010,2024-06-03,-21.82,PURCHASE 327552
T0002769,A00084,M009,05/24/2025,-200.89,PURCHASE 278549
T0000507,A00016,M021,17-May-2024,-331.17,PURCHASE 340134
T0001093,A00030,M013,01/08/25,$-228.44,PURCHASE 266951
T0003163,A00080,M001,02/04/2025, -219.57 ,PURCHASE 228138
T0002703,A00071,M011,02-Feb-2025,-242.76,  PURCHASE 310313  
T0002991,A00045,M022,04/16/25,(75.50),PURCHASE 114440
T0002846,A00001,M018,06/30/25,-41.76,PURCHASE 564020
T0003031,A00018,M012,05/20/2025,$(271.04),PURCHASE 911663
T0001247,A00076,M025,08/30/24,-340.06,PURCHASE 633222
T0000089,A00014,M031,27-Mar-2025,-181.39,PURCHASE 387330
T0000246,A00005,M011,06/06/2024, (173.89) ,  PURCHASE 287316  
T0003092,A00072,M027,01/08/24,-376.65,PURCHASE 128544
T0000390,A00089,M008,06/02/2024,-335.37,  PURCHASE 311802  
T0002226,A00007,M013,04/23/2025,$-283.01,PURCHASE 583607
T0002723,A00011,M014,2025-03-18,-172.28,PURCHASE 264387
T0001725,A00085,M023,03-Apr-2025, -208.24 ,PURCHASE 915400
T0002756,A00065,M016,11/14/2024,-26.34,PURCHASE 651786
T0000306,A00071,M028,03/03/2025,$(282.42),  PURCHASE 557949  
T0001987,A00030,M017,12-Jan-2024,$-113.88,PURCHASE 872760
T0002307,A00050,M016,05/02/25,-87.31,PURCHASE 325404
T0002214,A00041,M024,2025-04-27,(294.47),PURCHASE 363175
T0002710,A00073,M014,07-Aug-2024,-87.74,PURCHASE 229244
T0001705,A00070,M007,01-Sep-2024,-95.42,PURCHASE 333036
T0002389,A00022,M025,05/21/2025,$-355.38,PURCHASE 416470
T0003180,A00086,M022,2025-03-22,-24.60,PURCHASE 634915
T0002160,A00035,M031,19-Oct-2024,"4,187.58",  PAYROLL DEP 924167  
T0001425,A00040,M005,04/03/24,-386.91,  PURCHASE 256543  
T0000121,A00076,M006,05-Nov-2024,-308.39,PURCHASE 689275
T0001779,A00090,M027,06/12/24,$-209.22,PURCHASE 795201
T0000612,A00028,M031,2024-04-09,"4,335.41",PAYROLL DEP 319952
T0000452,A00011,M004,02/29/2024,-136.46,PURCHASE 312398
T0000605,A00067,M022,02/01/25,-41.99,PURCHASE 867324
T0000138,A00084,M028,2025-05-11,$-158.92,PURCHASE 918430
T0001299,A00036,M030,11/17/24,-221.72,PURCHASE 395376
T0001884,A00093,M002,09/30/24,-176.88,PURCHASE 209724
T0000288,A00020,M027,09-Dec-2024,$-175.62,PURCHASE 661916
T0002748,A00045,M001,24-May-2025,-178.35,PURCHASE 895240
T0002877,A00032,M003,07-Aug-2024,-383.28,PURCHASE 775559
T0002824,A00029,M004,08-Apr-2024,-161.89,PURCHASE 217128
T0001742,A00087,M031,08/01/24,"4,774.91",PAYROLL DEP 584469
T0002975,A00012,M006,2025-06-26, -356.93 ,PURCHASE 150085
T0002583,A00007,M016,06-Mar-2024,(252.25),PURCHASE 379193
T0000881,A00075,M011,01/06/2025,-246.30,PURCHASE 689181
T0000049,A00070,M018,02/26/2025, -224.01 ,  PURCHASE 489102  
T0000320,A00088,M023,08-Jul-2024,$-79.84,PURCHASE 906731
T0001465,A00058,M014,08/11/24,-304.09,PURCHASE 376033
T0002491,A00016,M007,05/17/2025,$-172.83,PURCHASE 176729
T0001556,A00040,M002,,$(272.64),PURCHASE 940076
T0002455,A00016,M025,2024-11-18,$-325.75,PURCHASE 755219
T0001569,A00002,M019,12-Jan-2024,(21.27),PURCHASE 482558
T0001726,A00053,M010,2024-05-14,$-185.26,PURCHASE 617396
T0002194,A00011,M011,17-Oct-2024,$-190.01,PURCHASE 915987
T0002740,A00083,M029,28-Dec-2024,-366.50,PURCHASE 201241
T0000350,A00041,M014,16-Jun-2025,-244.32,PURCHASE 675111
T0000547,A00072,M019,07/16/2024,-277.10,  PURCHASE 554691  
T0002148,A00088,M013,16-Apr-2025,-353.87,PURCHASE 639911
T0001058,A00085,M031,2025-06-01,-139.54,PURCHASE 649950
T0000411,A00034,M006,07/27/2024,-351.18,PURCHASE 104326
T0000509,A00087,M002,2024-03-12,$-267.53,PURCHASE 314300
T0000073,A00060,M019,04/19/2025,-290.91,PURCHASE 190025
T0002412,A00015,M031,02/23/24," 4,630.70 ",PAYROLL DEP 953934
T0001192,A00059,M009,09/09/2024,(140.17),PURCHASE 854121
T0002378,A00087,M003,05/22/25,(118.73),PURCHASE 210290
T0000217,A00041,,11/19/2024, $-218.38 ,PURCHASE 960959
T0000642,A00071,M028,01/29/2025,$-261.74,PURCHASE 705282
T0002513,A00058,M026,07-May-2024,$(155.34),PURCHASE 279853
T0000102,A00081,M022,04/15/2024,$-304.40,PURCHASE 594681
T0000544,A00026,M010,06/15/2025,-277.87,PURCHASE 469221
T0002599,A00035,M024,05/26/24,-136.39,PURCHASE 311514
T0001167,A00019,M001,06/04/24,$-66.78,PURCHASE 354969
T0001326,A00028,M031,04-Dec-2024,"3,379.72",PAYROLL DEP 817597
T0001610,A00073,M028,18-Jan-2024,(133.18),PURCHASE 658461
T0000054,A00083,M027,12/11/24,-206.75,PURCHASE 246757
T0001040,A00016,M002,05/19/24,-181.36,  PURCHASE 643115  
T0001321,A00053,M003,2024-07-09, -38.84 ,PURCHASE 821797
T0001836,A00019,M018,2024-01-15,$-44.65,PURCHASE 994442
T0002716,A00025,M013,2024-11-27,-3.84,  PURCHASE 265470  
T0000913,A00009,M030,2024-06-11, (365.23) ,  PURCHASE 831159  
T0000836,A00011,M026,2024-02-10,$-186.58,PURCHASE 880545
T0002477,A00074,M025,11/27/24,(18.76),PURCHASE 754140
T0000866,A00049,M004,08/16/24,$-51.07,PURCHASE 368958
T0000293,A00026,M022,15-Apr-2024,-313.90,PURCHASE 400487
T0002598,A00043,M027,2024-02-24, -96.44 ,PURCHASE 194032
T0002656,A00054,M029,2024-09-05,-4.84,  PURCHASE 334108  
T0001339,A00051,M002,,-5.24,PURCHASE 201042
T0000365,A00028,M001,12/26/2024,-60.11,PURCHASE 328459
T0000841,A00019,M018,06/02/25, (126.52) ,PURCHASE 846235
T0001514,A00019,M031,2024-12-08,"$3,345.03",PAYROLL DEP 889471
T0000728,A00012,M023,2024-08-29,-204.41,PURCHASE 181269
T0002739,A00049,,24-Nov-2024,$-74.79,PURCHASE 372332
T0001791,A00051,M009,06/19/24,-371.20,PURCHASE 921597
T0001537,A00011,M008,04/07/25,-218.91,PURCHASE 342033
T0002842,A00034,M003,21-Nov-2024,-11.96,PURCHASE 498517
T0000128,A00037,M018,2024-02-20,-353.22,  PURCHASE 729371  
T0002313,A00077,M007,2024-10-02,-338.91,PURCHASE 444523
T0001528,A00026,M007,04/01/2025,(15.96),PURCHASE 576327
T0000227,A00035,M005,19-Apr-2025,-365.06,PURCHASE 174809
T0002347,A00025,M029,2025-05-17,-24.87,PURCHASE 505595
T0002501,A00045,M024,16-Jan-2025, -183.57 ,PURCHASE 108829
T0001282,A00039,M007,2024-09-25,-411.53,PURCHASE 846660
T0001828,A00024,M028,06-May-2024,$-119.11,  PURCHASE 458639  
T0000542,A00028,M007,2024-05-07,(405.69),  PURCHASE 939398  
T0001448,A00057,M007,06/07/24,-285.24,PURCHASE 226473
T0001369,A00041,M001,05/15/2025,$-95.68,PURCHASE 351286
T0001301,A00074,M015,09/21/2024, -121.88 ,  PURCHASE 977418  
T0000004,A00090,M029,02/13/25,(401.85),  PURCHASE 379676  
T0001645,A00004,M031,08/09/2024,-333.60,PURCHASE 166632
T0000756,A00037,M013,27-Apr-2025,-294.39,PURCHASE 200479
T0001400,A00088,M031,2024-03-18,"3,441.25",PAYROLL DEP 670410
T0001388,A00015,M022,09/09/24,-258.81,PURCHASE 129541
T0000267,A00076,M003,06-Feb-2025,-307.36,PURCHASE 700727
T0002792,A00080,M010,04/05/24,-205.12,PURCHASE 652760
T0002886,A00088,M019,01/03/24,-154.84,PURCHASE 840434
T0002791,A00088,M003,13-Mar-2025,$-115.46,PURCHASE 699932
T0001529,A00093,M021,02/28/2025,-365.84,PURCHASE 991980
T0002496,A00090,M005,15-Mar-2025,$-124.13,  PURCHASE 345226  
T0002707,A00016,M030,2025-03-26,-300.69,PURCHASE 827962
T0003139,A00014,M007,02/08/24,-318.79,PURCHASE 955930
T0002092,A00035,M020,06-Apr-2025,$-290.72,PURCHASE 544471
T0002209,A00067,M028,2024-02-29,-312.91,PURCHASE 564835
T0001730,A00064,M031,04-Jun-2024,"5,027.10",PAYROLL DEP 232645
T0000939,A00012,M002,2024-06-29,-129.05,  PURCHASE 947688  
T0000286,A00055,M031,05-Aug-2024,"2,484.04",PAYROLL DEP 106429
T0001718,A00006,M002,11/15/2024,-15.06,PURCHASE 664001
T0001362,A00004,M016,2024-09-21,-378.62,PURCHASE 558304
T0000280,A00005,M022,08/31/2024,(201.37),  PURCHASE 749871  
T0002193,A00090,M017,2024-10-12, -255.72 ,  PURCHASE 113379  
T0002896,A00004,M024,07/02/2024,(99.89),PURCHASE 616061
T0002548,A00086,M002,2024-03-22,-79.56,PURCHASE 291818
T0002944,A00064,M023,10/13/2024,-106.62,PURCHASE 405246
T0002068,A00025,M004,01/31/24,-366.29,PURCHASE 504233
T0002721,A00050,M021,2025-06-08,-21.68,PURCHASE 934183
T0002352,A00083,M009,06-Jun-2025,$-193.12,PURCHASE 197190
T0002807,A00038,M031,08/10/24,-157.69,PURCHASE 993444
T0000780,A00046,M016,2025-02-20,$-362.52,PURCHASE 914320
T0002230,A00005,M010,04/09/24,-384.68,PURCHASE 399435
T0000752,A00039,M023,2025-04-12,$-184.38,PURCHASE 811517
T0001516,A00002,M006,05/18/24,-178.40,PURCHASE 116928
T0000512,A00042,M006,06/05/2024,-110.29,PURCHASE 243294
T0002358,A00032,M029,05/10/25, -312.42 ,PURCHASE 246731
T0000551,A00058,M031,22-Sep-2024,"3,546.12",PAYROLL DEP 860657
T0000201,A00022,M019,05/05/2025,$(70.24),  PURCHASE 760120  
T0002584,A00008,M011,04/20/24, (3.93) ,PURCHASE 155263
T0003115,A00030,M008,2024-08-18,(237.36),PURCHASE 521368
T0000345,A00070,M022,2025-06-11, -154.78 ,PURCHASE 779658
T0000717,A00083,M031,08/28/24,"2,710.94",PAYROLL DEP 807777
T0001543,A00058,M031,2025-02-16,"1,815.02",PAYROLL DEP 518272
T0001291,A00063,M003,06/19/25,$-71.79,PURCHASE 238256
T0003086,A00034,M006,08/21/2024, -405.21 ,  PURCHASE 819363  
T0002977,A00065,M015,29-Nov-2024,(71.30),PURCHASE 176510
T0000584,A00035,M011,12/31/2024,-52.35,PURCHASE 656249
T0000935,A00083,M013,2025-05-17,-19.13,PURCHASE 859461
T0001396,A00056,M024,2025-04-26,$-152.76,PURCHASE 114600
T0002083,A00077,M021,2025-06-08,$-46.75,PURCHASE 354502
T0000611,A00007,M004,05/26/25,-333.27,PURCHASE 998909
T0001692,A00091,M026,01-Oct-2024,-51.30,PURCHASE 131144
T0002096,A00066,M010,28-Jan-2024,-121.13,PURCHASE 439572
T0002517,A00074,M028,07/07/2024, -246.64 ,  PURCHASE 104099  
T0001666,A00079,M017,08/17/2024,-37.74,PURCHASE 356736
T0003201,A99999,M005,05-Aug-2024,-41.29,PURCHASE ORPHAN
T0000893,A00043,M017,2024-03-03,$(5.63),PURCHASE 833968
T0001142,A00025,M006,05/21/2025,-252.81,  PURCHASE 123467  
T0000144,A00008,M009,05/08/2025,-270.13,PURCHASE 257212
T0001820,A00022,M017,12/08/24,-258.55,PURCHASE 398696
T0001790,A00008,M008,03/01/25, $-187.42 ,PURCHASE 598731
T0000863,A00089,M031,10/24/24,"2,617.32",  PAYROLL DEP 489843  
T0002050,A00010,M004,2025-02-11,-203.45,PURCHASE 298792
T0000010,A00040,M010,03/07/2024,-374.69,PURCHASE 633469
T0001995,A00057,M031,2024-09-16," 3,738.19 ",PAYROLL DEP 146999
T0002363,A00036,M013,06/19/2025,$-192.17,PURCHASE 296737
T0003103,A00087,M003,20-Jan-2025,-108.30,PURCHASE 710316
T0000392,A00040,M027,02-Apr-2024,(305.01),PURCHASE 969250
T0002777,A00071,M021,12-Jun-2024,-372.81,PURCHASE 591586
T0001430,A00058,M003,13-Mar-2025,-55.16,PURCHASE 550240
T0002443,A00049,,03/30/25,$-227.10,PURCHASE 425714
T0002202,A00014,M019,06/18/2024,-408.15,PURCHASE 551283
T0000461,A00067,M031,2024-08-27,-154.37,PURCHASE 961010
T0002866,A00045,M013,2024-04-01,$(46.48),PURCHASE 332423
T0000977,A00038,M025,05/06/2024,(206.29),PURCHASE 170557
T0001862,A00009,M029,15-Apr-2025,$-347.37,PURCHASE 598408
T0001657,A00088,M017,27-Jun-2024,$-160.97,PURCHASE 972838
T0001992,A00039,M009,01/07/2025,(397.52),PURCHASE 120158
T0000380,A00064,M016,2024-11-15,-321.59,PURCHASE 689567
T0001433,A00027,M014,03/07/25,$-225.99,PURCHASE 800635
T0002019,A00036,M024,01/12/25,-21.13,PURCHASE 112553
T0002838,A00031,M011,2024-01-05,-98.87,PURCHASE 300686
T0000708,A00035,M009,18-Jun-2024,(205.93),  PURCHASE 211274  
T0002861,A00035,M019,03/24/24,$-21.28,PURCHASE 815411
T0000741,A00057,M016,04/10/2025,$-315.72,PURCHASE 847960
T0000988,A00019,M019,2024-12-04,(37.34),PURCHASE 964226
T0002904,A00084,M031,24-Nov-2024,"5,126.93",PAYROLL DEP 939628
T0002887,A00033,M019,05/15/2025,-148.21,  PURCHASE 174912  
T0002377,A00032,M002,03/09/24,(23.43),PURCHASE 461471
T0001525,A00074,M026,2024-02-25,-366.44,PURCHASE 626382
T0002306,A00034,M016,22-Jan-2024,-184.90,PURCHASE 413555
T0001187,A00022,M012,16-Dec-2024,-293.41,PURCHASE 958784
T0000067,A00005,M005,07/19/2024,-130.04,PURCHASE 450996
T0002326,A00089,M017,11/29/24, -241.57 ,PURCHASE 128062
T0000497,A00043,M024,04/17/25,$(169.53),PURCHASE 802855
T0000698,A00028,M005,02/03/24,$(161.91),PURCHASE 627953
T0000045,A00021,M004,09/03/2024,-250.67,PURCHASE 560285
T0001249,A00061,M021,28-Oct-2024, (389.40) ,PURCHASE 392284
T0001897,A00034,M021,02/22/25,$-26.48,PURCHASE 947069
T0001652,A00090,M026,2024-07-21,-303.86,PURCHASE 155358
T0002942,A00059,M031,03/26/2024,"1,861.24",PAYROLL DEP 932965
T0003177,A00054,M027,26-Mar-2024,-302.11,  PURCHASE 155626  
T0000164,A00077,M022,09/11/24,-285.02,PURCHASE 774652
T0001703,A00007,M010,09/13/24,-216.62,PURCHASE 447072
T0002535,A00007,M031,04-May-2024,"4,449.15",  PAYROLL DEP 260252  
T0000748,A00079,M021,01/07/2025,$-221.11,PURCHASE 263267
T0001714,A00040,M014,04/07/2025,-407.15,  PURCHASE 896567  
T0001932,A00090,M005,01/08/25,(165.56),PURCHASE 535243
T0002714,A00084,M029,02/21/2025,-137.15,PURCHASE 687508
T0001042,A00091,M006,01-Feb-2024,$-318.90,  PURCHASE 203033  
T0001752,A00060,M001,06/04/24,-213.13,PURCHASE 591495
T0002573,A00066,M031,06/10/24,"2,154.83",PAYROLL DEP 239662
T0002958,A00002,M017,08/20/2024,-277.36,PURCHASE 565824
T0000425,A00011,M028,03/18/25, -209.71 ,PURCHASE 638292
T0000480,A00057,M013,03/07/24,-316.30,PURCHASE 492040
T0001770,A00059,M019,2024-12-03,-81.59,PURCHASE 515741
T0002951,A00036,M030,2024-11-19,-32.21,PURCHASE 952177
T0002999,A00077,M003,26-Mar-2025,-121.31,PURCHASE 244205
T0002319,A00070,M007,03-Jul-2024,(388.47),  PURCHASE 685552  
T0002252,A00018,M016,18-Mar-2024,-381.23,  PURCHASE 441503  
T0001678,A00070,M022,05/04/25,$-43.10,  PURCHASE 183715  
T0001133,A00023,M003,12/22/24,-129.26,PURCHASE 305869
T0002339,A00052,M031,08/31/24, $-240.97 ,PURCHASE 347677
T0002210,A00011,M015,02/03/2024,$-317.20,PURCHASE 553698
T0002042,A00059,M014,2025-03-26,-5.45,PURCHASE 737036
T0001891,A00031,M013,06-Apr-2025, -291.81 ,PURCHASE 765388
T0000722,A00051,M013,05/06/24, $-276.25 ,  PURCHASE 857190  
T0000232,A00055,M021,21-Mar-2025, $-225.59 ,  PURCHASE 532227  
T0000571,A00025,M015,21-Dec-2024,-265.65,PURCHASE 929303
T0002827,A00090,M006,07-Feb-2024,(162.57),PURCHASE 537667
T0001955,A00072,M007,03/25/25,-354.82,PURCHASE 270076
T0002725,A00038,M015,02-Feb-2024,-96.55,PURCHASE 785263
T0000403,A00045,M023,05/21/2025,$-87.71,PURCHASE 552259
T0002336,A00036,M030,04/30/25,$-140.46,PURCHASE 711394
T0001417,A00007,M006,,-86.11,PURCHASE 444827
T0001257,A00072,M003,2025-02-07,$-240.83,PURCHASE 921268
T0001978,A00069,M019,2024-07-21,-144.97,  PURCHASE 490022  
T0000761,A00012,M002,15-Feb-2025,-129.33,PURCHASE 490935
T0000641,A00076,M025,08/01/2024,-223.03,PURCHASE 629018
T0001700,A00077,M014,02/19/24,-194.69,  PURCHASE 433811  
T0003179,A00090,M029,01/13/25,(153.96),PURCHASE 896193
T0000142,A00088,M001,06/26/24,-96.31,PURCHASE 494763
T0002411,A00090,M010,08-Feb-2025,-24.60,PURCHASE 141646
T0000929,A00092,M018,24-Apr-2024,(20.51),PURCHASE 337798
T0000904,A00058,M019,25-Nov-2024,$-407.96,PURCHASE 592571
T0002175,A00020,M029,2025-05-17,-293.17,PURCHASE 451329
T0001814,A00060,M014,25-Jan-2025, -88.40 ,PURCHASE 916982
T0002787,A00087,M014,23-Sep-2024,-36.10,PURCHASE 303278
T0002399,A00044,M007,2025-01-01,,PURCHASE 278737
T0001031,A00018,M023,06/20/2024,-306.85,PURCHASE 204955
T0000635,A00021,M027,2024-03-12,-337.65,PURCHASE 428387
T0003078,A00046,M017,28-Jan-2025,$-86.27,PURCHASE 866125
T0002087,A00055,M020,02/25/24,-296.59,PURCHASE 333799
T0001387,A00055,M008,2024-10-25,-38.84,  PURCHASE 474413  
T0003144,A00047,M031,01/21/25,"2,243.79",PAYROLL DEP 165261
T0000704,A00045,M004,04-Sep-2024,-143.45,PURCHASE 177335
T0002366,A00083,M019,2024-12-04,-13.24,PURCHASE 844588
T0002440,A00085,M009,08/12/24,(120.77),PURCHASE 810442
T0001139,A00071,M027,12/24/2024,$-332.84,PURCHASE 696503
T0002165,A00026,M028,04/04/24, -130.32 ,PURCHASE 653954
T0002263,A00011,M031,06-May-2024,"$2,089.67",PAYROLL DEP 860781
T0002105,A00023,M018,03/07/25,-25.11,PURCHASE 876629
T0000113,A00016,M031,05-May-2024,"3,367.38",PAYROLL DEP 816400
T0002119,A00023,M013,2024-02-27, -121.52 ,PURCHASE 812962
T0000593,A00086,M013,05/30/2025,-350.23,PURCHASE 626251
T0002935,A00031,M004,2024-02-10,-229.18,PURCHASE 718789
T0000115,A00092,M026,07/23/24,-222.26,PURCHASE 476556
T0001384,A00074,M031,2025-03-12,"2,000.84",PAYROLL DEP 144791
T0000891,A00066,M011,2025-04-16,(330.82),  PURCHASE 185097  
T0003027,A00081,,07/26/2024, -191.90 ,PURCHASE 142040
T0000724,A00031,M014,04/27/25,-41.81,PURCHASE 356496
T0001333,A00020,M018,2024-06-06,-176.95,PURCHASE 656624
T0002702,A00087,M021,2024-07-25,-190.45,PURCHASE 537267
T0002600,A00074,M010,12/07/24, -176.99 ,PURCHASE 471371
T0000339,A00089,M006,04/21/2025,$-320.06,  PURCHASE 278190  
T0000807,A00045,,10/27/24,"4,615.96",PAYROLL DEP 807304
T0003149,A00026,M013,2024-03-08,-158.74,PURCHASE 682215
T0000658,A00082,M018,09/13/24,-86.20,  PURCHASE 920411  
T0000763,A00050,M031,2024-10-15,"4,750.85",PAYROLL DEP 807784
T0000679,A00053,M020,02-Mar-2025,$-390.54,PURCHASE 620719
T0002970,A00073,M031,01/03/2025," 3,668.57 ",PAYROLL DEP 939654
T0000681,A00054,M014,2024-05-08,(232.16),PURCHASE 459793
T0001771,A00039,M027,23-Mar-2024,(410.41),PURCHASE 853296
T0002525,A00081,M029,2024-07-13,-92.90,PURCHASE 932970
T0002605,A00045,M011,2024-09-02,-322.11,PURCHASE 318132
T0002180,A00045,M011,,-146.95,  PURCHASE 416575  
T0002059,A00079,M011,2025-05-15,-321.44,PURCHASE 815327
T0000796,A00060,M020,24-Jun-2024,-279.30,PURCHASE 861757
T0001232,A00040,M030,09-Jan-2025,$(99.16),PURCHASE 752256
T0000747,A00054,M005,20-Oct-2024,$-238.62,  PURCHASE 371952  
T0000801,A00035,M029,2024-04-23,-315.68,PURCHASE 413372
T0002241,A00050,M003,2024-04-06,-382.98,PURCHASE 737099
T0001846,A00022,M014,01/09/24,$-339.38,PURCHASE 980286
T0002311,A00008,M008,2024-07-31,-210.76,PURCHASE 112276
T0002449,A00074,M030,03/26/24,-151.98,  PURCHASE 723564  
T0001194,A00065,M003,2024-10-20,$(354.35),PURCHASE 374362
T0002657,A00057,M011,06/05/2025,-185.53,PURCHASE 920232
T0002611,A00071,M015,2025-06-03,$-195.69,PURCHASE 686509
T0001759,A00010,M015,08/28/2024,-220.27,PURCHASE 281917
T0002327,A00071,M020,12/20/2024,-293.97,PURCHASE 165014
T0002998,A00058,M028,2025-03-04,-222.29,PURCHASE 610248
T0000283,A00064,M009,2024-05-04, $-140.28 ,PURCHASE 759531
T0001727,A00027,M015,05/19/2025,(360.77),  PURCHASE 125404  
T0000672,A00078,M011,31-Jan-2024,(47.89),PURCHASE 614958
T0001925,A00026,M016,2025-06-14,$-394.49,  PURCHASE 964703  
T0001733,A00073,M007,2024-02-23,$-63.70,  PURCHASE 152343  
T0002279,A00079,M031,02/15/2025,"$4,085.51",PAYROLL DEP 262167
T0000500,A00019,M031,2025-03-30,"1,815.86",PAYROLL DEP 195825
T0000769,A00033,M014,10/18/2024,$-89.38,PURCHASE 765695
T0001988,A00044,M031,2024-09-05,-320.61,PURCHASE 599820
T0002708,A00007,M016,2024-04-30,-319.14,PURCHASE 705502
T0002925,A00048,M021,05/15/24,-93.27,PURCHASE 868147
T0001544,A00019,M028,08/20/2024, (121.53) ,PURCHASE 702838
T0000973,A00024,M010,05/23/2024,-168.28,PURCHASE 847519
T0001008,A00045,M012,01/31/25,$-86.03,PURCHASE 490633
T0001607,A00089,,08/02/24,$-115.72,PURCHASE 495985
T0003111,A00022,M018,20-Jan-2025,$-343.52,PURCHASE 880852
T0003015,A00029,M020,25-May-2025,-269.59,PURCHASE 858789
T0003152,A00039,M026,01/22/2025,-291.94,PURCHASE 635052
T0002912,A00059,M022,2024-12-27,(158.48),PURCHASE 214136
T0000776,A00016,M022,2025-04-20,-381.34,PURCHASE 748938
T0000015,A00063,M001,02/12/24,$-36.87,PURCHASE 748133
T0001127,A00081,M024,2025-05-25,,PURCHASE 698782
T0002875,A00073,M027,10/17/24,-210.79,PURCHASE 738274
T0002538,A00060,M023,01/21/2025,$-237.36,PURCHASE 320580
T0002812,A00085,M026,2024-11-30,-4.25,PURCHASE 237194
T0001487,A00078,M005,2024-08-25,-396.71,PURCHASE 518006
T0001878,A00027,M007,2024-07-01,-396.01,PURCHASE 851280
T0002915,A00073,M010,01/23/2025,-155.40,PURCHASE 188077
T0000230,A00010,M020,03/26/2024,-67.75,  PURCHASE 756912  
T0002567,A00009,M003,2025-03-08, -391.64 ,PURCHASE 797807
T0001540,A00027,M019,01/21/2025,$-381.92,PURCHASE 869671
T0002799,A00057,M027,11/17/24,-247.08,PURCHASE 838119
T0001671,A00089,M023,07/04/2024,$-382.91,PURCHASE 126817
T0002766,A00062,M014,12/01/24,-196.19,PURCHASE 925246
T0002128,A00035,M009,04/26/25,-256.89,PURCHASE 577801
T0001150,A00010,M023,12/29/2024, $(182.10) ,PURCHASE 803647
T0000753,A00041,M014,06/03/2025,$-325.79,PURCHASE 725843
T0001683,A00035,M008,02/19/24,-37.36,PURCHASE 294559
T0003089,A00027,M002,08/18/2024,(10.76),PURCHASE 167565
T0000478,A00075,M030,2024-05-01,-57.54,PURCHASE 767044
T0001560,A00076,M002,03/03/25, $-391.87 ,PURCHASE 156016
T0001322,A00053,M028,10-Apr-2025,(346.77),PURCHASE 208599
T0002755,A00060,M017,05/15/2025,-367.12,PURCHASE 447315
T0000944,A00064,M028,2024-11-23,-203.32,  PURCHASE 679896  
T0003182,A00088,M017,2024-01-03,-38.30,PURCHASE 933711
T0000956,A00073,M009,, -56.14 ,PURCHASE 162788
T0002767,A00016,M011,,(23.05),PURCHASE 369233
T0002259,A00026,M013,05/07/24, -68.64 ,PURCHASE 481600
T0002892,A00017,,07/09/24,-25.55,PURCHASE 754935
T0002384,A00054,M019,17-Sep-2024,-54.33,PURCHASE 703136
T0000966,A00019,M008,06/19/24,-366.54,PURCHASE 877094
T0003170,A00020,M031,02-May-2024,-85.52,PURCHASE 417885
T0000660,A00092,M020,03/31/24,-381.16,  PURCHASE 407592  
T0000702,A00002,M017,03/24/24,-413.01,PURCHASE 116265
T0003199,A00032,M003,03/18/24,(268.02),PURCHASE 162301
T0001834,A00090,M031,04/08/2025,"4,154.20",PAYROLL DEP 289015
T0002941,A00040,M009,06/23/25,(361.88),PURCHASE 611278
T0000782,A00031,M012,04/24/24,-175.18,PURCHASE 773223
T0000396,A00059,M023,12-Nov-2024,(154.31),PURCHASE 512064
T0000112,A00045,M031,01/16/2025, -271.83 ,  PURCHASE 777366  
T0000062,A00027,M008,02/24/24,-352.73,PURCHASE 131064
T0002561,A00039,M005,09/05/2024,(231.72),  PURCHASE 478542  
T0000539,A00049,M013,06/25/24,$-326.53,PURCHASE 500661
T0000948,A00092,M023,08-Mar-2024,-374.82,PURCHASE 946003
T0002819,A00064,M011,17-Jun-2024,$(324.60),PURCHASE 167760
T0000092,A00078,M025,11/02/24, -342.17 ,PURCHASE 739966
T0002612,A00011,M012,11/03/24, -399.86 ,PURCHASE 712344
T0002452,A00004,M031,23-Jan-2025,"$2,148.37",PAYROLL DEP 234841
T0000700,A00084,M015,04/28/2024,-308.58,PURCHASE 785066
T0000640,A00079,M024,09/05/2024,(359.90),PURCHASE 590891
T0002964,A00014,M024,2025-04-08,-154.60,PURCHASE 394008
T0000597,A00022,M031,16-Feb-2024,"2,116.92",PAYROLL DEP 429748
T0002562,A00052,M031,2024-09-18,"$4,844.33",PAYROLL DEP 130901
T0001221,A00057,M024,2024-04-28,-39.73,PURCHASE 425954
T0001352,A00066,M024,2024-12-17,(245.50),PURCHASE 378104
T0001178,A00084,M023,11-Sep-2024,-273.06,PURCHASE 108051
T0000540,A00002,M016,04/29/2024,-270.47,PURCHASE 827424
T0002353,A00068,M014,01/23/2024,-158.99,PURCHASE 191845
T0001105,A00022,M011,01-Jul-2024,(165.24),  PURCHASE 460002  
T0002534,A00069,M030,03/12/2024, (182.16) ,PURCHASE 928453
T0001685,A00050,M030,2024-10-09,-382.40,PURCHASE 161188
T0000647,A00037,M023,07/08/24,-262.42,  PURCHASE 274740  
T0000886,A00071,M009,09/15/24,(412.51),PURCHASE 834543
T0000592,A00064,M010,2025-06-24, -199.07 ,PURCHASE 162915
T0000548,A00002,M018,2025-06-28,(172.63),  PURCHASE 936865  
T0000446,A00029,M002,12/23/2024,-177.13,PURCHASE 855009
T0002231,A00011,M031,2024-10-05,-242.63,PURCHASE 665771
T0002270,A00054,M018,02/15/24,-230.67,PURCHASE 797435
T0000203,A00023,M020,08/12/24,-62.51,PURCHASE 818894
T0000603,A00087,M010,02/10/24,$-170.19,PURCHASE 428881
T0001234,A00018,M030,11/03/2024,-42.11,PURCHASE 671938
T0000373,A00025,M016,02/11/24,-51.26,PURCHASE 680822
T0000322,A00008,M014,05/27/24,-94.07,  PURCHASE 699098  
T0001393,A00049,M006,04-Jan-2024,-213.86,  PURCHASE 435440  
T0000992,A00016,M023,11/23/2024,-203.83,PURCHASE 417242
T0001564,A00057,M031,01/08/2024,-116.69,PURCHASE 657656
T0002518,A00047,M004,01/13/24,-282.09,PURCHASE 893238
T0000413,A00045,M031,05/06/2025,$-115.31,PURCHASE 867080
T0001923,A00084,M024,06/20/24,-309.94,PURCHASE 363845
T0001760,A00073,M029,03/07/24,$-396.37,PURCHASE 375263
T0002678,A00012,M022,08/15/2024, (17.42) ,PURCHASE 905939
T0002996,A00040,M014,31-May-2025,$-296.25,PURCHASE 706036
T0000263,A00040,M029,2024-01-19,$(279.69),  PURCHASE 155663  
T0000980,A00046,M026,28-Sep-2024,-30.56,PURCHASE 581932
T0001636,A00076,M029,2024-01-14, (72.05) ,PURCHASE 400604
T0002112,A00078,M013,2024-10-03,-333.18,PURCHASE 120678
T0000075,A00088,M006,04/21/24,-390.78,PURCHASE 584498
T0000984,A00042,M020,03/24/24,(203.65),PURCHASE 954653
T0001033,A00014,M024,2024-08-27, $(77.81) ,PURCHASE 748697
T0002773,A00003,M022,28-Jul-2024,$-391.66,PURCHASE 513624
T0000745,A00025,M015,25-Dec-2024,-239.93,PURCHASE 864989
T0001186,A00030,M023,06-Oct-2024, (173.36) ,PURCHASE 272620
T0003018,A00005,M002,10/16/24,-125.99,PURCHASE 512451
T0000828,A00040,M024,11/15/2024,(258.67),PURCHASE 901733
T0000671,A00077,M029,2024-08-30, -75.56 ,PURCHASE 220034
T0000546,A00081,M029,23-Sep-2024,-71.10,PURCHASE 313660
T0002036,A00046,M006,11-Oct-2024,-387.44,PURCHASE 720671
T0001626,A00068,M011,08/11/24,-144.89,PURCHASE 233146
T0003035,A00061,M013,05/22/25,-414.28,PURCHASE 275914
T0002234,A00065,M024,02/11/2024,(137.85),PURCHASE 508875
T0002736,A00088,M022,06/14/25,-183.19,PURCHASE 171814
T0000160,A00064,M029,06/23/24,$-185.53,PURCHASE 520245
T0002423,A00005,M009,05/25/2024,-59.01,PURCHASE 141458
T0001324,A00021,M005,01/04/2025,-63.19,PURCHASE 777431
T0002603,A00078,M017,10/25/2024, -274.09 ,  PURCHASE 116665  
T0001605,A00026,M018,2024-12-06,(257.98),PURCHASE 322917
T0001690,A00007,M006,01/08/2024,(83.14),PURCHASE 249763
T0001365,A00090,M018,04-Oct-2024,-308.04,PURCHASE 289734
T0002621,A00052,M030,07/10/24,(157.89),PURCHASE 185484
T0001289,A00009,M006,,$-28.10,PURCHASE 799047
T0001864,A00024,M021,02/29/2024,$-302.25,PURCHASE 861237
T0002383,A00019,M012,08/09/2024,$-164.22,  PURCHASE 983271  
T0000108,A00058,M028,08/30/2024,-134.36,PURCHASE 178315
T0001517,A00065,M017,03/17/2025,$-319.89,PURCHASE 534854
T0001868,A00034,M011,04/14/24,-212.49,PURCHASE 865634
T0002949,A00014,M031,24-Sep-2024,"1,800.29",PAYROLL DEP 522429
T0001246,A00029,M029,2024-03-24,-133.50,PURCHASE 683021
T0002895,A00030,M008,2024-01-16,-385.90,PURCHASE 678572
T0002395,A00019,M003,05/29/25,-45.01,PURCHASE 155795
T0000004,A00090,M029,02/13/25,(401.85),  PURCHASE 379676  
T0001591,A00045,M024,09/25/24,-32.60,PURCHASE 648110
T0001664,A00088,M023,13-Apr-2025,-392.48,PURCHASE 791377
T0000516,A00045,M020,2024-05-30, $(244.17) ,PURCHASE 503017
T0002505,A00034,M007,2024-09-20,-40.10,PURCHASE 182816
T0000014,A00029,M010,08-Oct-2024,-259.22,PURCHASE 754813
T0002521,A00001,M012,05/22/2024,$-27.55,PURCHASE 697052
T0000830,A00007,M001,2024-10-09,-268.53,PURCHASE 559561
T0000855,A00061,M022,12/19/24,-383.56,  PURCHASE 286113  
T0002001,A00053,M023,01/08/2025,(183.38),  PURCHASE 427848  
T0002662,A00080,M027,02/19/2024,$-220.10,PURCHASE 599461
T0001415,A00042,M031,02/14/2024,"3,742.35",PAYROLL DEP 512130
T0002930,A00022,M014,11-Feb-2025,-150.99,PURCHASE 614822
T0000174,A00058,M023,01-Jul-2024,-268.58,PURCHASE 844618
T0001596,A00055,M023,06/14/24,-195.28,  PURCHASE 235022  
T0002171,A00004,M031,07/19/24,(270.92),PURCHASE 157535
T0003109,A00027,M018,2024-10-01,-50.38,PURCHASE 761215
T0001798,A00028,M022,05/10/25,-270.93,PURCHASE 590418
T0000860,A00035,M002,2024-02-26,-81.43,  PURCHASE 428889  
T0003107,A00087,M001,2024-03-01,-72.81,PURCHASE 297349
T0002374,A00068,,05/24/2025, $-363.71 ,PURCHASE 779511
T0002920,A00073,M019,05/31/24,$(44.54),PURCHASE 562988
T0000260,A00084,M007,03/09/2025,(136.75),PURCHASE 941792
T0003120,A00048,M009,04/21/24,(29.23),PURCHASE 341881
T0002086,A00042,M019,07-Apr-2025,-48.51,PURCHASE 640428
T0002826,A00071,M021,02/08/24,$-238.22,  PURCHASE 193901  
T0001646,A00069,M009,10/22/2024,(367.88),PURCHASE 415296
T0001466,A00041,M031,06/29/2024,"$2,937.67",PAYROLL DEP 974768
T0001500,A00086,M027,05/17/2024, -196.35 ,PURCHASE 122300
T0001370,A00046,M018,,-373.97,PURCHASE 305834
T0000897,A00022,M025,01/14/25,$-206.95,PURCHASE 529635
T0000924,A00026,M029,03/05/24, -120.10 ,PURCHASE 297205
T0001716,A00089,M018,02/04/2025,-286.46,PURCHASE 358027
T0001533,A00036,M031,2024-07-01,"$4,337.69",PAYROLL DEP 325391
T0000147,A00017,M018,09/21/24, -321.14 ,PURCHASE 880360
T0002015,A00022,,2024-05-18,-166.35,PURCHASE 803857
T0003016,A00014,M027,06/26/2025,(385.35),PURCHASE 863923
T0002427,A00090,M019,12/08/24,$(373.55),PURCHASE 940083
T0001098,A00085,M015,02/06/2024,-41.22,  PURCHASE 665465  
T0003068,A00056,M016,2024-12-23,-333.10,PURCHASE 333508
T0000677,A00003,M020,05/27/25,(26.62),PURCHASE 131434
T0002530,A00010,M025,2024-10-18,$-30.13,PURCHASE 313923
T0002757,A00001,M030,06/02/24,-135.29,PURCHASE 403889
T0000554,A00030,M030,,-307.74,PURCHASE 525167
T0002175,A00020,M029,2025-05-17,-293.17,PURCHASE 451329
T0003094,A00067,M031,2024-05-08,"3,145.74",PAYROLL DEP 257107
T0001091,A00018,M028,2024-09-05,-217.88,PURCHASE 571485
T0000018,A00009,M002,10-Sep-2024,$-124.02,PURCHASE 443341
T0002346,A00040,M029,06/15/2025,$(53.76),PURCHASE 797291
T0000925,A00012,M027,15-Feb-2024,-360.37,PURCHASE 400434
T0000475,A00016,,19-Jan-2025,(347.48),  PURCHASE 561801  
T0002206,A00043,M010,21-Mar-2025,$-228.52,PURCHASE 597834
T0001662,A00028,M029,01/14/25,-187.12,  PURCHASE 344659  
T0002625,A00008,M017,04/02/24,-362.56,  PURCHASE 462700  
T0000972,A00093,M004,01/11/2025,-255.03,PURCHASE 116820
T0001476,A00003,M020,11/28/2024,(94.32),PURCHASE 667193
T0001309,A00012,M031,2024-04-20,"2,588.77",  PAYROLL DEP 515493  
T0000146,A00011,M021,2024-08-15,-330.30,PURCHASE 685365
T0002871,A00072,M008,12/12/2024,$-119.38,PURCHASE 545317
T0002938,A00057,M021,05/05/2025,$(232.31),PURCHASE 570341
T0003176,A00077,M008,21-Jul-2024,-102.67,PURCHASE 678196
T0001928,A00043,M007,09/12/24,-332.67,  PURCHASE 723217  
T0002658,A00041,M017,03/01/2024, -407.54 ,PURCHASE 888950
T0001368,A00010,M026,10/29/2024,-354.99,  PURCHASE 372585  
T0002487,A00031,M015,09/09/24,$(230.92),PURCHASE 461297
T0000581,A00030,M027,04/18/24,-144.11,PURCHASE 271069
T0003019,A00017,M025,06/06/25,(126.36),PURCHASE 178094
T0001592,A00018,M020,2024-10-11, -332.26 ,PURCHASE 430295
T0000695,A00079,M012,02/15/24,$(48.52),  PURCHASE 969414  
T0001490,A00055,M022,04/17/2024,-353.83,PURCHASE 588780
T0002749,A00071,M029,2024-08-06,$-352.84,PURCHASE 349910
T0001278,A00003,,13-Jul-2024,-256.50,PURCHASE 971992
T0002764,A00069,M016,06/09/2024,-360.71,PURCHASE 544112
T0003090,A00018,M022,19-Jan-2024,(190.14),  PURCHASE 195391  
T0001499,A00033,,03/09/2024,$-272.81,PURCHASE 330273
T0002079,A00059,M029,01/01/2024, -356.98 ,PURCHASE 465565
T0001562,A00036,M028,04/04/2024,$-382.67,PURCHASE 688122
T0002533,A00058,M009,11/29/24,-144.16,PURCHASE 236799
T0003156,A00051,M019,2025-02-03,-369.89,PURCHASE 736829
T0003002,A00059,M020,22-May-2024,-294.05,  PURCHASE 460293  
T0000391,A00073,M002,06/29/24, (404.90) ,PURCHASE 166670
T0001438,A00080,M009,2024-12-30,-242.70,  PURCHASE 958113  
T0000933,A00079,M031,2025-02-16,"3,831.71",PAYROLL DEP 766076
T0001102,A00047,M019,05-Dec-2024,(18.98),PURCHASE 993891
T0000362,A00071,M028,05/07/2025,-110.55,PURCHASE 118397
T0002594,A00080,M012,08/27/24,$-103.25,PURCHASE 719404
T0002640,A00093,M024,12/20/2024,-187.98,PURCHASE 901114
T0000618,A00092,M031,02/03/2024,"2,321.48",PAYROLL DEP 699982
T0001355,A00026,M022,12/03/24,-342.77,PURCHASE 211134
T0002407,A00049,M031,06-May-2024, -133.67 ,PURCHASE 299950
T0000155,A00001,M001,2024-04-20,$-23.11,PURCHASE 315477
T0002029,A00068,M026,04/28/25,$(25.79),  PURCHASE 370817  
T0002700,A00067,M020,12-Jan-2024,$-321.12,PURCHASE 143795
T0000735,A00024,M024,10/10/2024,$-366.35,  PURCHASE 195775  
T0001653,A00065,M021,2025-03-18,-291.31,PURCHASE 402311
T0000303,A00009,M029,2024-07-19,-135.02,PURCHASE 460987
T0001138,A00025,M005,02/08/2025,-387.44,PURCHASE 493820
T0001631,A00090,M003,01-Nov-2024,-183.15,PURCHASE 318431
T0001502,A00011,M031,12/28/2024," $3,746.31 ",PAYROLL DEP 791048
T0001007,A00045,M020,08/05/24,$-268.83,PURCHASE 788941
T0000853,A00082,M021,20-Aug-2024, -266.96 ,  PURCHASE 684191  
T0001538,A00050,M019,06/25/2025,-33.73,PURCHASE 798956
T0000744,A00065,M003,2024-05-31,-74.97,PURCHASE 983031
T0002976,A00002,M011,12/01/2024,-127.59,PURCHASE 422391
T0001701,A00067,M003,03/04/25,(127.62),PURCHASE 303896
T0001147,A00045,M003,10/09/2024, $(206.91) ,PURCHASE 484034
T0002385,A00046,M008,08/05/24,-321.86,PURCHASE 936598
T0002797,A00054,M010,11/25/24,$(16.52),  PURCHASE 528605  
T0001122,A00054,M031,06/07/2024,(16.63),PURCHASE 500988
T0001216,A00038,M023,13-Jun-2025, (112.18) ,  PURCHASE 668585  
T0000952,A00049,M022,29-Oct-2024,-153.74,PURCHASE 859790
T0001589,A00046,M010,04/29/2025,$-306.54,PURCHASE 919463
T0002655,A00037,M008,,-70.17,PURCHASE 839921
T0000012,A00084,M011,03/16/2024,-270.86,PURCHASE 770872
T0003033,A00026,M014,06/24/24,-131.31,  PURCHASE 892029  
T0000183,A00083,M026,11/24/24,$-397.06,PURCHASE 493172
T0000305,A00062,M013,03/18/25,-263.71,PURCHASE 245824
T0001259,A00023,M029,29-Jan-2025,$-350.79,PURCHASE 969005
T0000532,A00030,M027,2025-04-16,-396.19,PURCHASE 797670
T0000137,A00087,M008,04/10/24,-59.04,PURCHASE 776913
T0001051,A00085,M024,13-May-2024,(355.38),PURCHASE 142759
T0001904,A00088,M004,03/22/2025,$-257.94,PURCHASE 152240
T0003029,A00042,M004,01/05/2025,$-364.27,PURCHASE 853103
T0002482,A00049,M031,17-May-2024,"$4,496.98",PAYROLL DEP 815106
T0002624,A00077,M005,03/21/24,$(101.02),PURCHASE 110466
T0000225,A00081,M004,02-May-2025,-190.59,PURCHASE 120798
T0002031,A00023,M015,2025-03-12,-149.20,  PURCHASE 515841  
T0000549,A00067,M026,22-Jan-2025,-388.99,PURCHASE 654654
T0003197,A00003,M020,03/14/24,(338.88),PURCHASE 511363
T0001687,A00034,M013,2025-04-11,,PURCHASE 123650
T0002107,A00061,M023,04/08/25,$-107.50,PURCHASE 833033
T0000350,A00041,M014,16-Jun-2025,-244.32,PURCHASE 675111
T0001160,A00021,M031,30-May-2025, (123.83) ,PURCHASE 518383
T0000421,A00008,,03/20/25,-167.69,PURCHASE 880399
T0001364,A00074,M006,02/07/25,(397.69),PURCHASE 771185
T0000851,A00010,M024,27-Feb-2025,-84.16,  PURCHASE 619018  
T0001106,A00065,M013,18-Apr-2024,-156.97,PURCHASE 685823
T0001906,A00010,M026,14-Oct-2024,$-313.71,PURCHASE 695303
T0000734,A00045,M021,09/17/24,(277.96),PURCHASE 207292
T0002466,A00091,M016,07/16/2024,-298.92,PURCHASE 654784
T0000417,A00034,M015,02/11/24,-285.08,  PURCHASE 188049  
T0000318,A00043,M001,03-Jul-2024,$(283.56),PURCHASE 330074
T0003202,A99999,M002,01/24/25,-10.82,PURCHASE ORPHAN
T0001308,A00056,M007,30-Oct-2024,$-348.62,PURCHASE 579743
T0001424,A00054,M029,2024-09-13, $-296.59 ,PURCHASE 244649
T0002654,A00053,M027,07/25/2024,-132.16,  PURCHASE 583535  
T0000742,A00058,M028,2024-03-25,-52.80,PURCHASE 993990
T0002462,A00090,M020,03/02/2024,(359.30),PURCHASE 691046
T0002115,A00040,M003,24-Feb-2024,$-41.19,  PURCHASE 211290  
T0001515,A00046,M015,08/21/24,$-114.34,PURCHASE 798217
T0003063,A00071,M002,03/18/2024,-37.51,PURCHASE 975624
T0000827,A00073,M031,2024-02-20,-170.16,  PURCHASE 856597  
T0000707,A00059,M031,22-Nov-2024,-62.71,  PURCHASE 703075  
T0002388,A00088,,2025-04-16,-380.66,PURCHASE 560720
T0002778,A00038,M006,02/07/24,-292.15,  PURCHASE 837991  
T0001072,A00071,M019,01/28/2025,$(106.50),PURCHASE 748841
T0000967,A00023,M031,08/29/24,"5,068.56",PAYROLL DEP 659890
T0000701,A00092,M027,23-Aug-2024,-414.47,PURCHASE 734960
T0000447,A00065,M022,16-Apr-2025,-190.26,PURCHASE 344131
T0002989,A00065,M016,01/30/24,-83.70,  PURCHASE 995950  
T0002382,A00087,M015,23-May-2025,$-396.59,PURCHASE 753211
T0002821,A00031,M030,12/31/24,-398.36,PURCHASE 897551
T0002417,A00024,M021,2024-07-10,-82.72,PURCHASE 996190
T0002131,A00073,M029,12/03/2024,$(191.45),PURCHASE 242808
T0003032,A00005,M029,2024-12-03,-29.51,PURCHASE 249419
T0000859,A00009,M021,07/21/24,$(180.78),PURCHASE 739278
T0001848,A00035,M017,2025-02-15,-404.52,PURCHASE 834838
T0000991,A00019,M015,2024-11-30,(65.02),PURCHASE 570726
T0002124,A00008,M003,04/09/24,-291.34,PURCHASE 660182
T0002032,A00020,M010,19-Feb-2025,-172.72,PURCHASE 164417
T0000143,A00050,M027,05-Nov-2024,(263.04),PURCHASE 688730
T0000931,A00049,M029,11-Jul-2024, $(333.93) ,PURCHASE 353580
T0000371,A00011,M006,07/15/2024,$-378.99,PURCHASE 842136
T0002810,A00010,M002,2025-01-15,$-173.13,PURCHASE 900020
T0002488,A00028,M029,07/01/2024,-293.75,PURCHASE 331290
T0000699,A00002,M020,24-Jun-2025,$-199.96,PURCHASE 355882
T0000923,A00072,M023,2025-05-06,$-66.92,PURCHASE 532458
T0002316,A00024,M031,08/08/2024,,PAYROLL DEP 847892
T0001534,A00006,M008,08/16/24,-6.73,PURCHASE 161654
T0001658,A00061,M013,11/07/2024, -127.43 ,PURCHASE 636869
T0002348,A00084,M023,05/18/25, -371.32 ,PURCHASE 445718
T0001735,A00055,M002,2024-03-10,-116.40,PURCHASE 974132
T0001810,A00028,M026,2024-03-23,-270.96,PURCHASE 460832
T0002203,A00061,M014,,$-131.20,PURCHASE 969383
T0001505,A00049,M020,2024-08-01,$(124.90),PURCHASE 443716
T0001377,A00017,M002,2024-04-23,-77.71,PURCHASE 794759
T0003191,A00063,M024,12/14/24, -365.40 ,PURCHASE 688098
T0002178,A00018,M016,07/30/2024,$-84.50,PURCHASE 134122
T0003196,A00055,M003,04/13/24, $-382.02 ,PURCHASE 305372
T0000255,A00086,M023,2025-05-14, (296.09) ,PURCHASE 500080
T0001226,A00071,M019,10-Feb-2025,-79.22,PURCHASE 212344
T0002008,A00045,M017,03/30/2025,-320.02,PURCHASE 397853
T0001305,A00075,M008,05/31/24,(239.26),PURCHASE 220375
T0001518,A00049,M013,05/30/2025,-13.04,  PURCHASE 767733  
T0000082,A00069,M025,2025-01-10,-20.35,PURCHASE 887842
T0002933,A00051,M019,11/11/2024,$-10.67,PURCHASE 702111
T0002863,A00077,M004,12-Sep-2024,$(135.29),PURCHASE 406983
T0000266,A00083,M010,26-Dec-2024,-101.50,PURCHASE 954441
T0003131,A00037,M030,2024-07-27,$-306.60,PURCHASE 685520
T0002801,A00090,M031,2024-09-10,"4,968.69",PAYROLL DEP 986616
T0000114,A00033,M029,08-Oct-2024,-64.98,PURCHASE 602300
T0000149,A00054,M002,06/26/2025,-366.14,PURCHASE 579798
T0002312,A00066,M012,18-Feb-2025, $-52.67 ,PURCHASE 314942
T0001832,A00090,M026,11/09/2024, -244.57 ,PURCHASE 740972
T0000276,A00065,M019,04/25/2024,(394.08),PURCHASE 718990
T0000666,A00015,M031,2024-10-23,-248.51,PURCHASE 953009
T0001303,A00014,M029,16-Apr-2024,$(320.02),PURCHASE 602194
T0001697,A00041,M025,04/20/2025,-51.13,PURCHASE 362753
T0000333,A00056,M017,26-May-2024,(190.82),PURCHASE 741780
T0003050,A00019,M019,04/25/25,(227.83),PURCHASE 656824
T0003028,A00038,M011,2025-05-25,(71.01),PURCHASE 507689
T0002211,A00069,M016,21-Apr-2025,$-156.50,PURCHASE 125924
T0002728,A00084,M028,02/10/25,(169.45),PURCHASE 165964
T0002145,A00016,M012,08/06/2024,$(297.28),PURCHASE 801700
T0001296,A00082,M014,01/29/2025,$-290.99,  PURCHASE 832987  
T0001434,A00032,M014,2025-06-05,-296.40,PURCHASE 236337
T0001570,A00049,M015,07/23/24,-318.66,  PURCHASE 964424  
T0001882,A00009,M022,27-Mar-2025,-299.99,PURCHASE 417801
T0001969,A00022,M017,06/12/2024,$-210.28,PURCHASE 479891
T0003091,A00085,M013,10-Oct-2024,$-37.35,PURCHASE 614774
T0000372,A00008,M013,04-Jul-2024,-179.85,PURCHASE 644973
T0001602,A00070,M013,12/31/24,(150.16),PURCHASE 907235
T0000334,A00032,M017,29-Aug-2024,-410.32,  PURCHASE 756895  
T0001712,A00035,M007,18-Dec-2024,-60.01,PURCHASE 660437
T0002072,A00014,M023,12/05/24,-104.97,PURCHASE 978133
T0000870,A00006,M008,25-Oct-2024,-79.71,PURCHASE 357714
T0002386,A00062,M006,2024-12-03,(179.61),  PURCHASE 365899  
T0002185,A00004,M001,01/10/24,-357.96,PURCHASE 257114
T0002737,A00092,M031,01/23/2024,$-268.37,PURCHASE 542525
T0002859,A00014,M012,03/03/2025,$-252.41,PURCHASE 783839
T0001966,A00027,M017,2024-11-14,-337.50,PURCHASE 482901
T0001253,A00070,M020,2024-12-18,-99.25,PURCHASE 663367
T0000842,A00007,M013,2024-12-14,-58.47,PURCHASE 743217
T0002476,A00084,M031,19-Jan-2024,"1,999.89",PAYROLL DEP 889760
T0001036,A00011,M030,06/27/2025,-249.73,PURCHASE 723136
T0001927,A00086,M022,06/25/25,(43.81),PURCHASE 347831
T0002982,A00080,M002,02/19/24,-156.03,PURCHASE 988831
T0002349,A00048,M021,,-344.71,PURCHASE 809887
T0001703,A00007,M010,09/13/24,-216.62,PURCHASE 447072
T0003162,A00056,M027,06/25/25,$-248.20,PURCHASE 382629
T0001058,A00085,M031,2025-06-01,-139.54,PURCHASE 649950
T0000407,A00058,M009,2024-02-12, -73.83 ,PURCHASE 553959
T0001797,A00052,M023,03/28/2024,-87.70,PURCHASE 139987
T0000636,A00072,M021,10-Apr-2025, -406.30 ,PURCHASE 110901
T0002473,A00005,M012,03/10/2024,$(201.66),  PURCHASE 168674  
T0002601,A00056,M003,09/26/2024,$-31.75,PURCHASE 500972
T0002129,A00081,M029,04/30/2025,$(78.16),PURCHASE 384608
T0002430,A00058,M021,2024-01-22,$-132.85,PURCHASE 531340
T0002867,A00004,M016,07-Sep-2024, $-247.83 ,PURCHASE 798041
T0003079,A00087,M016,06/03/25,(334.51),PURCHASE 494897
T0002627,A00038,M001,11/12/2024,-336.29,PURCHASE 591544
T0000212,A00093,M027,02/28/2024,(76.09),PURCHASE 304206
T0001553,A00075,M016,06-Jan-2024,$-175.45,  PURCHASE 821484  
T0000794,A00084,M006,06/05/2025,$-77.56,PURCHASE 820328
T0001207,A00091,,02/18/25,-194.45,PURCHASE 693234
T0001888,A00058,M031,04/11/25,"2,484.20",PAYROLL DEP 686003
T0001809,A00025,M001,2025-01-08,-334.29,PURCHASE 654787
T0001546,A00030,M023,12/03/24,(273.62),PURCHASE 608013
T0000443,A00049,M014,05/16/2025,(346.53),PURCHASE 654844
T0000024,A00043,M019,04/22/2024,-131.30,PURCHASE 787436
T0002313,A00077,M007,2024-10-02,-338.91,PURCHASE 444523
T0003006,A00084,M002,2025-03-17, -97.52 ,PURCHASE 310523
T0002116,A00086,M005,2024-01-13,-148.12,  PURCHASE 815839  
T0001893,A00054,M030,12/21/2024,$-410.26,PURCHASE 778590
T0001886,A00007,M030,03/03/25,-55.52,PURCHASE 781976
T0000314,A00006,M014,22-May-2025,-324.24,PURCHASE 461838
T0001183,A00090,M004,13-Jun-2024,-75.94,PURCHASE 827658
T0000622,A00055,M021,2025-01-01,$-377.43,PURCHASE 907814
T0001009,A00032,M003,18-Nov-2024,-58.91,  PURCHASE 680476  
T0000783,A00087,M011,07-Sep-2024,-126.14,  PURCHASE 898304  
T0003036,A00059,M030,07/10/2024,$-218.01,PURCHASE 800798
T0002823,A00065,M014,2024-04-28,(403.01),PURCHASE 408341
T0002355,A00056,M031,04/08/2024," 1,937.89 ",  PAYROLL DEP 145317  
T0003123,A00052,M016,12/18/2024,$-301.47,  PURCHASE 400889  
T0000670,A00048,M027,12/22/2024, $-171.37 ,PURCHASE 812321
T0001145,A00078,M025,29-Mar-2025,$-419.18,PURCHASE 211594
T0002310,A00093,M024,05-Jul-2024,$-169.44,PURCHASE 481593
T0002959,A00084,M005,2025-06-01,-367.50,PURCHASE 111125
T0001427,A00067,M001,2024-12-18,-6.51,PURCHASE 835281
T0002709,A00045,M010,2024-01-27,-44.67,PURCHASE 587796
T0001491,A00017,M005,2024-09-14,-407.80,PURCHASE 834435
T0001806,A00020,M008,06/22/24, -75.48 ,PURCHASE 505521
T0003085,A00054,M009,06/08/25, -76.63 ,PURCHASE 883153
T0000811,A00056,M004,24-Jan-2025,-41.72,PURCHASE 226204
T0000495,A00026,M006,09/02/24,-117.16,PURCHASE 327808
T0001614,A00032,M027,2025-01-28,-249.18,PURCHASE 655358
T0002419,A00065,M014,02-Mar-2025,$-55.23,PURCHASE 176503
T0003117,A00040,M031,11-Oct-2024,"3,284.08",PAYROLL DEP 555069
T0003190,A00004,M018,2024-12-25,-213.41,PURCHASE 655062
T0000269,A00007,M018,06/10/24,(225.24),PURCHASE 434168
T0000434,A00023,M023,03/28/24,$-317.77,PURCHASE 339266
T0001372,A00013,M019,02/21/24,$-363.07,PURCHASE 191878
T0002472,A00085,M007,18-Jun-2024,-375.81,PURCHASE 798858
T0001751,A00049,M008,2024-10-18,-178.70,  PURCHASE 444722  
T0003174,A00090,M002,04-Mar-2025,$-389.72,PURCHASE 945306
T0001976,A00069,M023,06/28/25,(44.58),PURCHASE 620462
T0000803,A00009,M015,08/07/24,(97.94),PURCHASE 124262
T0000869,A00065,M024,2024-07-12,-135.57,PURCHASE 467124
T0001580,A00050,M008,, -417.42 ,PURCHASE 997097
T0001348,A00045,M006,06/30/2025,$-258.05,PURCHASE 631868
T0000145,A00093,M022,02/17/2025,$-61.35,PURCHASE 872519
T0001524,A00075,M015,14-Dec-2024,-82.17,PURCHASE 688682
T0003142,A00057,M003,01/15/2025,-380.88,PURCHASE 650062
T0000485,A00064,M031,,"2,818.21",PAYROLL DEP 787140
T0001175,A00018,M018,03/08/25,-260.46,PURCHASE 426752
T0000025,A00028,M021,2025-05-06,-303.73,PURCHASE 834549
T0001865,A00091,M017,09/26/2024,-412.99,PURCHASE 310013
T0001179,A00042,M009,06/27/25,-77.61,PURCHASE 876533
T0003065,A00031,M009,07/22/24,-227.43,PURCHASE 999357
T0002084,A00057,M010,30-Aug-2024,-259.65,PURCHASE 390133
T0001088,A00060,M027,2024-10-28,$-42.41,PURCHASE 206551
T0002789,A00049,M006,03/16/25,$(212.33),PURCHASE 676103
T0000559,A00082,M029,27-Mar-2024,$-67.10,PURCHASE 514563
T0001431,A00077,M024,21-Sep-2024,-22.18,PURCHASE 329389
T0002088,A00040,M017,03/14/24,-132.03,PURCHASE 320741
T0002547,A00062,M007,2024-04-11,-33.52,PURCHASE 169801
T0001822,A00020,M029,04/14/2024,-406.61,  PURCHASE 840888  
T0001171,A00076,M002,10-Jul-2024,-385.95,PURCHASE 273616
T0000978,A00054,M015,2024-12-04,(308.01),  PURCHASE 389155  
T0001022,A00070,M017,2024-03-02,$-123.54,PURCHASE 114436
T0001395,A00025,M025,2024-05-02,-163.02,PURCHASE 318381
T0001590,A00092,M030,21-May-2024, $-4.01 ,PURCHASE 300183
T0001660,A00057,M027,2024-08-25,(325.92),PURCHASE 448667
T0001070,A00035,M023,07/05/24,$-418.07,PURCHASE 754076
T0001444,A00062,M016,04/19/24,-314.72,PURCHASE 210060
T0001407,A00081,M023,2024-11-19,-325.54,PURCHASE 946980
T0000720,A00038,M007,08/03/2024,-413.84,PURCHASE 492041
T0000221,A00060,M004,27-Jun-2024,$-294.17,PURCHASE 441244
T0000211,A00007,M014,27-Apr-2025,-39.75,PURCHASE 520106
T0000185,A00090,M027,16-Apr-2024,-296.04,  PURCHASE 261223  
T0000919,A00033,M031,07-Dec-2024,-303.22,PURCHASE 603500
T0000457,A00073,M017,18-Mar-2025,-402.24,PURCHASE 574709
T0003114,A00002,M031,06/25/25,"2,986.22",PAYROLL DEP 455322
T0002090,A00014,M023,01-Jun-2024,(299.74),PURCHASE 456586
T0001270,A00002,M018,03/22/2024,-189.25,PURCHASE 789901
T0001642,A00048,M009,02-Jun-2024,-342.54,PURCHASE 467485
T0000688,A00090,M031,06/29/2025,"$2,837.50",PAYROLL DEP 968386
T0002151,A00092,M031,10/08/2024," $3,202.77 ",PAYROLL DEP 149491
T0001954,A00091,M025,2025-04-07,,PURCHASE 669214
T0002052,A00040,M024,03/10/24,-98.12,PURCHASE 765913
T0001096,A00021,M030,11-Jun-2024,(18.76),PURCHASE 668624
T0001575,A00045,M012,01/17/2024,$-336.51,PURCHASE 104580
T0001746,A00022,M007,31-May-2025,(3.46),  PURCHASE 248432  
T0002701,A00093,M010,24-Apr-2025,(296.91),PURCHASE 419375
T0002605,A00045,M011,2024-09-02,-322.11,PURCHASE 318132
T0002840,A00040,M004,04/08/2024,$-168.97,PURCHASE 225025
T0001574,A00054,M026,01/13/2024,-173.30,PURCHASE 410727
T0002834,A00073,M023,06/22/2025,(8.52),PURCHASE 796211
T0002727,A00078,M018,02/06/24,$-208.46,PURCHASE 715177
T0001695,A00053,M005,06-Dec-2024,-331.03,PURCHASE 529906
T0000433,A00037,M011,06-Jun-2024,,PURCHASE 975365
T0001360,A00040,M018,2024-12-17,$-379.30,PURCHASE 925646
T0000569,A00073,M003,08/03/2024,$-372.96,PURCHASE 786141
T0001422,A00037,M003,09/07/2024,$(390.63),PURCHASE 828029
T0001464,A00054,M031,07/30/2024,-31.19,PURCHASE 520360
T0001475,A00073,,03/30/2025,-384.92,PURCHASE 440888
T0001841,A00090,M025,03/09/2025,-73.01,PURCHASE 168603
T0001410,A00009,M013,2025-04-30,(260.30),PURCHASE 236891
T0001549,A00012,M001,10/24/24,$-132.11,PURCHASE 176066
T0001967,A00090,M015,2025-06-26,$(230.00),PURCHASE 228286
T0002054,A00031,M009,2024-11-04,-319.97,  PURCHASE 556137  
T0002684,A00030,,2025-04-16,$-270.81,PURCHASE 355729
T0002275,A00005,M018,01/08/25,-295.32,PURCHASE 196804
T0001773,A00008,M001,02-Jun-2024,$-29.61,  PURCHASE 124072  
T0000880,A00075,M031,03/28/2024,"$4,928.58",PAYROLL DEP 879704
T0000660,A00092,M020,03/31/24,-381.16,  PURCHASE 407592  
T0001871,A00049,M031,08/25/2024,"2,413.63",PAYROLL DEP 978891
T0001411,A00080,M001,2024-11-03,-407.70,  PURCHASE 467793  
T0003121,A00049,M024,28-Mar-2024,-182.92,PURCHASE 107794
T0002309,A00033,M031,2025-04-23," 3,171.86 ",PAYROLL DEP 987240
T0001295,A00092,M010,2025-04-20,$-230.16,PURCHASE 424544
T0003052,A00079,M007,01/17/24,-358.29,PURCHASE 168824
T0002990,A00080,M016,06/22/24,-24.01,PURCHASE 103335
T0002775,A00001,M013,02-Jan-2025,-110.99,PURCHASE 779450
T0000631,A00079,M022,08-Sep-2024,$-157.98,PURCHASE 324156
T0000187,A00020,M020,07-Jan-2024,(29.37),PURCHASE 403915
T0003004,A00004,M025,04/11/2024,(111.33),PURCHASE 803510
T0001082,A00039,M002,2025-02-25,$-307.40,PURCHASE 395175
T0002939,A00036,M027,04/09/2025,(34.12),PURCHASE 565058
T0000828,A00040,M024,11/15/2024,(258.67),PURCHASE 901733
T0002720,A00053,M008,09-Feb-2025,-242.59,PURCHASE 538872
T0002571,A00035,M005,06/30/2025,-285.45,PURCHASE 463649
T0001260,A00006,M028,04/13/24,(217.02),  PURCHASE 820626  
T0001885,A00054,M031,2024-04-05,"4,843.58",PAYROLL DEP 362205
T0003023,A00011,M017,04/23/2025,$-325.00,PURCHASE 739999
T0001094,A00068,M031,01/09/2025,"2,939.17",  PAYROLL DEP 176401  
T0001024,A00088,M031,12-May-2025,$(233.08),PURCHASE 203635
T0001711,A00076,M022,01/20/2025,-120.08,PURCHASE 862413
T0000152,A00032,M029,09/11/24,-146.59,PURCHASE 412687
T0000233,A00038,M016,05/19/2024,-226.14,PURCHASE 936726
T0000388,A00051,M021,04/23/25,-225.14,  PURCHASE 647639  
T0002532,A00055,M015,08/22/2024,-313.23,PURCHASE 246456
T0000122,A00024,M024,2024-06-28,-290.10,PURCHASE 908274
T0002471,A00064,M007,2025-03-27,$-256.50,PURCHASE 112498
T0002198,A00043,M009,06/18/25,(33.43),PURCHASE 225053
T0000541,A00088,M005,03/20/25,-44.47,  PURCHASE 120705  
T0003096,A00082,M019,08/14/24,$-136.48,PURCHASE 248491
T0001366,A00027,M011,2024-05-23,-45.29,PURCHASE 157398
T0000871,A00007,M031,2024-11-21,"4,128.19",PAYROLL DEP 488363
T0002177,A00089,M004,08/04/2024,-375.87,PURCHASE 273112
T0000223,A00058,M024,2024-08-22,-115.57,PURCHASE 256812
T0000995,A00081,M029,03/01/25,$-415.15,  PURCHASE 312080  
T0001583,A00039,M020,2025-04-29,-392.08,PURCHASE 349874
T0001877,A00047,M017,2024-02-29,$-129.60,PURCHASE 493329
T0001184,A00084,M004,03/09/24,$-35.97,PURCHASE 954888
T0002660,A00076,M030,04/21/2025,-171.83,PURCHASE 881294
T0002903,A00039,M027,2024-05-02,-190.77,PURCHASE 952181
T0002182,A00019,M028,30-Jan-2025,(85.67),PURCHASE 920714
T0001177,A00074,M002,01/25/25, (149.48) ,PURCHASE 663942
T0000653,A00060,M009,03-Mar-2025,-131.99,PURCHASE 577131
T0001985,A00031,M008,2024-06-06,(175.05),PURCHASE 970511
T0001938,A00040,M031,05/17/24,$-34.07,PURCHASE 202179
T0002825,A00008,M019,10-May-2024,$-211.74,PURCHASE 471883
T0002546,A00003,M022,2024-01-03,$-368.57,PURCHASE 484894
T0000208,A00056,M004,11/19/24,-67.54,PURCHASE 388946
T0001741,A00059,M004,02/13/25, -198.21 ,PURCHASE 953943
T0002836,A00016,M028,06/02/2025,-54.55,PURCHASE 580042
T0002997,A00004,M018,06/27/2025,$-6.59,PURCHASE 840335
T0000570,A00037,M020,17-Mar-2024,$-145.99,PURCHASE 301019
T0001837,A00073,M025,09/07/24,-156.40,PURCHASE 223748
T0002737,A00092,M031,01/23/2024,$-268.37,PURCHASE 542525
T0001611,A00089,M029,11/12/2024,,PURCHASE 647338
T0000163,A00039,M021,2024-02-17,-134.04,PURCHASE 802382
T0002344,A00081,M007,01/28/2025,$-412.81,PURCHASE 558397
T0000476,A00004,M006,2024-07-22,(94.30),  PURCHASE 284630  
T0001413,A00025,M030,14-Mar-2025,(411.94),PURCHASE 624497
T0003000,A00081,M004,09/09/24, -210.16 ,  PURCHASE 746615  
T0000020,A00005,M001,04/26/2025,-356.27,PURCHASE 520040
T0000153,A00093,M029,06/20/2025,-289.39,PURCHASE 951452
T0001981,A00062,M015,03/20/25,$-203.17,PURCHASE 459250
T0001170,A00085,M025,09/11/24,(414.64),PURCHASE 343950
T0002645,A00087,M031,04-May-2025,"$2,686.18",PAYROLL DEP 105911
T0002543,A00003,M009,22-Jun-2024,-254.90,  PURCHASE 781585  
T0001202,A00012,M003,09/06/2024,$-248.88,PURCHASE 677064
T0002772,A00049,M010,08/17/24,-341.48,  PURCHASE 175472  
T0001120,A00047,M031,2024-04-04,"4,310.21",PAYROLL DEP 679596
T0000625,A00033,M031,2024-11-01,"$2,407.50",PAYROLL DEP 607417
T0001558,A00060,M024,2024-06-13,-307.99,PURCHASE 392239
T0000865,A00030,M013,03/01/25,-118.96,  PURCHASE 514678  
T0000524,A00002,M023,27-Jun-2025,-316.35,  PURCHASE 792299  
T0000456,A00054,M007,12/25/2024,(247.01),PURCHASE 514507
T0002303,A00091,M026,01/30/2025,$(415.59),PURCHASE 527411
T0002676,A00082,M031,09/06/2024,"$3,683.97",PAYROLL DEP 639124
T0001391,A00046,M018,2024-07-12,$-3.51,PURCHASE 240845
T0000426,A00070,M031,24-Jun-2025,"3,759.77",PAYROLL DEP 752944
T0000006,A00079,M026,03/21/25,-398.28,  PURCHASE 132653  
T0003136,A00074,M025,11/20/24,(178.87),  PURCHASE 275524  
T0002457,A00023,M011,06/04/25,-14.68,PURCHASE 714370
T0000718,A00090,M002,02/12/2025,-114.89,PURCHASE 700315
T0001100,A00044,M023,22-Mar-2025,(355.58),PURCHASE 140034
T0002242,A00045,M031,01/17/25,"3,011.22",  PAYROLL DEP 704386  
T0000101,A00004,M009,12/09/2024,-221.45,PURCHASE 158132
T0002049,A00084,M024,01/06/2025,$(177.72),PURCHASE 246495
T0001728,A00009,M007,05/27/24,$(188.44),PURCHASE 432038
T0002795,A00039,M027,01/13/25,-33.32,PURCHASE 591860
T0001531,A00023,M005,04/28/2025,$(9.49),PURCHASE 766477
T0001409,A00060,M006,16-Jan-2024,$-92.52,PURCHASE 865906
T0001353,A00023,M029,06/11/25, (7.13) ,PURCHASE 580961
T0000528,A00004,M011,06/13/24,$-379.40,  PURCHASE 229077  
T0002527,A00065,M011,,$-281.83,PURCHASE 141410
T0000052,A00079,M017,11/11/24,-371.13,  PURCHASE 312994  
T0000602,A00073,M003,2025-01-07,-77.72,PURCHASE 781880
T0001317,A00011,M022,06/15/24,$-335.38,PURCHASE 971707
T0001829,A00093,M029,2024-07-07,-369.20,PURCHASE 541420
T0002334,A00076,M026,01/07/25,-81.12,PURCHASE 932917
T0002694,A00041,M016,19-Apr-2024,$-55.07,PURCHASE 513647
T0000862,A00037,M029,04/13/2025,-95.39,PURCHASE 147431
T0001169,A00031,M025,2025-02-08,$(222.85),PURCHASE 177440
T0002039,A00059,M020,04/24/2024,-202.17,PURCHASE 418178
T0002980,A00066,M024,02/12/24,-410.58,PURCHASE 909172
T0000330,A00008,M026,04/26/2024,-259.72,PURCHASE 521536
T0003206,A99999,M028,14-Mar-2025,-48.18,PURCHASE ORPHAN
T0001872,A00090,M003,06/27/2024,$-108.66,PURCHASE 608091
T0001457,A00002,M014,10/09/2024,-111.24,PURCHASE 228219
T0000093,A00061,M020,06/04/24,$(289.30),PURCHASE 502686
T0002712,A00090,M002,15-Nov-2024,-188.37,PURCHASE 868581
T0002613,A00015,M025,11/01/24, $-137.04 ,PURCHASE 417885
T0002284,A00050,M023,03/31/24,$-10.91,PURCHASE 654725
T0000229,A00058,M031,2024-08-28, -313.20 ,PURCHASE 596171
T0000088,A00035,M005,2024-12-11, -239.08 ,  PURCHASE 921967  
T0000760,A00008,M012,04/21/25, -289.09 ,  PURCHASE 702597  
T0002691,A00056,M024,2024-09-29,$-237.41,PURCHASE 771681
T0002021,A00048,M020,23-May-2024,-137.67,PURCHASE 251778
T0000091,A00038,M031,2025-03-31,"4,165.03",  PAYROLL DEP 501677  
T0002213,A00014,M005,2025-06-16,-376.30,PURCHASE 707891
T0001420,A00005,M024,25-Jul-2024,-349.81,PURCHASE 146902
T0001630,A00066,M017,09/30/24, -124.73 ,PURCHASE 343167
T0002117,A00043,M029,25-Jun-2024,-199.27,PURCHASE 785719
T0002264,A00088,M001,03/17/24,-339.70,PURCHASE 999803
T0000754,A00063,M011,2024-05-22,(331.83),PURCHASE 515229
T0002950,A00069,M024,12-Sep-2024,$-20.27,PURCHASE 924365
T0000714,A00075,M007,05/17/2025,-299.07,PURCHASE 465642
T0002361,A00016,M015,12-Dec-2024,-395.05,  PURCHASE 250967  
T0000181,A00033,M017,06/17/2025,-69.46,PURCHASE 447148
T0000176,A00015,M002,07/27/2024,-152.57,PURCHASE 778553
T0001055,A00076,M021,08-Feb-2024,-26.99,PURCHASE 472311
T0002404,A00060,M010,13-Jul-2024,(359.42),PURCHASE 132011
T0001108,A00093,M007,2025-05-10, $-220.48 ,PURCHASE 320395
T0001982,A00023,M004,01/20/2025,-143.76,PURCHASE 779046
T0002196,A00022,M026,06/22/2024,-199.77,PURCHASE 318228
T0001233,A00030,M019,27-Jul-2024,$(52.42),  PURCHASE 741282  
T0003129,A00038,M030,2024-03-28,-58.75,PURCHASE 107083
T0001382,A00068,M018,11/16/24,-316.11,  PURCHASE 304638  
T0001146,A00032,M031,04/23/2024,"$2,001.95",  PAYROLL DEP 872468  
T0002103,A00092,M029,13-Feb-2024,-236.20,PURCHASE 576084
T0000663,A00043,M010,2024-06-07,-302.88,PURCHASE 260455
T0002566,A00005,M014,02/15/2025,$-379.18,PURCHASE 607447
T0001939,A00056,M031,02/02/25,"1,805.51",PAYROLL DEP 867887
T0000496,A00029,M003,2024-05-04,-318.00,PURCHASE 146803
T0002524,A00034,M006,2025-03-07,-412.92,PURCHASE 727090
T0002304,A00009,M029,2025-03-18,-124.49,PURCHASE 513239
T0000291,A00034,M026,2025-03-30,(204.27),PURCHASE 913205
T0000332,A00066,M001,01/20/25,(369.80),PURCHASE 397514
T0002218,A00049,M016,05/27/2024,-280.59,PURCHASE 438909
T0001079,A00019,M029,06/05/25,,PURCHASE 993604
T0001345,A00017,M029,2024-01-21,-204.11,PURCHASE 710272
T0001126,A00019,M016,30-Sep-2024,-305.24,PURCHASE 359140
T0000393,A00034,M025,2024-08-31,-339.39,PURCHASE 543410
T0002788,A00016,M008,09/05/2024,-128.25,PURCHASE 602804
T0002081,A00005,M004,10/14/24,-311.78,  PURCHASE 986718  
T0002441,A00065,M026,2025-06-22,-248.12,PURCHASE 210995
T0001902,A00072,M023,05/15/2025,$-193.72,PURCHASE 504510
T0003160,A00080,M022,2025-01-04,(292.06),PURCHASE 602729
T0000173,A00080,M023,08-Jun-2025,-231.44,PURCHASE 849086
T0002671,A00062,M004,09/13/2024,$-383.07,  PURCHASE 433759  
T0000643,A00008,M029,04/22/24,-195.17,PURCHASE 677035
T0002698,A00060,M015,2024-12-02,-158.74,PURCHASE 327570
T0002570,A00083,M029,17-Jan-2024,-109.31,PURCHASE 848544
T0003108,A00033,M030,07/10/24,(243.19),PURCHASE 359338
T0001532,A00092,M029,07/18/24,-113.32,PURCHASE 365375
T0001917,A00068,M028,2025-05-19,-174.19,PURCHASE 742243
T0001756,A00015,M031,01/03/24,"$1,916.90",PAYROLL DEP 190555
T0000265,A00087,M007,06/28/2025,$-211.77,  PURCHASE 449773  
T0001220,A00048,M021,27-Oct-2024,-61.73,PURCHASE 532144
T0002498,A00063,M031,25-Jan-2024,"$4,175.50",PAYROLL DEP 386370
T0000363,A00007,M023,2024-11-23,-59.50,PURCHASE 403936
T0000234,A00029,M029,01/17/2025,(236.75),PURCHASE 375754
T0002742,A00091,M029,11/26/24,-57.29,PURCHASE 862805
T0002464,A00055,M009,06/04/25,-398.21,PURCHASE 548140
T0002397,A00059,,06/22/24,$-240.53,PURCHASE 340201
T0001114,A00076,M026,2025-03-08,$-364.45,PURCHASE 744226
T0000354,A00006,M018,01/05/24,-409.83,PURCHASE 701596
T0001677,A00007,M025,05/04/2024,-86.64,  PURCHASE 162824  
T0002405,A00006,M017,22-Feb-2024,-272.63,PURCHASE 522833
T0000613,A00071,M010,01/17/24,-212.37,PURCHASE 469320
T0002607,A00077,M008,18-May-2024,(81.64),PURCHASE 786634
T0000076,A00033,M024,2025-03-18,-259.08,PURCHASE 888870
T0000852,A00045,M013,01/31/2025,$-293.41,PURCHASE 364255
T0001498,A00012,M027,03-Mar-2025,$-292.24,PURCHASE 968253
T0002000,A00002,M008,02/05/25,-75.42,  PURCHASE 921909  
T0002943,A00035,M016,2024-04-12, $(94.91) ,PURCHASE 108337
T0001316,A00004,M030,2024-08-09, $(399.47) ,  PURCHASE 709775  
T0003067,A00061,M015,05/21/2025,-136.28,  PURCHASE 346129  
T0003191,A00063,M024,12/14/24, -365.40 ,PURCHASE 688098
T0002458,A00071,M027,22-Sep-2024,(125.89),PURCHASE 365407
T0002715,A00022,M027,03/09/24,-295.26,PURCHASE 157822
T0000335,A00089,M031,01-Jun-2024, (383.09) ,PURCHASE 319770
T0001781,A00077,M023,2025-03-16,-143.62,PURCHASE 162467
T0000707,A00059,M031,22-Nov-2024,-62.71,  PURCHASE 703075  
T0002832,A00048,M003,27-Dec-2024,-235.26,PURCHASE 368258
T0002113,A00002,M031,2025-04-27,"3,549.08",PAYROLL DEP 602832
T0002881,A00002,M027,2024-06-02,$-52.10,PURCHASE 267971
T0001240,A00088,,,-151.52,PURCHASE 354778
T0002832,A00048,M003,27-Dec-2024,-235.26,PURCHASE 368258
T0001639,A00088,M006,2025-01-28,-51.61,  PURCHASE 535670  
T0001076,A00027,M004,21-Feb-2025, -412.33 ,PURCHASE 922163
T0000906,A00073,M025,26-May-2024,-27.61,PURCHASE 253218
T0002661,A00086,M010,12/29/24,-408.56,PURCHASE 438835
T0002112,A00078,M013,2024-10-03,-333.18,PURCHASE 120678
T0000609,A00090,M010,12/16/24,-71.61,PURCHASE 830532
T0001866,A00090,M030,2024-02-02,$-384.74,  PURCHASE 698338  
T0002874,A00020,M022,14-Mar-2025,$-315.50,PURCHASE 114355
T0002066,A00058,,03/15/2025,-290.76,  PURCHASE 140146  
T0002149,A00090,M007,05/26/25,-81.15,PURCHASE 446338
T0001488,A00007,M014,27-Jan-2024,$-53.23,PURCHASE 658939
T0001473,A00004,,14-Mar-2024,-372.90,PURCHASE 916350
T0000983,A00007,M008,08/16/24,-370.27,PURCHASE 532689
T0000941,A00046,M023,10/12/2024,-179.08,  PURCHASE 355047  
T0002250,A00028,M019,2025-01-31, $(321.09) ,PURCHASE 168264
T0002497,A00077,M006,05/30/2025,$-177.42,  PURCHASE 848428  
T0000218,A00079,M009,08/11/2024,$-79.22,PURCHASE 353814
T0000363,A00007,M023,2024-11-23,-59.50,PURCHASE 403936
T0002495,A00072,M028,14-Apr-2025,,PURCHASE 440823
T0001820,A00022,M017,12/08/24,-258.55,PURCHASE 398696
T0001327,A00083,M020,04/03/2025,-295.73,PURCHASE 877079
T0002523,A00089,M015,2024-04-22,-147.55,PURCHASE 401804
T0001104,A00067,M029,18-Jul-2024, $-388.21 ,PURCHASE 443807
T0002683,A00067,M014,31-May-2024,$-148.59,PURCHASE 700032
T0002642,A00039,M031,2024-05-19,"2,275.51",PAYROLL DEP 675807
T0002981,A00007,M029,01/26/2025,-385.54,PURCHASE 258181
T0003064,A00085,M016,12-May-2025,-25.88,PURCHASE 746972
T0002609,A00042,M016,09-Nov-2024,-185.22,PURCHASE 356569
T0002387,A00025,M028,06/10/2024,$-280.08,  PURCHASE 939535  
T0002292,A00046,M026,02/07/25,(78.57),PURCHASE 633638
T0000821,A00082,M031,07/05/24," 3,957.74 ",PAYROLL DEP 999343
T0001600,A00079,M022,22-Nov-2024,-214.24,PURCHASE 443700
T0000687,A00024,M031,01/28/25,-38.23,PURCHASE 146573
T0002392,A00038,M013,2024-11-18,-241.79,  PURCHASE 211311  
T0001255,A00010,M026,2024-08-11,-15.16,PURCHASE 510918
T0000974,A00092,M005,2024-02-22,$-377.07,PURCHASE 785173
T0002908,A00036,M012,11/06/24,-310.63,PURCHASE 921483
T0002911,A00064,M002,2024-11-19,(37.68),PURCHASE 631777
T0000888,A00082,M002,26-Apr-2025,-292.94,  PURCHASE 545135  
T0001675,A00081,M001,04/03/2024, -409.71 ,PURCHASE 989633
T0002289,A00053,M004,03/24/2024,$(142.41),PURCHASE 363312
T0002713,A00019,M007,06/06/24,-312.68,PURCHASE 493041
T0002898,A00021,M022,2025-01-25,-374.84,PURCHASE 195012
T0001263,A00010,M012,26-May-2025,-411.72,PURCHASE 807935
T0002435,A00065,M009,05/02/25,-153.64,PURCHASE 969306
T0002954,A00059,M023,09/26/2024,-211.60,PURCHASE 211037
T0002969,A00051,M002,07/16/2024,-58.36,PURCHASE 948701
T0002717,A00002,M014,07/24/24,,PURCHASE 215866
T0002539,A00051,M001,12/30/24,(223.75),PURCHASE 931265
T0000550,A00080,M006,04/11/24,(135.60),PURCHASE 678469
T0002894,A00037,M015,08/16/24,$-28.52,PURCHASE 132687
T0002947,A00004,M001,05/26/25,-80.10,PURCHASE 575156
T0002782,A00078,M023,01/05/2025,-231.01,PURCHASE 921910
T0000011,A00062,M031,05/20/25,"3,683.67",PAYROLL DEP 424314
T0001825,A00023,,02/18/24,(271.13),PURCHASE 829397
T0000244,A00018,M015,22-Dec-2024, -117.81 ,PURCHASE 410035
T0002300,A00051,M011,2025-06-20,-369.33,PURCHASE 466369
T0002370,A00066,M021,2025-04-26,$-353.52,PURCHASE 138598
T0000278,A00013,M013,2024-06-12,-21.31,PURCHASE 251631
T0002855,A00031,M003,01/19/24,-133.26,PURCHASE 442754
T0003171,A00071,M015,10-Oct-2024,$-15.64,PURCHASE 369177
T0000284,A00049,M028,10/21/24,-134.98,PURCHASE 644951
T0001103,A00010,M013,06-Feb-2025,$-84.78,PURCHASE 239563
T0001501,A00068,M009,02/08/2024, -169.90 ,PURCHASE 236104
T0000463,A00041,M009,2025-06-19,-83.00,PURCHASE 687324
T0000686,A00029,M024,2024-08-03,-343.43,PURCHASE 219787
T0001604,A00077,M031,03/06/24,$-105.23,  PURCHASE 322466  
T0002653,A00041,M018,22-May-2024,-298.95,PURCHASE 506053
T0001551,A00007,M024,12/07/2024,$(351.54),PURCHASE 142273
T0001915,A00073,M022,01-Jul-2024,-319.90,PURCHASE 555473
T0002418,A00078,M018,07-Jan-2024,-386.15,PURCHASE 518904
T0000840,A00005,M007,2024-07-09,-113.37,PURCHASE 276730
T0000682,A00034,M024,2024-01-11,$-316.82,  PURCHASE 362062  
T0000697,A00015,M001,06/02/2024,-47.30,PURCHASE 847467
T0002340,A00012,M020,03/05/24, -91.09 ,PURCHASE 910470
T0001738,A00008,M012,03/22/25,-218.15,PURCHASE 699037
T0000257,A00010,M019,2024-02-12,$-65.37,PURCHASE 567262
T0002222,A00046,M008,02/16/2025,-416.02,PURCHASE 657729
T0000252,A00048,M007,03-Sep-2024,-159.40,PURCHASE 100205
T0000289,A00079,M009,08-Mar-2024,-353.59,PURCHASE 296481
T0003105,A00082,M030,2024-11-18,-109.03,PURCHASE 139868
T0000042,A00057,M006,02/02/24,-323.66,PURCHASE 501058
T0000781,A00091,M013,2024-03-02,(348.40),  PURCHASE 561421  
T0000210,A00009,M017,,-170.03,  PURCHASE 766764  
T0002955,A00005,M010,21-Apr-2024,$(237.25),PURCHASE 179312
T0002569,A00010,M012,30-Apr-2025,-298.55,PURCHASE 299412
T0002686,A00084,M026,2024-12-31,-30.52,PURCHASE 707114
T0000657,A00055,M031,01/30/2025,-380.04,PURCHASE 438144
T0002579,A00032,M026,03/03/2024,$-52.72,PURCHASE 603428
T0001963,A00045,M031,01/29/2024,,PURCHASE 741699
T0002146,A00009,M006,01/24/2024,$-331.87,PURCHASE 530487
T0001628,A00001,M030,04/14/24,$-97.58,PURCHASE 219360
T0002238,A00085,M027,2024-08-31,-286.80,  PURCHASE 836005  
T0000630,A00046,M014,06/07/25,-125.38,PURCHASE 288643
T0002972,A00018,M031,,-406.51,PURCHASE 893213
T0003074,A00004,M006,12/06/24,$-228.02,PURCHASE 920847
T0000800,A00026,M030,03-Feb-2025, -297.61 ,PURCHASE 459338
T0001361,A00027,M005,22-Mar-2025,(134.53),PURCHASE 447902
T0000002,A00083,M016,2025-04-20,(266.43),PURCHASE 145934
T0000001,A00079,M024,03/10/2024,-277.01,PURCHASE 454992
T0003116,A00088,M011,05-May-2024,(8.30),PURCHASE 407481
T0002864,A00019,M003,2025-03-02,-384.68,PURCHASE 848639
T0003147,A00029,M013,2024-01-10,(135.95),PURCHASE 722421
T0000056,A00065,M020,, -268.93 ,PURCHASE 531319
T0002095,A00007,M025,05/04/2025,-330.64,PURCHASE 277062
T0002260,A00056,M005,29-Mar-2024,-137.39,PURCHASE 971515
T0002154,A00055,M017,05-Apr-2025,-322.82,PURCHASE 485971
T0000493,A00009,M020,03/06/24,-339.75,PURCHASE 873105
T0002741,A00047,M010,12/19/24,-101.05,  PURCHASE 468794  
T0000106,A00032,M024,2025-01-20,-131.23,  PURCHASE 249289  
T0002228,A00042,M024,06/15/25,-407.57,PURCHASE 418983
T0000955,A00001,M016,2025-03-13,$-251.23,PURCHASE 940223
T0001496,A00027,M018,01/09/24,-79.46,PURCHASE 414442
T0003007,A00028,M016,13-Jun-2024,$-99.67,PURCHASE 548744
T0002271,A00053,M013,2024-08-08,(234.62),PURCHASE 199910
T0000055,A00018,M027,03/01/2024,-356.07,  PURCHASE 342675  
T0000180,A00006,M011,10-Feb-2024,-251.90,PURCHASE 676884
T0001696,A00066,M006,2024-05-11, -38.45 ,PURCHASE 461080
T0000731,A00011,M009,01/15/25,-199.87,  PURCHASE 272216  
T0001720,A00068,M016,25-Jul-2024,-175.11,PURCHASE 143247
T0001312,A00025,M011,10/14/2024,-78.55,PURCHASE 239960
T0001577,A00048,M009,11/10/24,-26.61,PURCHASE 435412
T0002254,A00025,M021,08/13/2024,$-230.84,PURCHASE 387498
T0000975,A00079,M002,,-392.47,  PURCHASE 274006  
T0000691,A00015,M002,11-Dec-2024,-259.68,PURCHASE 230344
T0000059,A00054,M002,2025-01-21,(268.52),PURCHASE 999636
T0002150,A00039,M031,30-Jan-2024,"4,686.65",PAYROLL DEP 721621
T0000531,A00032,M018,11/14/2024,-82.17,  PURCHASE 232442  
T0001855,A00053,M008,25-Feb-2025,-218.71,PURCHASE 803776
T0002274,A00073,M014,06-Apr-2025,(354.11),PURCHASE 417240
T0001307,A00003,M009,11-Aug-2024,(297.33),  PURCHASE 175999  
T0002622,A00009,M025,11/15/24,-294.78,PURCHASE 632118
T0003088,A00003,M031,2024-06-19,"2,543.39",  PAYROLL DEP 515490  
T0003058,A00065,M002,03/12/25,-270.09,PURCHASE 184641
T0001319,A00055,M030,2024-08-20,$-186.77,PURCHASE 288616
T0001032,A00073,M012,01-Jan-2024,$-392.75,PURCHASE 699475
T0001724,A00084,M019,01/06/24,-57.05,PURCHASE 958179
T0001903,A00048,M021,2024-05-03,$-52.13,PURCHASE 472865
T0001004,A00075,M004,03-Oct-2024,-321.96,PURCHASE 604618
T0002315,A00081,M003,08-Sep-2024,-181.49,PURCHASE 380128
T0002845,A00021,M020,02/08/25,-371.74,PURCHASE 543182
T0000634,A00021,M031,2024-10-18,"4,463.24",PAYROLL DEP 138805
T0000135,A00063,M028,04/13/24,-226.36,  PURCHASE 139285  
T0001211,A00034,M013,05/21/24,(254.09),PURCHASE 393948
T0002277,A00026,M006,08/03/2024, $-72.80 ,PURCHASE 114449
T0001335,A00038,M031,12/01/2024,-164.68,PURCHASE 724734
T0001594,A00029,M003,,$-278.44,  PURCHASE 117074  
T0002531,A00013,M024,01/10/25,-354.59,  PURCHASE 708085  
T0002479,A00035,M001,03/09/24,-73.60,PURCHASE 638167
T0000397,A00085,M028,2024-08-29,-374.23,PURCHASE 135527
T0003140,A00022,M005,2024-08-14,-335.67,PURCHASE 781742
T0003150,A00040,M025,22-May-2025,(4.33),  PURCHASE 648794  
T0000184,A00015,M003,07/16/2024, -398.40 ,PURCHASE 802897
T0002602,A00049,M031,06/03/2025,"$2,148.19",  PAYROLL DEP 357120  
T0002320,A00015,M022,2024-05-11,(398.05),PURCHASE 232451
T0000683,A00039,M011,2024-07-03,$-148.81,PURCHASE 228320
T0000656,A00065,M023,06/07/2024, (115.87) ,PURCHASE 596162
T0002438,A00019,M019,07/14/24,$-79.19,  PURCHASE 429266  
T0002204,A00051,M031,04/28/25,"4,373.84",PAYROLL DEP 914441
T0000118,A00024,M023,11/21/24,-152.61,PURCHASE 297377
T0000788,A00010,M012,2024-08-21, (279.99) ,PURCHASE 660730
T0003113,A00010,M011,2024-06-05,-61.78,PURCHASE 453734
T0000009,A00003,M016,19-Oct-2024,$(86.47),PURCHASE 949884
T0001983,A00044,M008,2024-02-18,$(115.68),PURCHASE 539103
T0000058,A00069,M031,2025-02-10,$-172.31,  PURCHASE 785491  
T0003141,A00084,M025,02/20/2024,-200.87,PURCHASE 535377
T0002335,A00092,M018,2025-02-28,-345.10,PURCHASE 131425
T0001997,A00072,M005,23-Feb-2024,-376.37,PURCHASE 722572
T0001112,A00071,M017,05/12/24,$-222.67,PURCHASE 948400
T0001155,A00060,M021,25-Jun-2025,-96.27,  PURCHASE 732277  
T0001847,A00031,,04/13/2025,-221.11,PURCHASE 633367
T0002790,A00084,M006,02/21/24,-51.08,PURCHASE 536950
T0003157,A00049,M031,2024-10-25,$(394.77),PURCHASE 446406
T0002420,A00017,M006,02-Jan-2025,$-70.92,PURCHASE 842372
T0000019,A00014,M015,2025-05-25,(210.98),  PURCHASE 325595  
T0002465,A00031,M011,2025-02-28,-389.33,PURCHASE 578589
T0000798,A00084,M005,2024-12-28,(409.57),PURCHASE 409116
T0001385,A00042,M007,08/05/24,-169.99,  PURCHASE 894323  
T0002056,A00068,M030,02/27/2024,-165.07,  PURCHASE 473639  
T0002651,A00027,M022,10/27/2024,$-228.83,PURCHASE 711240
T0001578,A00084,M030,04/16/25,-309.64,PURCHASE 879715
T0002846,A00001,M018,06/30/25,-41.76,PURCHASE 564020
T0000431,A00026,M028,2024-09-30,-290.79,PURCHASE 579341
T0002857,A00001,M001,08-Jun-2024,-29.61,PURCHASE 874343
T0002007,A00015,M007,04/03/2025,-194.03,  PURCHASE 919009  
T0001813,A00018,M010,2025-06-21,$-346.26,PURCHASE 402713
T0000555,A00051,M023,2024-01-08,-225.81,PURCHASE 653764
T0000301,A00093,M004,19-Apr-2025,$-345.78,PURCHASE 908812
T0001945,A00018,M015,05/25/24,(401.02),PURCHASE 361062
T0001879,A00020,M028,07-Mar-2024,-163.62,PURCHASE 207789
T0000552,A00074,M006,03/04/2025,$-186.05,PURCHASE 853367
T0000406,A00057,M031,12/28/24, -282.72 ,PURCHASE 499442
T0002762,A00081,M014,2024-07-01,-281.47,PURCHASE 456720
T0000034,A00016,M021,10/18/24,-229.56,PURCHASE 218118
T0002909,A00038,M031,09/20/24,"$1,966.68",PAYROLL DEP 476213
T0002294,A00002,M010,04/28/24,-285.65,  PURCHASE 865625  
T0001154,A00084,M023,09/12/24,(30.43),PURCHASE 412086
T0001026,A00010,M001,01/04/24, -139.52 ,PURCHASE 213735
T0002130,A00033,M031,03/09/25,-352.83,PURCHASE 650226
T0001284,A00079,M031,02/18/25,"2,422.34",PAYROLL DEP 508537
T0000964,A00071,M006,09/23/2024,-94.38,  PURCHASE 499973  
T0002672,A00032,M012,2024-02-22,$-170.77,PURCHASE 442237
T0002075,A00067,,2024-03-25,$-224.65,PURCHASE 659569
T0002364,A00041,M012,2024-01-18, -116.69 ,PURCHASE 446918
T0000694,A00012,M017,2024-02-09, (361.86) ,PURCHASE 371638
T0002578,A00024,M006,2025-05-28,-108.58,PURCHASE 619928
T0000326,A00059,M012,04/19/24, $-205.87 ,  PURCHASE 721748  
T0002788,A00016,M008,09/05/2024,-128.25,PURCHASE 602804
T0002706,A00075,M019,10-Mar-2025,$-248.28,PURCHASE 173551
T0002626,A00006,M014,06/26/2024,-81.63,PURCHASE 750475
T0002328,A00009,M010,2025-03-25,-189.41,  PURCHASE 288659  
T0000911,A00048,M002,02/10/2024,-304.40,  PURCHASE 271318  
T0001895,A00003,M001,01/16/2024,$-89.45,PURCHASE 902471
T0002759,A00048,M003,18-May-2024,$-50.86,PURCHASE 760985
T0001200,A00002,M001,2024-02-15,$(80.19),PURCHASE 497832
T0002567,A00009,M003,2025-03-08, -391.64 ,PURCHASE 797807
T0002680,A00044,,2024-12-26, -46.41 ,PURCHASE 911741
T0000134,A00029,M017,2024-11-29,-194.05,PURCHASE 534574
T0000448,A00040,M021,2025-03-29,(39.92),PURCHASE 776498
T0002687,A00033,M029,06/03/25,$-231.88,PURCHASE 471421
T0002371,A00017,M025,08/30/24,-237.69,PURCHASE 965397
T0002641,A00030,M010,04/29/24,(39.26),PURCHASE 340900
T0000423,A00056,M021,2025-05-07, -103.82 ,  PURCHASE 255362  
T0000405,A00057,M023,16-May-2024,-168.78,PURCHASE 684056
T0001074,A00057,M004,06/07/2024,-193.64,PURCHASE 688942
T0000437,A00083,,11/07/24,-382.15,PURCHASE 567863
T0000440,A00078,M012,09/22/2024,,PURCHASE 455446
T0001276,A00082,M020,05/04/24,-147.22,PURCHASE 776200
T0000906,A00073,M025,26-May-2024,-27.61,PURCHASE 253218
T0002868,A00058,M023,02/12/2025,$-375.94,PURCHASE 393768
T0001737,A00089,M015,05/13/2025,-231.90,PURCHASE 788975
T0003141,A00084,M025,02/20/2024,-200.87,PURCHASE 535377
T0000442,A00070,M016,03/11/25,-92.57,PURCHASE 376502
T0001267,A00062,M009,14-Jan-2024,-60.01,PURCHASE 953160
T0001018,A00002,M020,2025-03-06,$-210.53,PURCHASE 293313
T0001494,A00010,M018,15-Jul-2024,-74.64,PURCHASE 280251
T0000775,A00040,M018,2024-11-21,-166.54,PURCHASE 286255
T0002718,A00040,M014,2025-04-24,(91.82),PURCHASE 830124
T0000064,A00084,M001,01/04/25, $-396.21 ,  PURCHASE 684041  
T0001585,A00030,M011,2025-05-09,-362.46,PURCHASE 564063
T0000487,A00052,M023,2025-03-15,$-177.18,PURCHASE 420415
T0003211,A99999,M009,,$(48.99),PURCHASE ORPHAN
T0002217,A00083,M014,26-Apr-2024,(241.26),PURCHASE 985156
T0001176,A00049,M019,04/02/24,$-111.93,PURCHASE 812531
T0000520,A00051,M007,2024-07-06,-111.15,PURCHASE 274195
T0001485,A00003,M004,2024-05-17,$-62.48,PURCHASE 391352
T0003146,A00024,M031,10/25/24,"4,635.72",PAYROLL DEP 194400
T0000523,A00062,M013,01/04/2025, -257.71 ,  PURCHASE 521326  
T0002610,A00045,M006,04/09/2025,-246.17,PURCHASE 799081
T0000723,A00051,M019,06/04/24,-333.52,PURCHASE 124570
T0002215,A00009,M007,12-Jan-2024,-100.25,PURCHASE 320769
T0001173,A00017,M030,2025-05-10,$(314.72),PURCHASE 761113
T0002485,A00047,M003,03/18/2024,-25.77,PURCHASE 196099
T0001435,A00047,M014,03/28/2025,$-358.41,PURCHASE 970181
T0000805,A00016,M019,03/09/2024,$(41.42),PURCHASE 701804
T0000963,A00075,M001,08-Apr-2025,-165.16,PURCHASE 193806
T0002195,A00034,M023,10/22/2024,-374.56,PURCHASE 953092
T0002030,A00041,M023,09/09/24,$-98.39,  PURCHASE 415054  
T0000191,A00053,M009,2024-10-24,-43.95,PURCHASE 204904
T0001785,A00025,M011,04/06/2024,-97.65,PURCHASE 817798
T0001869,A00034,M021,06/06/25,(173.29),PURCHASE 803819
T0000733,A00075,M029,24-Dec-2024,$-97.25,PURCHASE 712859
T0000488,A00068,M014,12/29/2024,-180.52,PURCHASE 695148
T0000324,A00045,M001,03/12/24,$-163.30,  PURCHASE 449636  
T0002730,A00069,,09/14/24,(223.99),PURCHASE 306946
T0002235,A00067,M008,2024-11-01,$-152.42,PURCHASE 819353
T0000926,A00057,M029,16-Jun-2024,(157.82),PURCHASE 521296
T0000472,A00018,M010,2024-05-29,-254.59,PURCHASE 348918
T0001222,A00091,M031,13-Mar-2024,"2,929.79",PAYROLL DEP 172058
T0002121,A00089,M001,20-Jan-2025,$-352.23,PURCHASE 789228
T0001883,A00084,M026,03/18/25,-130.36,PURCHASE 719721
T0002191,A00058,,05/01/25,-6.23,PURCHASE 853349
T0001280,A00002,M027,06/01/2025,(358.93),PURCHASE 776128
T0001719,A00072,M009,15-Mar-2024,-185.38,  PURCHASE 602003  
T0001704,A00048,M010,12/12/2024,$(355.72),PURCHASE 115672
T0001986,A00043,M008,06-Dec-2024,$-48.34,PURCHASE 169031
T0000179,A00053,M024,,-217.27,PURCHASE 367403
T0002157,A00070,M025,04/09/2025,(223.84),  PURCHASE 170360  
T0002905,A00090,M015,2024-11-30,-419.54,PURCHASE 408725
T0001363,A00041,M016,2024-08-18,-349.29,  PURCHASE 969164  
T0002798,A00064,M008,11-Jul-2024,-394.04,PURCHASE 929878
T0001065,A00021,M028,02/13/2024,-415.94,PURCHASE 899786
T0001801,A00063,M016,2025-06-10,-3.41,PURCHASE 491286
T0001452,A00083,M020,2024-12-31,-290.77,PURCHASE 248937
T0000095,A00080,M013,2025-06-05,-126.24,PURCHASE 623850
T0002563,A00075,M021,08-Mar-2024,-300.43,PURCHASE 800756
T0000030,A00061,M009,07/25/2024,(392.07),PURCHASE 802371
T0001340,A00048,M029,07/02/2024,-223.78,PURCHASE 538231
T0002565,A00042,M018,23-Mar-2024, -412.77 ,PURCHASE 985539
T0002916,A00075,M026,03/31/2024,(103.95),PURCHASE 617067
T0000120,A00048,M031,03/01/24,"3,794.47",PAYROLL DEP 491738
T0001861,A00031,M028,22-May-2025,$-159.10,PURCHASE 450520
T0002188,A00089,M026,12-Mar-2024, -292.05 ,PURCHASE 653323
T0002807,A00038,M031,08/10/24,-157.69,PURCHASE 993444
T0001343,A00045,M018,04/17/2024,$(130.06),PURCHASE 264470
T0001217,A00075,M031,03/01/24,$-237.55,PURCHASE 740070
T0002267,A00043,M016,12/06/2024,-191.34,PURCHASE 836385
T0002267,A00043,M016,12/06/2024,-191.34,PURCHASE 836385
T0000589,A00062,,01/05/2025,"5,179.28",PAYROLL DEP 466317
T0002692,A00084,M019,09/08/24, -273.57 ,PURCHASE 803668
T0002817,A00029,M016,05/21/2024,-12.63,PURCHASE 736466
T0001522,A00045,M027,01/07/2024,(349.30),PURCHASE 829238
T0001014,A00092,M009,05-Apr-2024, (312.04) ,PURCHASE 144590
T0001301,A00074,M015,09/21/2024, -121.88 ,  PURCHASE 977418  
T0001890,A00007,M026,12-Jun-2025,(161.50),PURCHASE 538838
T0000296,A00093,M010,04/01/2025, -141.58 ,  PURCHASE 901561  
T0001519,A00002,M031,04/11/25,"4,002.90",PAYROLL DEP 858422
T0003164,A00046,M022,10/19/2024, $-120.37 ,PURCHASE 414737
T0000273,A00039,M028,2025-05-16,$-193.80,PURCHASE 428096
T0000730,A00015,M010,04/30/2024,-303.22,PURCHASE 274006
T0002428,A00078,M030,04-Apr-2024,$(21.57),PURCHASE 569488
T0001689,A00008,M031,01/06/24,"3,969.78",  PAYROLL DEP 943272  
T0000471,A00058,M014,05-Jun-2025, $(203.74) ,PURCHASE 712916
T0003124,A00056,M016,09/18/24,-372.39,PURCHASE 465941
T0001357,A00093,M001,30-Dec-2024,$-382.95,PURCHASE 965565
T0002114,A00070,M002,27-Apr-2025,-121.84,PURCHASE 575017
T0003132,A00056,M017,08-Jul-2024,$(226.07),  PURCHASE 783318  
T0002503,A00050,,01/04/25,(62.11),PURCHASE 736825
T0001643,A00071,M005,20-Mar-2025,(365.19),PURCHASE 498049
T0001243,A00049,M012,2024-05-24, -220.12 ,  PURCHASE 101150  
T0000529,A00049,M030,12/06/24,(243.18),PURCHASE 860247
T0000746,A00021,M007,06/22/2024,-269.02,PURCHASE 300368
T0002929,A00033,M029,20-Apr-2025,-130.70,  PURCHASE 399337  
T0001398,A00023,M003,02/10/2024,-276.22,  PURCHASE 473397  
T0001743,A00025,M003,08/15/2024,$-269.03,  PURCHASE 414388  
T0001916,A00046,M031,05/07/25,"2,908.89",PAYROLL DEP 333470
T0001071,A00044,M022,19-Jan-2025,-126.60,  PURCHASE 995695  
T0001034,A00091,M025,07/28/2024, $-370.03 ,PURCHASE 596741
T0003041,A00028,M027,2024-04-17,$-312.34,PURCHASE 581421
T0001812,A00079,M024,02/14/25,-170.52,  PURCHASE 481111  
T0002552,A00020,M028,07/09/2024,,PURCHASE 671805
T0000428,A00015,M027,2025-02-03,-395.48,PURCHASE 317273
T0001050,A00075,M020,05/24/2024,-285.69,PURCHASE 412042
T0000029,A00044,M013,23-Jan-2025,$-344.26,PURCHASE 463188
T0001090,A00052,M014,09/24/2024,-74.57,PURCHASE 345224
T0000914,A00041,M005,06/05/24, -211.74 ,PURCHASE 616137
T0001649,A00090,M007,2025-03-11, $-24.59 ,PURCHASE 603760
T0001368,A00010,M026,10/29/2024,-354.99,  PURCHASE 372585  
T0001905,A00065,M004,07-Jul-2024,(168.13),  PURCHASE 770356  
T0002296,A00027,M031,05/27/25,-202.68,PURCHASE 303997
T0003148,A00091,M026,05/29/2025,(89.16),PURCHASE 484976
T0002746,A00090,M014,16-Jun-2024,(227.71),PURCHASE 315860
T0000536,A00048,M023,02/25/2024,-129.80,PURCHASE 319955
T0000394,A00073,M028,26-Mar-2025,-248.81,PURCHASE 815903
T0002135,A00041,M005,04/14/24, $-297.63 ,  PURCHASE 807985  
T0001383,A00051,M008,04-May-2024,-331.29,PURCHASE 597350
T0000767,A00021,M009,07-Jul-2024,(303.90),PURCHASE 698626
T0000419,A00050,M019,09/16/24,(37.10),PURCHASE 512045
T0000915,A00026,M007,07/23/2024,$-98.70,PURCHASE 969307
T0000843,A00067,M008,03/29/25,-231.51,PURCHASE 357269
T0001953,A00012,M022,04/10/25,-354.13,PURCHASE 285647
T0001795,A00012,M031,06/04/2024,"3,055.61",  PAYROLL DEP 284239  
T0000573,A00013,M013,28-Jan-2025,$(170.15),PURCHASE 929053
T0001547,A00008,M020,24-Sep-2024,-170.08,PURCHASE 956114
T0000633,A00090,M007,11/21/24,-85.20,PURCHASE 279453
T0002156,A00042,M029,10-Jun-2025,$(402.10),  PURCHASE 428144  
T0001085,A00041,M031,2024-04-01,$-391.39,PURCHASE 589887
T0001428,A00075,,06/29/2024,-147.26,  PURCHASE 587219  
T0001279,A00041,M017,03/09/25,-148.95,PURCHASE 636294
T0002280,A00088,M027,05/10/24,-389.95,  PURCHASE 928517  
T0000166,A00009,M015,,$-134.80,  PURCHASE 675771  
T0002414,A00087,M031,03/20/2025,-317.18,PURCHASE 208420
T0002907,A00086,M013,19-Feb-2024,-272.38,PURCHASE 125204
T0002295,A00024,M014,03/10/25,-215.00,PURCHASE 892920
T0000692,A00086,M015,30-Mar-2025,-6.70,PURCHASE 707723
T0002753,A00058,M012,05/17/2024,$-372.08,PURCHASE 807215
T0001723,A00031,M010,06/25/25,-248.48,PURCHASE 226158
T0000427,A00090,M024,01/22/24,$-83.15,  PURCHASE 731347  
T0001375,A00083,M023,14-Dec-2024,$-38.44,PURCHASE 508800
T0002391,A00072,M012,01/17/25,$-416.59,PURCHASE 495908
T0000706,A00078,M015,04/09/25,-76.69,PURCHASE 150633
T0002615,A00026,M005,21-Aug-2024,-319.41,PURCHASE 160078
T0002946,A00034,M023,08/12/24,(22.32),PURCHASE 196757
T0002475,A00073,M017,2024-03-28,-144.73,PURCHASE 491242
T0000100,A00030,M012,2024-06-16,$-221.09,PURCHASE 381819
T0001979,A00061,,30-Mar-2025,-71.75,PURCHASE 216076
T0002141,A00077,M006,06/20/24,-385.79,PURCHASE 925908
T0001237,A00061,M010,07/17/2024, -130.92 ,PURCHASE 580747
T0002988,A00090,M002,06/11/25,-341.51,PURCHASE 630830
T0000968,A00078,M030,2024-07-02,$-80.90,PURCHASE 625245
T0002164,A00034,M010,2024-07-09,$(344.68),PURCHASE 829604
T0001601,A00079,M006,04/12/2024,$(109.24),PURCHASE 925120
T0000574,A00067,M018,30-Oct-2024,$-52.67,PURCHASE 391248
T0000824,A00002,M012,10/29/2024,$-131.03,  PURCHASE 516869  
T0002623,A00036,M002,11-Mar-2025,(147.91),PURCHASE 292101
T0002469,A00064,M020,05/14/2024,-70.53,PURCHASE 931669
T0000535,A00029,M022,02/05/25,$-200.42,  PURCHASE 304568  
T0001235,A00083,M012,12/14/24,-164.76,PURCHASE 120155
T0002048,A00083,M007,02/18/2025,(284.00),PURCHASE 588850
T0001172,A00005,M020,2024-05-28,$(43.60),PURCHASE 694772
T0001668,A00064,M019,01/30/25,$(89.74),PURCHASE 412318
T0002529,A00023,M021,11/12/24,-14.60,PURCHASE 959879
T0000085,A00085,M009,02/25/25,$-364.56,PURCHASE 898462
T0000989,A00015,M020,06/22/2025,$-121.61,PURCHASE 200789
T0001189,A00012,M015,01/11/25,(144.17),PURCHASE 261652
T0003053,A00077,M009,2025-06-18,-10.41,PURCHASE 738715
T0002011,A00012,M030,03/25/2025,(64.11),PURCHASE 895262
T0002199,A00054,M019,03/24/24,-360.06,PURCHASE 904725
T0000387,A00018,M013,11/16/24,-107.78,PURCHASE 641300
T0000591,A00008,M020,03/16/2024, $-365.99 ,PURCHASE 953238
T0001588,A00039,M012,04-Jan-2024,(24.83),  PURCHASE 419014  
T0001900,A00090,,11-May-2025,$-209.50,PURCHASE 381858
T0001739,A00028,M007,06/17/2025,-69.65,PURCHASE 662361
T0002883,A00072,M009,04/28/2024,(41.33),PURCHASE 430876
T0000386,A00034,M009,07-Apr-2024,$-31.05,PURCHASE 416509
T0001068,A00032,M025,06/24/2025,-83.93,PURCHASE 243125
T0002873,A00012,M021,2024-04-16,-284.18,PURCHASE 112458
T0001208,A00053,M031,01/07/2025,"4,529.69",  PAYROLL DEP 124509  
T0000594,A00014,M017,2024-10-05, -160.44 ,PURCHASE 962458
T0001996,A00058,M011,11-Sep-2024,-42.96,PURCHASE 622879
T0001165,A00005,M010,09/11/24,$-284.14,PURCHASE 916872
T0001020,A00072,M011,15-Jan-2024,-89.04,PURCHASE 531097
T0003102,A00023,M001,11-Jan-2024,-110.21,PURCHASE 502080
T0000298,A00072,M029,12/04/2024,$(138.43),PURCHASE 395968
T0002522,A00017,M029,2024-12-04,(123.10),PURCHASE 237989
T0001815,A00040,M010,2024-04-14,-216.24,PURCHASE 535849
T0002043,A00076,M026,01/26/24,-247.97,  PURCHASE 318760  
T0002140,A00014,M015,06/29/25,$(371.39),  PURCHASE 954056  
T0002837,A00015,M007,10/01/24,-331.33,PURCHASE 969535
T0000251,A00065,M018,12/11/24,-419.35,PURCHASE 489776
T0002161,A00011,M029,31-Mar-2024,-19.17,PURCHASE 164100
T0001783,A00009,M016,2024-08-20,$-381.21,PURCHASE 759434
T0001318,A00008,M023,2025-05-02,-209.50,PURCHASE 291760
T0001023,A00027,M015,2024-11-06,-86.79,PURCHASE 559411
T0001669,A00048,M024,10/11/2024,(244.09),PURCHASE 315078
T0000839,A00086,M011,05/26/25,-149.70,PURCHASE 857009
T0002325,A00047,M009,02-Dec-2024, (312.31) ,PURCHASE 408460
T0001123,A00060,M006,02/24/2024,$-302.53,PURCHASE 564412
T0000820,A00050,M029,06/16/25,-114.22,PURCHASE 992074
T0001078,A00083,M026,05/29/2024,-223.39,PURCHASE 380019
T0000883,A00037,M013,02/10/2024,-200.16,PURCHASE 562355
T0002139,A00038,M002,01/25/2025,$-383.03,PURCHASE 651521
T0002617,A00087,M024,05/10/2024,-39.61,PURCHASE 779054
T0000344,A00059,M010,06-Dec-2024,-180.60,PURCHASE 184891
T0001440,A00065,M017,2024-07-02,$-218.51,PURCHASE 911735
T0001274,A00038,M031,02/16/2024," 4,930.63 ",  PAYROLL DEP 585610  
T0002192,A00019,M026,04/17/2025,$-121.66,PURCHASE 846165
T0002359,A00082,M015,04/15/2025,$(102.75),PURCHASE 361001
T0000110,A00083,M023,07-Nov-2024,$-254.58,PURCHASE 515492
T0000791,A00020,M021,2024-02-22, -33.46 ,PURCHASE 727356
T0000085,A00085,M009,02/25/25,$-364.56,PURCHASE 898462
T0002711,A00040,M010,2024-04-07,$-3.95,  PURCHASE 256234  
T0000220,A00005,M025,2024-10-08, -384.97 ,PURCHASE 601554
T0001629,A00020,M019,17-Mar-2024, -269.41 ,PURCHASE 343396
T0001674,A00037,M031,2024-10-15,"3,715.40",  PAYROLL DEP 617602  
T0002987,A00007,M031,11/28/24," $4,269.36 ",PAYROLL DEP 912418
T0002850,A00045,M011,06/27/24,-109.72,PURCHASE 986840
T0002948,A00068,M029,02/15/2024,$-367.77,PURCHASE 967262
T0001315,A00051,M021,02/28/24,$-157.37,PURCHASE 906965
T0000357,A00071,M028,02/11/25,(181.33),PURCHASE 688285
T0002085,A00019,M031,10-Oct-2024,$-21.02,PURCHASE 908646
T0003130,A00088,M008,06/21/25,$(118.59),PURCHASE 860589
T0003012,A00020,M003,2025-02-17,(363.51),PURCHASE 474970
T0002243,A00090,M001,19-May-2025,$-226.62,  PURCHASE 887704  
T0000759,A00042,M013,03/21/25,-275.74,PURCHASE 542223
T0001780,A00057,M029,05-Jan-2024,-256.93,PURCHASE 329054
T0000071,A00049,M026,04-Mar-2025,-406.83,PURCHASE 360289
T0003172,A00058,M013,21-Apr-2024,-74.05,PURCHASE 745653
T0001506,A00039,M027,01/21/2024,$-355.88,PURCHASE 276894
T0002375,A00091,M019,2024-07-05,$(278.90),  PURCHASE 501630  
T0002800,A00010,M025,05/16/25,-265.38,PURCHASE 599219
T0003100,A00076,M024,05/02/24,-244.18,PURCHASE 394192
T0000515,A00087,M021,01/12/2025,-163.68,PURCHASE 840880
T0001612,A00084,M023,06/16/25,(217.46),  PURCHASE 276491  
T0000376,A00073,M026,10/06/24,-271.48,  PURCHASE 392438  
T0001193,A00041,M029,12/04/24,-130.43,PURCHASE 172481
T0003169,A00075,M014,06/15/25, -172.46 ,PURCHASE 934174
T0002069,A00019,M028,01/10/24, $-3.60 ,  PURCHASE 509955  
T0003186,A00058,M009,2024-01-17,-283.54,PURCHASE 702921
T0000943,A00026,M010,2024-08-25,$(58.55),PURCHASE 798258
T0000942,A00014,M022,03/29/24,-84.95,  PURCHASE 788141  
T0002577,A00065,M003,04/22/24,-70.31,PURCHASE 282072
T0002805,A00045,M019,03/28/25,-232.83,PURCHASE 431068
T0002813,A00086,M026,12/02/24, -315.23 ,PURCHASE 435708
T0001412,A00008,M030,04/23/24,(226.94),PURCHASE 894241
T0002889,A00045,M027,10/12/2024,$-326.67,PURCHASE 232227
T0002493,A00004,M014,2025-05-25,$-21.34,PURCHASE 566762
T0002632,A00014,M011,28-Feb-2025,$(245.49),PURCHASE 851960
T0002616,A00050,M002,10-May-2025, -348.55 ,  PURCHASE 533696  
T0001481,A00086,M007,09-Jun-2024, $-106.11 ,PURCHASE 492418
T0000375,A00024,M029,04/14/24,-410.76,PURCHASE 228725
T0002876,A00022,M014,05-Feb-2024,-212.32,  PURCHASE 982620  
T0000309,A00022,M024,03/22/24,$-222.51,PURCHASE 739705
T0001715,A00044,M027,06/12/2024, -295.02 ,  PURCHASE 162782  
T0002421,A00027,M014,28-Oct-2024,(89.81),PURCHASE 725633
T0002940,A00012,M023,11/08/2024,(216.10),PURCHASE 611092
T0001380,A00065,M028,15-Dec-2024,-226.67,PURCHASE 183662
T0000619,A00060,M013,16-Jul-2024,$-348.51,PURCHASE 282155
T0002013,A00029,M001,2025-05-07,$-358.33,PURCHASE 453386
T0001998,A00034,M017,14-May-2024,-336.93,PURCHASE 962239
T0001258,A00090,M022,02/04/25,-130.67,PURCHASE 733883
T0002665,A00066,M029,02-Nov-2024,$-146.49,  PURCHASE 415257  
T0000238,A00060,M006,03/14/24,-83.14,PURCHASE 361055
T0000916,A00032,M012,15-Oct-2024,-216.04,PURCHASE 372988
T0000577,A00049,M009,01/26/25,-365.80,PURCHASE 709918
T0000912,A00071,M014,2024-12-31,$-146.27,PURCHASE 828326
T0003021,A00057,M028,21-Feb-2024,$-322.63,PURCHASE 700809
T0002586,A00046,M025,2025-04-18,-161.76,PURCHASE 133995
T0002734,A00087,M031,2024-09-12,"1,848.30",PAYROLL DEP 445715
T0002984,A00027,M010,2024-07-18,-378.77,PURCHASE 541149
T0001557,A00019,M001,04/30/2024,-417.69,PURCHASE 665840
T0002499,A00027,M026,2025-03-05,$-204.40,PURCHASE 829525
T0002544,A00090,M003,11/27/2024,(98.72),PURCHASE 346766
T0000400,A00089,M023,06/10/2024,-407.35,PURCHASE 434914
T0003145,A00086,M019,12/06/2024,-234.60,PURCHASE 559442
T0002639,A00084,M029,2025-02-08,-102.13,PURCHASE 135612
T0001439,A00040,M018,19-May-2025,$-232.53,PURCHASE 336293
T0000315,A00089,M013,02/23/2024,-201.59,PURCHASE 509018
T0001556,A00040,M002,,$(272.64),PURCHASE 940076
T0002647,A00037,M026,19-May-2024,-76.43,PURCHASE 151069
T0002877,A00032,M003,07-Aug-2024,-383.28,PURCHASE 775559
T0001802,A00084,,2024-02-22,"5,159.85",PAYROLL DEP 618381
T0002781,A00088,M019,01/18/2025,(150.28),PURCHASE 685079
T0000254,A00045,M009,30-Dec-2024, -156.07 ,PURCHASE 327999
T0002648,A00019,M025,2024-01-15,-125.55,PURCHASE 126817
T0002919,A00088,M016,2025-05-03,-168.67,PURCHASE 315773
T0001446,A00030,M031,05/03/24, -185.46 ,PURCHASE 685222
T0002520,A00037,M014,07/03/2024,-181.47,PURCHASE 233732
T0000070,A00075,M005,02/22/25,-267.10,PURCHASE 726979
T0002968,A00047,M013,04/18/24,(185.69),PURCHASE 944311
T0002771,A00071,M024,11/29/24,-309.88,PURCHASE 198164
T0001086,A00056,,06/17/24,(254.42),PURCHASE 802160
T0000409,A00084,M005,18-May-2025,-234.72,PURCHASE 292037
T0000124,A00031,M003,08/02/24,$-149.15,PURCHASE 274418
T0003030,A00045,M001,05/30/24,-44.95,PURCHASE 605071
T0001968,A00046,M023,04/05/24,-379.79,PURCHASE 793982
T0002690,A00006,M017,09/02/24,-403.44,PURCHASE 343236
T0001021,A00082,M012,05/29/24,$-81.40,PURCHASE 151310
T0002666,A00048,M031,04/07/2025,"2,062.24",PAYROLL DEP 768957
